Workbook

Sheet Sheet4
B2: ADEM DUMAN - 2021-2025
C3: HESAP ÖZETİ
B5: DÖNEM 1 Aylık Tutar | F5: =E9/12 -> 2000
C6: AÜ TL-Adet | E6: 2324 | F6: =E9/E6 -> 10.327022
C7: 28-02-2021 27-02-2022 DÖNEMİ
E8: tutar | F8: bakiye
C9: DÖNEM 1 Hesabı | E9: 24000 | F9: =E9 -> 24000
B10: 44250 | C10: Ödeme | E10: -2000 | F10: =F9+E10 -> 22000
A11: 1 | B11: 44285 | C11: Ödeme | E11: -2000 | F11: =F10+E11 -> 20000
A12: 2 | B12: 44316 | C12: Ödeme | E12: -2000 | F12: =F11+E12 -> 18000
A13: 3 | B13: 44346 | C13: Ödeme | E13: -1000 | F13: =F12+E13 -> 17000
A14: 4 | B14: 44377 | C14: Ödeme | E14: -3000 | F14: =F13+E14 -> 14000
A15: 5 | B15: 44407 | C15: Ödeme | E15: -4000 | F15: =F14+E15 -> 10000
A16: 6 | B16: 44788 | C16: Ödeme | E16: -10000 | F16: =F15+E16 -> 0
C17: 2021-22 Tutarı 24000 TL | F17: =F16+E17 -> 0
E18: Dönem Sonu Kalan BAKİYE | F18: =F17 -> 0
B20: DÖNEM 2 Aylık Tutar | F20: =E26/12 -> 3088
C21: AÜ | E21: 2825 | F21: =E26/E21 -> 13.117168
C22: 28-02-2022 27-02-2023 DÖNEMİ
E23: tutar | F23: bakiye
C24: DÖNEM 1 Hesabı 24000 | F24: =E24 -> 0
C25: DÖNEM 1 Ek Hesabı 13056 | F25: =F24+E25 -> 0
C26: DÖNEM 2 Hesabı | E26: 37056 | F26: =F25+E26 -> 37056
A27: 1 | B27: 44438 | C27: Nakit 2000 TL | E27: -2000 | F27: =F26+E27 -> 35056
A28: 2 | B28: 44469 | C28: Nakit 2000 TL | E28: -2000 | F28: =F27+E28 -> 33056
A29: 3 | B29: 44499 | C29: Nakit 2000 TL | E29: -2000 | F29: =F28+E29 -> 31056
A30: 4 | B30: 44530 | C30: Nakit 2000 TL | E30: -2000 | F30: =F29+E30 -> 29056
A31: 5 | B31: 44560 | C31: Nakit 2000 TL | E31: -2000 | F31: =F30+E31 -> 27056
A32: 6 | B32: 44591 | C32: Nakit 2000 TL | E32: -2000 | F32: =F31+E32 -> 25056
A33: 7 | B33: 44620 | C33: Nakit 3000 TL ödendi | E33: -3000 | F33: =F32+E33 -> 22056
A34: 8 | B34: 44650 | C34: Nakit 3000 TL | E34: -3000 | F34: =F33+E34 -> 19056
A35: 9 | B35: 44681 | C35: Nakit 3000 TL 10-05-2022 | E35: -5000 | F35: =F34+E35 -> 14056
A36: 10 | B36: 44711 | C36: Nakit 5000 TL | E36: -3000 | F36: =F35+E36 -> 11056
A37: 11 | B37: 44742 | C37: Nakit 5000 TL 05-07-2022 | E37: -4000 | F37: =F36+E37 -> 7056
A38: 12 | B38: 44772 | C38: Nakit 5000 TL 29-08-2022 | E38: -3000 | F38: =F37+E38 -> 4056
A39: 13 | C39: GECİKEN ÖDEME -------------- | E39: -2000 | F39: =F38+E39 -> 2056
A40: 14 | C40: GECİKEN ÖDEME -------------- | E40: -1000 | F40: =F39+E40 -> 1056
F41: =F40+E41 -> 1056
E42: Dönem Sonu Kalan BAKİYE | F42: =F41 -> 1056
B47: DÖNEM 3 Aylık Tutar | F47: =E53/12 -> 5190
C48: AÜ | E48: 4253 | F48: =E53/E48 -> 14.643781
C49: 28-02-2023 27-02-2024 DÖNEMİ
E50: tutar | F50: bakiye
C51: DÖNEM 2 Hesabı 36000 | F51: =E51 -> 0
C52: DÖNEM 2 Ek Hesabı 26280 | F52: =F51+E52 -> 0
C53: DÖNEM 3 Hesabı | E53: 62280 | F53: =F52+E53 -> 62280
A54: 1 | B54: 44803 | C54: Nakit 3000 TL | E54: -3000 | F54: =F53+E54 -> 59280
A55: 2 | B55: 44834 | C55: Nakit 3000 TL 4-10-2022 | E55: -3000 | F55: =F54+E55 -> 56280
A56: 3 | B56: 44864 | C56: Nakit 3000 TL | E56: -3000 | F56: =F55+E56 -> 53280
A57: 4 | B57: 44895 | C57: Nakit 3000 TL 8-12-2022 | E57: -3000 | F57: =F56+E57 -> 50280
A58: 5 | B58: 44925 | C58: Nakit 3000 TL | E58: -3000 | F58: =F57+E58 -> 47280
A59: 6 | B59: 44956 | C59: bankadan 06-02-2023 | E59: -6000 | F59: =F58+E59 -> 41280
A60: 7 | B60: 44985 | C60: Nakit 6500 TL 02-03-2023 | E60: -6500 | F60: =F59+E60 -> 34780
A61: 8 | B61: 45015 | C61: Nakit 6500 TL | E61: -6500 | F61: =F60+E61 -> 28280
A62: 9 | B62: 45046 | C62: Nakit 6500 TL | E62: -6500 | F62: =F61+E62 -> 21780
A63: 10 | B63: 45076 | C63: Nakit 6500 TL 03-06-2023 | E63: -6500 | F63: =F62+E63 -> 15280
A64: 11 | B64: 45107 | C64: Nakit 6500 TL | E64: -6500 | F64: =F63+E64 -> 8780
A65: 12 | B65: 45137 | C65: Nakit 6500 TL | E65: -6500 | F65: =F64+E65 -> 2280
F66: =F65+E66 -> 2280
E67: Dönem Sonu Kalan BAKİYE | F67: =F66 -> 2280
B69: DÖNEM 4 Aylık Tutar | F69: =E75/12 -> 10750
C70: AÜ | E70: 8506 | F70: =E75/E70 -> 15.165765
C71: 28-02-2024 27-02-2025 DÖNEMİ
E72: tutar | F72: bakiye
C73: DÖNEM 2 Hesabı 60000 | F73: =E73 -> 0
C74: DÖNEM 2 Ek Hesabı 69000 | F74: =F73+E74 -> 0
C75: DÖNEM 3 Hesabı | E75: 129000 | F75: =F74+E75 -> 129000
A76: 1 | B76: 45168 | C76: Nakit 6500 TL | E76: -6500 | F76: =F75+E76 -> 122500
A77: 2 | B77: 45199 | C77: Nakit 6500 TL 05-10-2023 | E77: -6500 | F77: =F76+E77 -> 116000
A78: 3 | B78: 45229 | C78: Nakit 6500 TL | E78: -6500 | F78: =F77+E78 -> 109500
A79: 4 | B79: 45260 | C79: Nakit 6500 TL | E79: -6500 | F79: =F78+E79 -> 103000
A80: 5 | B80: 45290 | C80: Nakit 6500 TL | E80: -6500 | F80: =F79+E80 -> 96500
A81: 6 | B81: 45321 | C81: Nakit 6500 TL 06-02-2024 | E81: -6500 | F81: =F80+E81 -> 90000
A82: 7 | B82: 45350 | C82: Nakit 15000 TL 07-03-2024 | E82: -6500 | F82: =F81+E82 -> 83500
A83: 8 | B83: 45381 | C83: Nakit 15000 TL 04-04-2024 | E83: -15000 | F83: =F82+E83 -> 68500
A84: 9 | B84: 45412 | C84: Nakit 15000 TL | E84: -15000 | F84: =F83+E84 -> 53500
A85: 10 | B85: 45442 | C85: Nakit 15000 TL | E85: -15000 | F85: =F84+E85 -> 38500
A86: 11 | B86: 45473 | C86: bankadan 15000 TL 08-07-2024 | E86: -15000 | F86: =F85+E86 -> 23500
A87: 12 | B87: 45503 | C87: Nakit 15000 TL | F87: =F86+E87 -> 23500
F88: =F87+E88 -> 23500
E89: Dönem Sonu Kalan BAKİYE | F89: =F88 -> 23500

Sheet Senet Borçlu Alacaklı Giriş
B1: Alacaklı Adı Soyadı / Unvanı | C1: HACI MURAT BALCI
B2: İl | C2: TOKAT
A4: BORÇLU | B4: Kişilik | C4: Gerçek Kişi
B5: Adı Soyadı / Unvanı | C5: Adem Duman
B6: Adresi | C6: Hızarhane Cad. No:5 TOKAT
B7: Vergi Dairesi | C7: Tokat
B8: Vergi No/TC Kimlik No | C8: 341 3267 6260
A9: KEFİL | B9: Adı Soyadı / Unvanı | C9: Adem Duman
B10: Adresi | C10: Esentepe Mah. Şehit Ulaşar Cad. Belde Sitesi B Blk. K1: D:3 TOKAT
B11: Vergi Dairesi | C11: Tokat
B12: Vergi No/TC Kimlik No | C12: 341 3267 6260

Sheet Senet Taksit Giriş
B2: Senet No | C2: Düzenleme Tarihi | D2: Vade Tarihi | E2: Tutarı Rakamla | F2: Tutarı Yazıyla | G2: Borcun Nedeni | H2: Senet Mühteviyatı
B3: 1 | C3: 45503 | D3: 45534 | E3: 17000 | F3: =PROPER(IF(IF(LEN(SUBSTITUTE(ROUND(E3,2), ",", ""))=LEN(ROUND(E3,2)),ROUND(E3,2),TRIM(LEFT(ROUND(E3,2),FIND(",",ROUND(E3,2))-1)))*1>=10^6,CHOOSE(LEFT(RIGHT(IF(LEN(SUBSTITUTE(ROUND(E3,2), ",", ""))=LEN(ROUND(E3,2)),ROUND(E3,2),TRIM(LEFT(ROUND(E3,2),FIND(",",ROUND(E3,2))-1)))*1,7),1)+1,"","birmilyon","ikimilyon","üçmilyon","dörtmilyon","beşmilyon","altımilyon","yedimilyon","sekizmilyon","dokuzmilyon"),"")&IF(IF(LEN(SUBSTITUTE(ROUND(E3,2), ",", ""))=LEN(ROUND(E3,2)),ROUND(E3,2),TRIM(LEFT(ROUND(E3,2),FIND(",",ROUND(E3,2))-1)))*1>=10^5,CHOOSE(LEFT(RIGHT(IF(LEN(SUBSTITUTE(ROUND(E3,2), ",", ""))=LEN(ROUND(E3,2)),ROUND(E3,2),TRIM(LEFT(ROUND(E3,2),FIND(",",ROUND(E3,2))-1)))*1,6),1)+1,"","yüz","ikiyüz","üçyüz","dörtyüz","beşyüz","altıyüz","yediyüz","sekizyüz","dokuzyüz"),"")&IF(IF(LEN(SUBSTITUTE(ROUND(E3,2), ",", ""))=LEN(ROUND(E3,2)),ROUND(E3,2),TRIM(LEFT(ROUND(E3,2),FIND(",",ROUND(E3,2))-1)))*1>=10^4,CHOOSE(LEFT(RIGHT(IF(LEN(SUBSTITUTE(ROUND(E3,2), ",", ""))=LEN(ROUND(E3,2)),ROUND(E3,2),TRIM(LEFT(ROUND(E3,2),FIND(",",ROUND(E3,2))-1)))*1,5),1)+1,"","on","yirmi","otuz","kırk","elli","altmış","yetmiş","seksen","doksan"),"")&IF(IF(LEN(SUBSTITUTE(ROUND(E3,2), ",", ""))=LEN(ROUND(E3,2)),ROUND(E3,2),TRIM(LEFT(ROUND(E3,2),FIND(",",ROUND(E3,2))-1)))*1>=10^3,CHOOSE(LEFT(RIGHT(IF(LEN(SUBSTITUTE(ROUND(E3,2), ",", ""))=LEN(ROUND(E3,2)),ROUND(E3,2),TRIM(LEFT(ROUND(E3,2),FIND(",",ROUND(E3,2))-1)))*1,4),1)+1,"","","iki","üç","dört","beş","altı","yedi","sekiz","dokuz"),"")&IF(AND(IF(LEN(SUBSTITUTE(ROUND(E3,2), ",", ""))=LEN(ROUND(E3,2)),ROUND(E3,2),TRIM(LEFT(ROUND(E3,2),FIND(",",ROUND(E3,2))-1)))*1>=10^3,VALUE(LEFT(RIGHT(IF(LEN(SUBSTITUTE(ROUND(E3,2), ",", ""))=LEN(ROUND(E3,2)),ROUND(E3,2),TRIM(LEFT(ROUND(E3,2),FIND(",",ROUND(E3,2))-1)))*1,6),3))>0),IF(AND(IF(LEN(SUBSTITUTE(ROUND(E3,2), ",", ""))=LEN(ROUND(E3,2)),ROUND(E3,2),TRIM(LEFT(ROUND(E3,2),FIND(",",ROUND(E3,2))-1)))*1>1999,LEFT(RIGHT(IF(LEN(SUBSTITUTE(ROUND(E3,2), ",", ""))=LEN(ROUND(E3,2)),ROUND(E3,2),TRIM(LEFT(ROUND(E3,2),FIND(",",ROUND(E3,2))-1)))*1,4),1)="1",LEFT(RIGHT(IF(LEN(SUBSTITUTE(ROUND(E3,2), ",", ""))=LEN(ROUND(E3,2)),ROUND(E3,2),TRIM(LEFT(ROUND(E3,2),FIND(",",ROUND(E3,2))-1)))*1,6),2)<>"00"),"birbin","bin"),"")&IF(IF(LEN(SUBSTITUTE(ROUND(E3,2), ",", ""))=LEN(ROUND(E3,2)),ROUND(E3,2),TRIM(LEFT(ROUND(E3,2),FIND(",",ROUND(E3,2))-1)))*1>=100,CHOOSE(LEFT(RIGHT(IF(LEN(SUBSTITUTE(ROUND(E3,2), ",", ""))=LEN(ROUND(E3,2)),ROUND(E3,2),TRIM(LEFT(ROUND(E3,2),FIND(",",ROUND(E3,2))-1)))*1,3),1)+1,"","yüz","ikiyüz","üçyüz","dörtyüz","beşyüz","altıyüz","yediyüz","sekizyüz","dokuzyüz"),"")&IF(IF(LEN(SUBSTITUTE(ROUND(E3,2), ",", ""))=LEN(ROUND(E3,2)),ROUND(E3,2),TRIM(LEFT(ROUND(E3,2),FIND(",",ROUND(E3,2))-1)))*1>=10,CHOOSE(LEFT(RIGHT(IF(LEN(SUBSTITUTE(ROUND(E3,2), ",", ""))=LEN(ROUND(E3,2)),ROUND(E3,2),TRIM(LEFT(ROUND(E3,2),FIND(",",ROUND(E3,2))-1)))*1,2),1)+1,"","on","yirmi","otuz","kırk","elli","altmış","yetmiş","seksen","doksan"),"")&CHOOSE(MOD(IF(LEN(SUBSTITUTE(ROUND(E3,2), ",", ""))=LEN(ROUND(E3,2)),ROUND(E3,2),TRIM(LEFT(ROUND(E3,2),FIND(",",ROUND(E3,2))-1)))*1,10)+1,"","bir","iki","üç","dört","beş","altı","yedi","sekiz","dokuz")) & " TL " & IF(OR(LEN(SUBSTITUTE(E3, ",", ""))=LEN(E3),LEN(SUBSTITUTE(ROUND(E3,2), ",", ""))=LEN(ROUND(E3,2))),"", PROPER(IF(IF(LEN(TRIM(RIGHT(ROUND(E3,2),LEN(ROUND(E3,2))-FIND(",",ROUND(E3,2)))))<2,TRIM(RIGHT(ROUND(E3,2),LEN(ROUND(E3,2))-FIND(",",ROUND(E3,2))))*10,TRIM(RIGHT(ROUND(E3,2),LEN(ROUND(E3,2))-FIND(",",ROUND(E3,2))))*1)>=10^5,CHOOSE(LEFT(RIGHT(IF(LEN(TRIM(RIGHT(ROUND(E3,2),LEN(ROUND(E3,2))-FIND(",",ROUND(E3,2)))))<2,TRIM(RIGHT(ROUND(E3,2),LEN(ROUND(E3,2))-FIND(",",ROUND(E3,2))))*10,TRIM(RIGHT(ROUND(E3,2),LEN(ROUND(E3,2))-FIND(",",ROUND(E3,2))))*1),6),1)+1,"","yüz","ikiyüz","üçyüz","dörtyüz","beşyüz","altıyüz","yediyüz","sekizyüz","dokuzyüz"),"")&IF(IF(LEN(TRIM(RIGHT(ROUND(E3,2),LEN(ROUND(E3,2))-FIND(",",ROUND(E3,2)))))<2,TRIM(RIGHT(ROUND(E3,2),LEN(ROUND(E3,2))-FIND(",",ROUND(E3,2))))*10,TRIM(RIGHT(ROUND(E3,2),LEN(ROUND(E3,2))-FIND(",",ROUND(E3,2))))*1)>=10^4,CHOOSE(LEFT(RIGHT(IF(LEN(TRIM(RIGHT(ROUND(E3,2),LEN(ROUND(E3,2))-FIND(",",ROUND(E3,2)))))<2,TRIM(RIGHT(ROUND(E3,2),LEN(ROUND(E3,2))-FIND(",",ROUND(E3,2))))*10,TRIM(RIGHT(ROUND(E3,2),LEN(ROUND(E3,2))-FIND(",",ROUND(E3,2))))*1),5),1)+1,"","on","yirmi","otuz","kırk","elli","altmış","yetmiş","seksen","doksan"),"")&IF(IF(LEN(TRIM(RIGHT(ROUND(E3,2),LEN(ROUND(E3,2))-FIND(",",ROUND(E3,2)))))<2,TRIM(RIGHT(ROUND(E3,2),LEN(ROUND(E3,2))-FIND(",",ROUND(E3,2))))*10,TRIM(RIGHT(ROUND(E3,2),LEN(ROUND(E3,2))-FIND(",",ROUND(E3,2))))*1)>=10^3,CHOOSE(LEFT(RIGHT(IF(LEN(TRIM(RIGHT(ROUND(E3,2),LEN(ROUND(E3,2))-FIND(",",ROUND(E3,2)))))<2,TRIM(RIGHT(ROUND(E3,2),LEN(ROUND(E3,2))-FIND(",",ROUND(E3,2))))*10,TRIM(RIGHT(ROUND(E3,2),LEN(ROUND(E3,2))-FIND(",",ROUND(E3,2))))*1),4),1)+1,"","","iki","üç","dört","beş","altı","yedi","sekiz","dokuz"),"")&IF(IF(LEN(TRIM(RIGHT(ROUND(E3,2),LEN(ROUND(E3,2))-FIND(",",ROUND(E3,2)))))<2,TRIM(RIGHT(ROUND(E3,2),LEN(ROUND(E3,2))-FIND(",",ROUND(E3,2))))*10,TRIM(RIGHT(ROUND(E3,2),LEN(ROUND(E3,2))-FIND(",",ROUND(E3,2))))*1)>=10,CHOOSE(LEFT(RIGHT(IF(LEN(TRIM(RIGHT(ROUND(E3,2),LEN(ROUND(E3,2))-FIND(",",ROUND(E3,2)))))<2,TRIM(RIGHT(ROUND(E3,2),LEN(ROUND(E3,2))-FIND(",",ROUND(E3,2))))*10,TRIM(RIGHT(ROUND(E3,2),LEN(ROUND(E3,2))-FIND(",",ROUND(E3,2))))*1),2),1)+1,"","on","yirmi","otuz","kırk","elli","altmış","yetmiş","seksen","doksan"),"")&CHOOSE(MOD(IF(LEN(TRIM(RIGHT(ROUND(E3,2),LEN(ROUND(E3,2))-FIND(",",ROUND(E3,2)))))<2,TRIM(RIGHT(ROUND(E3,2),LEN(ROUND(E3,2))-FIND(",",ROUND(E3,2))))*10,TRIM(RIGHT(ROUND(E3,2),LEN(ROUND(E3,2))-FIND(",",ROUND(E3,2))))*1),10)+1,"","bir","iki","üç","dört","beş","altı","yedi","sekiz","dokuz")) & " Kr") -> Onyedibin TL | G3: NAKDEN | H3: 1. Taksit
B4: 2 | C4: 45503 | D4: 45565 | E4: 17000 | F4: =PROPER(IF(IF(LEN(SUBSTITUTE(ROUND(E4,2), ",", ""))=LEN(ROUND(E4,2)),ROUND(E4,2),TRIM(LEFT(ROUND(E4,2),FIND(",",ROUND(E4,2))-1)))*1>=10^6,CHOOSE(LEFT(RIGHT(IF(LEN(SUBSTITUTE(ROUND(E4,2), ",", ""))=LEN(ROUND(E4,2)),ROUND(E4,2),TRIM(LEFT(ROUND(E4,2),FIND(",",ROUND(E4,2))-1)))*1,7),1)+1,"","birmilyon","ikimilyon","üçmilyon","dörtmilyon","beşmilyon","altımilyon","yedimilyon","sekizmilyon","dokuzmilyon"),"")&IF(IF(LEN(SUBSTITUTE(ROUND(E4,2), ",", ""))=LEN(ROUND(E4,2)),ROUND(E4,2),TRIM(LEFT(ROUND(E4,2),FIND(",",ROUND(E4,2))-1)))*1>=10^5,CHOOSE(LEFT(RIGHT(IF(LEN(SUBSTITUTE(ROUND(E4,2), ",", ""))=LEN(ROUND(E4,2)),ROUND(E4,2),TRIM(LEFT(ROUND(E4,2),FIND(",",ROUND(E4,2))-1)))*1,6),1)+1,"","yüz","ikiyüz","üçyüz","dörtyüz","beşyüz","altıyüz","yediyüz","sekizyüz","dokuzyüz"),"")&IF(IF(LEN(SUBSTITUTE(ROUND(E4,2), ",", ""))=LEN(ROUND(E4,2)),ROUND(E4,2),TRIM(LEFT(ROUND(E4,2),FIND(",",ROUND(E4,2))-1)))*1>=10^4,CHOOSE(LEFT(RIGHT(IF(LEN(SUBSTITUTE(ROUND(E4,2), ",", ""))=LEN(ROUND(E4,2)),ROUND(E4,2),TRIM(LEFT(ROUND(E4,2),FIND(",",ROUND(E4,2))-1)))*1,5),1)+1,"","on","yirmi","otuz","kırk","elli","altmış","yetmiş","seksen","doksan"),"")&IF(IF(LEN(SUBSTITUTE(ROUND(E4,2), ",", ""))=LEN(ROUND(E4,2)),ROUND(E4,2),TRIM(LEFT(ROUND(E4,2),FIND(",",ROUND(E4,2))-1)))*1>=10^3,CHOOSE(LEFT(RIGHT(IF(LEN(SUBSTITUTE(ROUND(E4,2), ",", ""))=LEN(ROUND(E4,2)),ROUND(E4,2),TRIM(LEFT(ROUND(E4,2),FIND(",",ROUND(E4,2))-1)))*1,4),1)+1,"","","iki","üç","dört","beş","altı","yedi","sekiz","dokuz"),"")&IF(AND(IF(LEN(SUBSTITUTE(ROUND(E4,2), ",", ""))=LEN(ROUND(E4,2)),ROUND(E4,2),TRIM(LEFT(ROUND(E4,2),FIND(",",ROUND(E4,2))-1)))*1>=10^3,VALUE(LEFT(RIGHT(IF(LEN(SUBSTITUTE(ROUND(E4,2), ",", ""))=LEN(ROUND(E4,2)),ROUND(E4,2),TRIM(LEFT(ROUND(E4,2),FIND(",",ROUND(E4,2))-1)))*1,6),3))>0),IF(AND(IF(LEN(SUBSTITUTE(ROUND(E4,2), ",", ""))=LEN(ROUND(E4,2)),ROUND(E4,2),TRIM(LEFT(ROUND(E4,2),FIND(",",ROUND(E4,2))-1)))*1>1999,LEFT(RIGHT(IF(LEN(SUBSTITUTE(ROUND(E4,2), ",", ""))=LEN(ROUND(E4,2)),ROUND(E4,2),TRIM(LEFT(ROUND(E4,2),FIND(",",ROUND(E4,2))-1)))*1,4),1)="1",LEFT(RIGHT(IF(LEN(SUBSTITUTE(ROUND(E4,2), ",", ""))=LEN(ROUND(E4,2)),ROUND(E4,2),TRIM(LEFT(ROUND(E4,2),FIND(",",ROUND(E4,2))-1)))*1,6),2)<>"00"),"birbin","bin"),"")&IF(IF(LEN(SUBSTITUTE(ROUND(E4,2), ",", ""))=LEN(ROUND(E4,2)),ROUND(E4,2),TRIM(LEFT(ROUND(E4,2),FIND(",",ROUND(E4,2))-1)))*1>=100,CHOOSE(LEFT(RIGHT(IF(LEN(SUBSTITUTE(ROUND(E4,2), ",", ""))=LEN(ROUND(E4,2)),ROUND(E4,2),TRIM(LEFT(ROUND(E4,2),FIND(",",ROUND(E4,2))-1)))*1,3),1)+1,"","yüz","ikiyüz","üçyüz","dörtyüz","beşyüz","altıyüz","yediyüz","sekizyüz","dokuzyüz"),"")&IF(IF(LEN(SUBSTITUTE(ROUND(E4,2), ",", ""))=LEN(ROUND(E4,2)),ROUND(E4,2),TRIM(LEFT(ROUND(E4,2),FIND(",",ROUND(E4,2))-1)))*1>=10,CHOOSE(LEFT(RIGHT(IF(LEN(SUBSTITUTE(ROUND(E4,2), ",", ""))=LEN(ROUND(E4,2)),ROUND(E4,2),TRIM(LEFT(ROUND(E4,2),FIND(",",ROUND(E4,2))-1)))*1,2),1)+1,"","on","yirmi","otuz","kırk","elli","altmış","yetmiş","seksen","doksan"),"")&CHOOSE(MOD(IF(LEN(SUBSTITUTE(ROUND(E4,2), ",", ""))=LEN(ROUND(E4,2)),ROUND(E4,2),TRIM(LEFT(ROUND(E4,2),FIND(",",ROUND(E4,2))-1)))*1,10)+1,"","bir","iki","üç","dört","beş","altı","yedi","sekiz","dokuz")) & " TL " & IF(OR(LEN(SUBSTITUTE(E4, ",", ""))=LEN(E4),LEN(SUBSTITUTE(ROUND(E4,2), ",", ""))=LEN(ROUND(E4,2))),"", PROPER(IF(IF(LEN(TRIM(RIGHT(ROUND(E4,2),LEN(ROUND(E4,2))-FIND(",",ROUND(E4,2)))))<2,TRIM(RIGHT(ROUND(E4,2),LEN(ROUND(E4,2))-FIND(",",ROUND(E4,2))))*10,TRIM(RIGHT(ROUND(E4,2),LEN(ROUND(E4,2))-FIND(",",ROUND(E4,2))))*1)>=10^5,CHOOSE(LEFT(RIGHT(IF(LEN(TRIM(RIGHT(ROUND(E4,2),LEN(ROUND(E4,2))-FIND(",",ROUND(E4,2)))))<2,TRIM(RIGHT(ROUND(E4,2),LEN(ROUND(E4,2))-FIND(",",ROUND(E4,2))))*10,TRIM(RIGHT(ROUND(E4,2),LEN(ROUND(E4,2))-FIND(",",ROUND(E4,2))))*1),6),1)+1,"","yüz","ikiyüz","üçyüz","dörtyüz","beşyüz","altıyüz","yediyüz","sekizyüz","dokuzyüz"),"")&IF(IF(LEN(TRIM(RIGHT(ROUND(E4,2),LEN(ROUND(E4,2))-FIND(",",ROUND(E4,2)))))<2,TRIM(RIGHT(ROUND(E4,2),LEN(ROUND(E4,2))-FIND(",",ROUND(E4,2))))*10,TRIM(RIGHT(ROUND(E4,2),LEN(ROUND(E4,2))-FIND(",",ROUND(E4,2))))*1)>=10^4,CHOOSE(LEFT(RIGHT(IF(LEN(TRIM(RIGHT(ROUND(E4,2),LEN(ROUND(E4,2))-FIND(",",ROUND(E4,2)))))<2,TRIM(RIGHT(ROUND(E4,2),LEN(ROUND(E4,2))-FIND(",",ROUND(E4,2))))*10,TRIM(RIGHT(ROUND(E4,2),LEN(ROUND(E4,2))-FIND(",",ROUND(E4,2))))*1),5),1)+1,"","on","yirmi","otuz","kırk","elli","altmış","yetmiş","seksen","doksan"),"")&IF(IF(LEN(TRIM(RIGHT(ROUND(E4,2),LEN(ROUND(E4,2))-FIND(",",ROUND(E4,2)))))<2,TRIM(RIGHT(ROUND(E4,2),LEN(ROUND(E4,2))-FIND(",",ROUND(E4,2))))*10,TRIM(RIGHT(ROUND(E4,2),LEN(ROUND(E4,2))-FIND(",",ROUND(E4,2))))*1)>=10^3,CHOOSE(LEFT(RIGHT(IF(LEN(TRIM(RIGHT(ROUND(E4,2),LEN(ROUND(E4,2))-FIND(",",ROUND(E4,2)))))<2,TRIM(RIGHT(ROUND(E4,2),LEN(ROUND(E4,2))-FIND(",",ROUND(E4,2))))*10,TRIM(RIGHT(ROUND(E4,2),LEN(ROUND(E4,2))-FIND(",",ROUND(E4,2))))*1),4),1)+1,"","","iki","üç","dört","beş","altı","yedi","sekiz","dokuz"),"")&IF(IF(LEN(TRIM(RIGHT(ROUND(E4,2),LEN(ROUND(E4,2))-FIND(",",ROUND(E4,2)))))<2,TRIM(RIGHT(ROUND(E4,2),LEN(ROUND(E4,2))-FIND(",",ROUND(E4,2))))*10,TRIM(RIGHT(ROUND(E4,2),LEN(ROUND(E4,2))-FIND(",",ROUND(E4,2))))*1)>=10,CHOOSE(LEFT(RIGHT(IF(LEN(TRIM(RIGHT(ROUND(E4,2),LEN(ROUND(E4,2))-FIND(",",ROUND(E4,2)))))<2,TRIM(RIGHT(ROUND(E4,2),LEN(ROUND(E4,2))-FIND(",",ROUND(E4,2))))*10,TRIM(RIGHT(ROUND(E4,2),LEN(ROUND(E4,2))-FIND(",",ROUND(E4,2))))*1),2),1)+1,"","on","yirmi","otuz","kırk","elli","altmış","yetmiş","seksen","doksan"),"")&CHOOSE(MOD(IF(LEN(TRIM(RIGHT(ROUND(E4,2),LEN(ROUND(E4,2))-FIND(",",ROUND(E4,2)))))<2,TRIM(RIGHT(ROUND(E4,2),LEN(ROUND(E4,2))-FIND(",",ROUND(E4,2))))*10,TRIM(RIGHT(ROUND(E4,2),LEN(ROUND(E4,2))-FIND(",",ROUND(E4,2))))*1),10)+1,"","bir","iki","üç","dört","beş","altı","yedi","sekiz","dokuz")) & " Kr") -> Onyedibin TL | G4: =G3 -> NAKDEN | H4: 2. Taksit
B5: 3 | C5: 45503 | D5: 45595 | E5: 17000 | F5: =PROPER(IF(IF(LEN(SUBSTITUTE(ROUND(E5,2), ",", ""))=LEN(ROUND(E5,2)),ROUND(E5,2),TRIM(LEFT(ROUND(E5,2),FIND(",",ROUND(E5,2))-1)))*1>=10^6,CHOOSE(LEFT(RIGHT(IF(LEN(SUBSTITUTE(ROUND(E5,2), ",", ""))=LEN(ROUND(E5,2)),ROUND(E5,2),TRIM(LEFT(ROUND(E5,2),FIND(",",ROUND(E5,2))-1)))*1,7),1)+1,"","birmilyon","ikimilyon","üçmilyon","dörtmilyon","beşmilyon","altımilyon","yedimilyon","sekizmilyon","dokuzmilyon"),"")&IF(IF(LEN(SUBSTITUTE(ROUND(E5,2), ",", ""))=LEN(ROUND(E5,2)),ROUND(E5,2),TRIM(LEFT(ROUND(E5,2),FIND(",",ROUND(E5,2))-1)))*1>=10^5,CHOOSE(LEFT(RIGHT(IF(LEN(SUBSTITUTE(ROUND(E5,2), ",", ""))=LEN(ROUND(E5,2)),ROUND(E5,2),TRIM(LEFT(ROUND(E5,2),FIND(",",ROUND(E5,2))-1)))*1,6),1)+1,"","yüz","ikiyüz","üçyüz","dörtyüz","beşyüz","altıyüz","yediyüz","sekizyüz","dokuzyüz"),"")&IF(IF(LEN(SUBSTITUTE(ROUND(E5,2), ",", ""))=LEN(ROUND(E5,2)),ROUND(E5,2),TRIM(LEFT(ROUND(E5,2),FIND(",",ROUND(E5,2))-1)))*1>=10^4,CHOOSE(LEFT(RIGHT(IF(LEN(SUBSTITUTE(ROUND(E5,2), ",", ""))=LEN(ROUND(E5,2)),ROUND(E5,2),TRIM(LEFT(ROUND(E5,2),FIND(",",ROUND(E5,2))-1)))*1,5),1)+1,"","on","yirmi","otuz","kırk","elli","altmış","yetmiş","seksen","doksan"),"")&IF(IF(LEN(SUBSTITUTE(ROUND(E5,2), ",", ""))=LEN(ROUND(E5,2)),ROUND(E5,2),TRIM(LEFT(ROUND(E5,2),FIND(",",ROUND(E5,2))-1)))*1>=10^3,CHOOSE(LEFT(RIGHT(IF(LEN(SUBSTITUTE(ROUND(E5,2), ",", ""))=LEN(ROUND(E5,2)),ROUND(E5,2),TRIM(LEFT(ROUND(E5,2),FIND(",",ROUND(E5,2))-1)))*1,4),1)+1,"","","iki","üç","dört","beş","altı","yedi","sekiz","dokuz"),"")&IF(AND(IF(LEN(SUBSTITUTE(ROUND(E5,2), ",", ""))=LEN(ROUND(E5,2)),ROUND(E5,2),TRIM(LEFT(ROUND(E5,2),FIND(",",ROUND(E5,2))-1)))*1>=10^3,VALUE(LEFT(RIGHT(IF(LEN(SUBSTITUTE(ROUND(E5,2), ",", ""))=LEN(ROUND(E5,2)),ROUND(E5,2),TRIM(LEFT(ROUND(E5,2),FIND(",",ROUND(E5,2))-1)))*1,6),3))>0),IF(AND(IF(LEN(SUBSTITUTE(ROUND(E5,2), ",", ""))=LEN(ROUND(E5,2)),ROUND(E5,2),TRIM(LEFT(ROUND(E5,2),FIND(",",ROUND(E5,2))-1)))*1>1999,LEFT(RIGHT(IF(LEN(SUBSTITUTE(ROUND(E5,2), ",", ""))=LEN(ROUND(E5,2)),ROUND(E5,2),TRIM(LEFT(ROUND(E5,2),FIND(",",ROUND(E5,2))-1)))*1,4),1)="1",LEFT(RIGHT(IF(LEN(SUBSTITUTE(ROUND(E5,2), ",", ""))=LEN(ROUND(E5,2)),ROUND(E5,2),TRIM(LEFT(ROUND(E5,2),FIND(",",ROUND(E5,2))-1)))*1,6),2)<>"00"),"birbin","bin"),"")&IF(IF(LEN(SUBSTITUTE(ROUND(E5,2), ",", ""))=LEN(ROUND(E5,2)),ROUND(E5,2),TRIM(LEFT(ROUND(E5,2),FIND(",",ROUND(E5,2))-1)))*1>=100,CHOOSE(LEFT(RIGHT(IF(LEN(SUBSTITUTE(ROUND(E5,2), ",", ""))=LEN(ROUND(E5,2)),ROUND(E5,2),TRIM(LEFT(ROUND(E5,2),FIND(",",ROUND(E5,2))-1)))*1,3),1)+1,"","yüz","ikiyüz","üçyüz","dörtyüz","beşyüz","altıyüz","yediyüz","sekizyüz","dokuzyüz"),"")&IF(IF(LEN(SUBSTITUTE(ROUND(E5,2), ",", ""))=LEN(ROUND(E5,2)),ROUND(E5,2),TRIM(LEFT(ROUND(E5,2),FIND(",",ROUND(E5,2))-1)))*1>=10,CHOOSE(LEFT(RIGHT(IF(LEN(SUBSTITUTE(ROUND(E5,2), ",", ""))=LEN(ROUND(E5,2)),ROUND(E5,2),TRIM(LEFT(ROUND(E5,2),FIND(",",ROUND(E5,2))-1)))*1,2),1)+1,"","on","yirmi","otuz","kırk","elli","altmış","yetmiş","seksen","doksan"),"")&CHOOSE(MOD(IF(LEN(SUBSTITUTE(ROUND(E5,2), ",", ""))=LEN(ROUND(E5,2)),ROUND(E5,2),TRIM(LEFT(ROUND(E5,2),FIND(",",ROUND(E5,2))-1)))*1,10)+1,"","bir","iki","üç","dört","beş","altı","yedi","sekiz","dokuz")) & " TL " & IF(OR(LEN(SUBSTITUTE(E5, ",", ""))=LEN(E5),LEN(SUBSTITUTE(ROUND(E5,2), ",", ""))=LEN(ROUND(E5,2))),"", PROPER(IF(IF(LEN(TRIM(RIGHT(ROUND(E5,2),LEN(ROUND(E5,2))-FIND(",",ROUND(E5,2)))))<2,TRIM(RIGHT(ROUND(E5,2),LEN(ROUND(E5,2))-FIND(",",ROUND(E5,2))))*10,TRIM(RIGHT(ROUND(E5,2),LEN(ROUND(E5,2))-FIND(",",ROUND(E5,2))))*1)>=10^5,CHOOSE(LEFT(RIGHT(IF(LEN(TRIM(RIGHT(ROUND(E5,2),LEN(ROUND(E5,2))-FIND(",",ROUND(E5,2)))))<2,TRIM(RIGHT(ROUND(E5,2),LEN(ROUND(E5,2))-FIND(",",ROUND(E5,2))))*10,TRIM(RIGHT(ROUND(E5,2),LEN(ROUND(E5,2))-FIND(",",ROUND(E5,2))))*1),6),1)+1,"","yüz","ikiyüz","üçyüz","dörtyüz","beşyüz","altıyüz","yediyüz","sekizyüz","dokuzyüz"),"")&IF(IF(LEN(TRIM(RIGHT(ROUND(E5,2),LEN(ROUND(E5,2))-FIND(",",ROUND(E5,2)))))<2,TRIM(RIGHT(ROUND(E5,2),LEN(ROUND(E5,2))-FIND(",",ROUND(E5,2))))*10,TRIM(RIGHT(ROUND(E5,2),LEN(ROUND(E5,2))-FIND(",",ROUND(E5,2))))*1)>=10^4,CHOOSE(LEFT(RIGHT(IF(LEN(TRIM(RIGHT(ROUND(E5,2),LEN(ROUND(E5,2))-FIND(",",ROUND(E5,2)))))<2,TRIM(RIGHT(ROUND(E5,2),LEN(ROUND(E5,2))-FIND(",",ROUND(E5,2))))*10,TRIM(RIGHT(ROUND(E5,2),LEN(ROUND(E5,2))-FIND(",",ROUND(E5,2))))*1),5),1)+1,"","on","yirmi","otuz","kırk","elli","altmış","yetmiş","seksen","doksan"),"")&IF(IF(LEN(TRIM(RIGHT(ROUND(E5,2),LEN(ROUND(E5,2))-FIND(",",ROUND(E5,2)))))<2,TRIM(RIGHT(ROUND(E5,2),LEN(ROUND(E5,2))-FIND(",",ROUND(E5,2))))*10,TRIM(RIGHT(ROUND(E5,2),LEN(ROUND(E5,2))-FIND(",",ROUND(E5,2))))*1)>=10^3,CHOOSE(LEFT(RIGHT(IF(LEN(TRIM(RIGHT(ROUND(E5,2),LEN(ROUND(E5,2))-FIND(",",ROUND(E5,2)))))<2,TRIM(RIGHT(ROUND(E5,2),LEN(ROUND(E5,2))-FIND(",",ROUND(E5,2))))*10,TRIM(RIGHT(ROUND(E5,2),LEN(ROUND(E5,2))-FIND(",",ROUND(E5,2))))*1),4),1)+1,"","","iki","üç","dört","beş","altı","yedi","sekiz","dokuz"),"")&IF(IF(LEN(TRIM(RIGHT(ROUND(E5,2),LEN(ROUND(E5,2))-FIND(",",ROUND(E5,2)))))<2,TRIM(RIGHT(ROUND(E5,2),LEN(ROUND(E5,2))-FIND(",",ROUND(E5,2))))*10,TRIM(RIGHT(ROUND(E5,2),LEN(ROUND(E5,2))-FIND(",",ROUND(E5,2))))*1)>=10,CHOOSE(LEFT(RIGHT(IF(LEN(TRIM(RIGHT(ROUND(E5,2),LEN(ROUND(E5,2))-FIND(",",ROUND(E5,2)))))<2,TRIM(RIGHT(ROUND(E5,2),LEN(ROUND(E5,2))-FIND(",",ROUND(E5,2))))*10,TRIM(RIGHT(ROUND(E5,2),LEN(ROUND(E5,2))-FIND(",",ROUND(E5,2))))*1),2),1)+1,"","on","yirmi","otuz","kırk","elli","altmış","yetmiş","seksen","doksan"),"")&CHOOSE(MOD(IF(LEN(TRIM(RIGHT(ROUND(E5,2),LEN(ROUND(E5,2))-FIND(",",ROUND(E5,2)))))<2,TRIM(RIGHT(ROUND(E5,2),LEN(ROUND(E5,2))-FIND(",",ROUND(E5,2))))*10,TRIM(RIGHT(ROUND(E5,2),LEN(ROUND(E5,2))-FIND(",",ROUND(E5,2))))*1),10)+1,"","bir","iki","üç","dört","beş","altı","yedi","sekiz","dokuz")) & " Kr") -> Onyedibin TL | G5: =G4 -> NAKDEN | H5: 3. Taksit
B6: 4 | C6: 45503 | D6: 45626 | E6: 17000 | F6: =PROPER(IF(IF(LEN(SUBSTITUTE(ROUND(E6,2), ",", ""))=LEN(ROUND(E6,2)),ROUND(E6,2),TRIM(LEFT(ROUND(E6,2),FIND(",",ROUND(E6,2))-1)))*1>=10^6,CHOOSE(LEFT(RIGHT(IF(LEN(SUBSTITUTE(ROUND(E6,2), ",", ""))=LEN(ROUND(E6,2)),ROUND(E6,2),TRIM(LEFT(ROUND(E6,2),FIND(",",ROUND(E6,2))-1)))*1,7),1)+1,"","birmilyon","ikimilyon","üçmilyon","dörtmilyon","beşmilyon","altımilyon","yedimilyon","sekizmilyon","dokuzmilyon"),"")&IF(IF(LEN(SUBSTITUTE(ROUND(E6,2), ",", ""))=LEN(ROUND(E6,2)),ROUND(E6,2),TRIM(LEFT(ROUND(E6,2),FIND(",",ROUND(E6,2))-1)))*1>=10^5,CHOOSE(LEFT(RIGHT(IF(LEN(SUBSTITUTE(ROUND(E6,2), ",", ""))=LEN(ROUND(E6,2)),ROUND(E6,2),TRIM(LEFT(ROUND(E6,2),FIND(",",ROUND(E6,2))-1)))*1,6),1)+1,"","yüz","ikiyüz","üçyüz","dörtyüz","beşyüz","altıyüz","yediyüz","sekizyüz","dokuzyüz"),"")&IF(IF(LEN(SUBSTITUTE(ROUND(E6,2), ",", ""))=LEN(ROUND(E6,2)),ROUND(E6,2),TRIM(LEFT(ROUND(E6,2),FIND(",",ROUND(E6,2))-1)))*1>=10^4,CHOOSE(LEFT(RIGHT(IF(LEN(SUBSTITUTE(ROUND(E6,2), ",", ""))=LEN(ROUND(E6,2)),ROUND(E6,2),TRIM(LEFT(ROUND(E6,2),FIND(",",ROUND(E6,2))-1)))*1,5),1)+1,"","on","yirmi","otuz","kırk","elli","altmış","yetmiş","seksen","doksan"),"")&IF(IF(LEN(SUBSTITUTE(ROUND(E6,2), ",", ""))=LEN(ROUND(E6,2)),ROUND(E6,2),TRIM(LEFT(ROUND(E6,2),FIND(",",ROUND(E6,2))-1)))*1>=10^3,CHOOSE(LEFT(RIGHT(IF(LEN(SUBSTITUTE(ROUND(E6,2), ",", ""))=LEN(ROUND(E6,2)),ROUND(E6,2),TRIM(LEFT(ROUND(E6,2),FIND(",",ROUND(E6,2))-1)))*1,4),1)+1,"","","iki","üç","dört","beş","altı","yedi","sekiz","dokuz"),"")&IF(AND(IF(LEN(SUBSTITUTE(ROUND(E6,2), ",", ""))=LEN(ROUND(E6,2)),ROUND(E6,2),TRIM(LEFT(ROUND(E6,2),FIND(",",ROUND(E6,2))-1)))*1>=10^3,VALUE(LEFT(RIGHT(IF(LEN(SUBSTITUTE(ROUND(E6,2), ",", ""))=LEN(ROUND(E6,2)),ROUND(E6,2),TRIM(LEFT(ROUND(E6,2),FIND(",",ROUND(E6,2))-1)))*1,6),3))>0),IF(AND(IF(LEN(SUBSTITUTE(ROUND(E6,2), ",", ""))=LEN(ROUND(E6,2)),ROUND(E6,2),TRIM(LEFT(ROUND(E6,2),FIND(",",ROUND(E6,2))-1)))*1>1999,LEFT(RIGHT(IF(LEN(SUBSTITUTE(ROUND(E6,2), ",", ""))=LEN(ROUND(E6,2)),ROUND(E6,2),TRIM(LEFT(ROUND(E6,2),FIND(",",ROUND(E6,2))-1)))*1,4),1)="1",LEFT(RIGHT(IF(LEN(SUBSTITUTE(ROUND(E6,2), ",", ""))=LEN(ROUND(E6,2)),ROUND(E6,2),TRIM(LEFT(ROUND(E6,2),FIND(",",ROUND(E6,2))-1)))*1,6),2)<>"00"),"birbin","bin"),"")&IF(IF(LEN(SUBSTITUTE(ROUND(E6,2), ",", ""))=LEN(ROUND(E6,2)),ROUND(E6,2),TRIM(LEFT(ROUND(E6,2),FIND(",",ROUND(E6,2))-1)))*1>=100,CHOOSE(LEFT(RIGHT(IF(LEN(SUBSTITUTE(ROUND(E6,2), ",", ""))=LEN(ROUND(E6,2)),ROUND(E6,2),TRIM(LEFT(ROUND(E6,2),FIND(",",ROUND(E6,2))-1)))*1,3),1)+1,"","yüz","ikiyüz","üçyüz","dörtyüz","beşyüz","altıyüz","yediyüz","sekizyüz","dokuzyüz"),"")&IF(IF(LEN(SUBSTITUTE(ROUND(E6,2), ",", ""))=LEN(ROUND(E6,2)),ROUND(E6,2),TRIM(LEFT(ROUND(E6,2),FIND(",",ROUND(E6,2))-1)))*1>=10,CHOOSE(LEFT(RIGHT(IF(LEN(SUBSTITUTE(ROUND(E6,2), ",", ""))=LEN(ROUND(E6,2)),ROUND(E6,2),TRIM(LEFT(ROUND(E6,2),FIND(",",ROUND(E6,2))-1)))*1,2),1)+1,"","on","yirmi","otuz","kırk","elli","altmış","yetmiş","seksen","doksan"),"")&CHOOSE(MOD(IF(LEN(SUBSTITUTE(ROUND(E6,2), ",", ""))=LEN(ROUND(E6,2)),ROUND(E6,2),TRIM(LEFT(ROUND(E6,2),FIND(",",ROUND(E6,2))-1)))*1,10)+1,"","bir","iki","üç","dört","beş","altı","yedi","sekiz","dokuz")) & " TL " & IF(OR(LEN(SUBSTITUTE(E6, ",", ""))=LEN(E6),LEN(SUBSTITUTE(ROUND(E6,2), ",", ""))=LEN(ROUND(E6,2))),"", PROPER(IF(IF(LEN(TRIM(RIGHT(ROUND(E6,2),LEN(ROUND(E6,2))-FIND(",",ROUND(E6,2)))))<2,TRIM(RIGHT(ROUND(E6,2),LEN(ROUND(E6,2))-FIND(",",ROUND(E6,2))))*10,TRIM(RIGHT(ROUND(E6,2),LEN(ROUND(E6,2))-FIND(",",ROUND(E6,2))))*1)>=10^5,CHOOSE(LEFT(RIGHT(IF(LEN(TRIM(RIGHT(ROUND(E6,2),LEN(ROUND(E6,2))-FIND(",",ROUND(E6,2)))))<2,TRIM(RIGHT(ROUND(E6,2),LEN(ROUND(E6,2))-FIND(",",ROUND(E6,2))))*10,TRIM(RIGHT(ROUND(E6,2),LEN(ROUND(E6,2))-FIND(",",ROUND(E6,2))))*1),6),1)+1,"","yüz","ikiyüz","üçyüz","dörtyüz","beşyüz","altıyüz","yediyüz","sekizyüz","dokuzyüz"),"")&IF(IF(LEN(TRIM(RIGHT(ROUND(E6,2),LEN(ROUND(E6,2))-FIND(",",ROUND(E6,2)))))<2,TRIM(RIGHT(ROUND(E6,2),LEN(ROUND(E6,2))-FIND(",",ROUND(E6,2))))*10,TRIM(RIGHT(ROUND(E6,2),LEN(ROUND(E6,2))-FIND(",",ROUND(E6,2))))*1)>=10^4,CHOOSE(LEFT(RIGHT(IF(LEN(TRIM(RIGHT(ROUND(E6,2),LEN(ROUND(E6,2))-FIND(",",ROUND(E6,2)))))<2,TRIM(RIGHT(ROUND(E6,2),LEN(ROUND(E6,2))-FIND(",",ROUND(E6,2))))*10,TRIM(RIGHT(ROUND(E6,2),LEN(ROUND(E6,2))-FIND(",",ROUND(E6,2))))*1),5),1)+1,"","on","yirmi","otuz","kırk","elli","altmış","yetmiş","seksen","doksan"),"")&IF(IF(LEN(TRIM(RIGHT(ROUND(E6,2),LEN(ROUND(E6,2))-FIND(",",ROUND(E6,2)))))<2,TRIM(RIGHT(ROUND(E6,2),LEN(ROUND(E6,2))-FIND(",",ROUND(E6,2))))*10,TRIM(RIGHT(ROUND(E6,2),LEN(ROUND(E6,2))-FIND(",",ROUND(E6,2))))*1)>=10^3,CHOOSE(LEFT(RIGHT(IF(LEN(TRIM(RIGHT(ROUND(E6,2),LEN(ROUND(E6,2))-FIND(",",ROUND(E6,2)))))<2,TRIM(RIGHT(ROUND(E6,2),LEN(ROUND(E6,2))-FIND(",",ROUND(E6,2))))*10,TRIM(RIGHT(ROUND(E6,2),LEN(ROUND(E6,2))-FIND(",",ROUND(E6,2))))*1),4),1)+1,"","","iki","üç","dört","beş","altı","yedi","sekiz","dokuz"),"")&IF(IF(LEN(TRIM(RIGHT(ROUND(E6,2),LEN(ROUND(E6,2))-FIND(",",ROUND(E6,2)))))<2,TRIM(RIGHT(ROUND(E6,2),LEN(ROUND(E6,2))-FIND(",",ROUND(E6,2))))*10,TRIM(RIGHT(ROUND(E6,2),LEN(ROUND(E6,2))-FIND(",",ROUND(E6,2))))*1)>=10,CHOOSE(LEFT(RIGHT(IF(LEN(TRIM(RIGHT(ROUND(E6,2),LEN(ROUND(E6,2))-FIND(",",ROUND(E6,2)))))<2,TRIM(RIGHT(ROUND(E6,2),LEN(ROUND(E6,2))-FIND(",",ROUND(E6,2))))*10,TRIM(RIGHT(ROUND(E6,2),LEN(ROUND(E6,2))-FIND(",",ROUND(E6,2))))*1),2),1)+1,"","on","yirmi","otuz","kırk","elli","altmış","yetmiş","seksen","doksan"),"")&CHOOSE(MOD(IF(LEN(TRIM(RIGHT(ROUND(E6,2),LEN(ROUND(E6,2))-FIND(",",ROUND(E6,2)))))<2,TRIM(RIGHT(ROUND(E6,2),LEN(ROUND(E6,2))-FIND(",",ROUND(E6,2))))*10,TRIM(RIGHT(ROUND(E6,2),LEN(ROUND(E6,2))-FIND(",",ROUND(E6,2))))*1),10)+1,"","bir","iki","üç","dört","beş","altı","yedi","sekiz","dokuz")) & " Kr") -> Onyedibin TL | G6: =G5 -> NAKDEN | H6: 4. Taksit
B7: 5 | C7: 45503 | D7: 45656 | E7: 17000 | F7: =PROPER(IF(IF(LEN(SUBSTITUTE(ROUND(E7,2), ",", ""))=LEN(ROUND(E7,2)),ROUND(E7,2),TRIM(LEFT(ROUND(E7,2),FIND(",",ROUND(E7,2))-1)))*1>=10^6,CHOOSE(LEFT(RIGHT(IF(LEN(SUBSTITUTE(ROUND(E7,2), ",", ""))=LEN(ROUND(E7,2)),ROUND(E7,2),TRIM(LEFT(ROUND(E7,2),FIND(",",ROUND(E7,2))-1)))*1,7),1)+1,"","birmilyon","ikimilyon","üçmilyon","dörtmilyon","beşmilyon","altımilyon","yedimilyon","sekizmilyon","dokuzmilyon"),"")&IF(IF(LEN(SUBSTITUTE(ROUND(E7,2), ",", ""))=LEN(ROUND(E7,2)),ROUND(E7,2),TRIM(LEFT(ROUND(E7,2),FIND(",",ROUND(E7,2))-1)))*1>=10^5,CHOOSE(LEFT(RIGHT(IF(LEN(SUBSTITUTE(ROUND(E7,2), ",", ""))=LEN(ROUND(E7,2)),ROUND(E7,2),TRIM(LEFT(ROUND(E7,2),FIND(",",ROUND(E7,2))-1)))*1,6),1)+1,"","yüz","ikiyüz","üçyüz","dörtyüz","beşyüz","altıyüz","yediyüz","sekizyüz","dokuzyüz"),"")&IF(IF(LEN(SUBSTITUTE(ROUND(E7,2), ",", ""))=LEN(ROUND(E7,2)),ROUND(E7,2),TRIM(LEFT(ROUND(E7,2),FIND(",",ROUND(E7,2))-1)))*1>=10^4,CHOOSE(LEFT(RIGHT(IF(LEN(SUBSTITUTE(ROUND(E7,2), ",", ""))=LEN(ROUND(E7,2)),ROUND(E7,2),TRIM(LEFT(ROUND(E7,2),FIND(",",ROUND(E7,2))-1)))*1,5),1)+1,"","on","yirmi","otuz","kırk","elli","altmış","yetmiş","seksen","doksan"),"")&IF(IF(LEN(SUBSTITUTE(ROUND(E7,2), ",", ""))=LEN(ROUND(E7,2)),ROUND(E7,2),TRIM(LEFT(ROUND(E7,2),FIND(",",ROUND(E7,2))-1)))*1>=10^3,CHOOSE(LEFT(RIGHT(IF(LEN(SUBSTITUTE(ROUND(E7,2), ",", ""))=LEN(ROUND(E7,2)),ROUND(E7,2),TRIM(LEFT(ROUND(E7,2),FIND(",",ROUND(E7,2))-1)))*1,4),1)+1,"","","iki","üç","dört","beş","altı","yedi","sekiz","dokuz"),"")&IF(AND(IF(LEN(SUBSTITUTE(ROUND(E7,2), ",", ""))=LEN(ROUND(E7,2)),ROUND(E7,2),TRIM(LEFT(ROUND(E7,2),FIND(",",ROUND(E7,2))-1)))*1>=10^3,VALUE(LEFT(RIGHT(IF(LEN(SUBSTITUTE(ROUND(E7,2), ",", ""))=LEN(ROUND(E7,2)),ROUND(E7,2),TRIM(LEFT(ROUND(E7,2),FIND(",",ROUND(E7,2))-1)))*1,6),3))>0),IF(AND(IF(LEN(SUBSTITUTE(ROUND(E7,2), ",", ""))=LEN(ROUND(E7,2)),ROUND(E7,2),TRIM(LEFT(ROUND(E7,2),FIND(",",ROUND(E7,2))-1)))*1>1999,LEFT(RIGHT(IF(LEN(SUBSTITUTE(ROUND(E7,2), ",", ""))=LEN(ROUND(E7,2)),ROUND(E7,2),TRIM(LEFT(ROUND(E7,2),FIND(",",ROUND(E7,2))-1)))*1,4),1)="1",LEFT(RIGHT(IF(LEN(SUBSTITUTE(ROUND(E7,2), ",", ""))=LEN(ROUND(E7,2)),ROUND(E7,2),TRIM(LEFT(ROUND(E7,2),FIND(",",ROUND(E7,2))-1)))*1,6),2)<>"00"),"birbin","bin"),"")&IF(IF(LEN(SUBSTITUTE(ROUND(E7,2), ",", ""))=LEN(ROUND(E7,2)),ROUND(E7,2),TRIM(LEFT(ROUND(E7,2),FIND(",",ROUND(E7,2))-1)))*1>=100,CHOOSE(LEFT(RIGHT(IF(LEN(SUBSTITUTE(ROUND(E7,2), ",", ""))=LEN(ROUND(E7,2)),ROUND(E7,2),TRIM(LEFT(ROUND(E7,2),FIND(",",ROUND(E7,2))-1)))*1,3),1)+1,"","yüz","ikiyüz","üçyüz","dörtyüz","beşyüz","altıyüz","yediyüz","sekizyüz","dokuzyüz"),"")&IF(IF(LEN(SUBSTITUTE(ROUND(E7,2), ",", ""))=LEN(ROUND(E7,2)),ROUND(E7,2),TRIM(LEFT(ROUND(E7,2),FIND(",",ROUND(E7,2))-1)))*1>=10,CHOOSE(LEFT(RIGHT(IF(LEN(SUBSTITUTE(ROUND(E7,2), ",", ""))=LEN(ROUND(E7,2)),ROUND(E7,2),TRIM(LEFT(ROUND(E7,2),FIND(",",ROUND(E7,2))-1)))*1,2),1)+1,"","on","yirmi","otuz","kırk","elli","altmış","yetmiş","seksen","doksan"),"")&CHOOSE(MOD(IF(LEN(SUBSTITUTE(ROUND(E7,2), ",", ""))=LEN(ROUND(E7,2)),ROUND(E7,2),TRIM(LEFT(ROUND(E7,2),FIND(",",ROUND(E7,2))-1)))*1,10)+1,"","bir","iki","üç","dört","beş","altı","yedi","sekiz","dokuz")) & " TL " & IF(OR(LEN(SUBSTITUTE(E7, ",", ""))=LEN(E7),LEN(SUBSTITUTE(ROUND(E7,2), ",", ""))=LEN(ROUND(E7,2))),"", PROPER(IF(IF(LEN(TRIM(RIGHT(ROUND(E7,2),LEN(ROUND(E7,2))-FIND(",",ROUND(E7,2)))))<2,TRIM(RIGHT(ROUND(E7,2),LEN(ROUND(E7,2))-FIND(",",ROUND(E7,2))))*10,TRIM(RIGHT(ROUND(E7,2),LEN(ROUND(E7,2))-FIND(",",ROUND(E7,2))))*1)>=10^5,CHOOSE(LEFT(RIGHT(IF(LEN(TRIM(RIGHT(ROUND(E7,2),LEN(ROUND(E7,2))-FIND(",",ROUND(E7,2)))))<2,TRIM(RIGHT(ROUND(E7,2),LEN(ROUND(E7,2))-FIND(",",ROUND(E7,2))))*10,TRIM(RIGHT(ROUND(E7,2),LEN(ROUND(E7,2))-FIND(",",ROUND(E7,2))))*1),6),1)+1,"","yüz","ikiyüz","üçyüz","dörtyüz","beşyüz","altıyüz","yediyüz","sekizyüz","dokuzyüz"),"")&IF(IF(LEN(TRIM(RIGHT(ROUND(E7,2),LEN(ROUND(E7,2))-FIND(",",ROUND(E7,2)))))<2,TRIM(RIGHT(ROUND(E7,2),LEN(ROUND(E7,2))-FIND(",",ROUND(E7,2))))*10,TRIM(RIGHT(ROUND(E7,2),LEN(ROUND(E7,2))-FIND(",",ROUND(E7,2))))*1)>=10^4,CHOOSE(LEFT(RIGHT(IF(LEN(TRIM(RIGHT(ROUND(E7,2),LEN(ROUND(E7,2))-FIND(",",ROUND(E7,2)))))<2,TRIM(RIGHT(ROUND(E7,2),LEN(ROUND(E7,2))-FIND(",",ROUND(E7,2))))*10,TRIM(RIGHT(ROUND(E7,2),LEN(ROUND(E7,2))-FIND(",",ROUND(E7,2))))*1),5),1)+1,"","on","yirmi","otuz","kırk","elli","altmış","yetmiş","seksen","doksan"),"")&IF(IF(LEN(TRIM(RIGHT(ROUND(E7,2),LEN(ROUND(E7,2))-FIND(",",ROUND(E7,2)))))<2,TRIM(RIGHT(ROUND(E7,2),LEN(ROUND(E7,2))-FIND(",",ROUND(E7,2))))*10,TRIM(RIGHT(ROUND(E7,2),LEN(ROUND(E7,2))-FIND(",",ROUND(E7,2))))*1)>=10^3,CHOOSE(LEFT(RIGHT(IF(LEN(TRIM(RIGHT(ROUND(E7,2),LEN(ROUND(E7,2))-FIND(",",ROUND(E7,2)))))<2,TRIM(RIGHT(ROUND(E7,2),LEN(ROUND(E7,2))-FIND(",",ROUND(E7,2))))*10,TRIM(RIGHT(ROUND(E7,2),LEN(ROUND(E7,2))-FIND(",",ROUND(E7,2))))*1),4),1)+1,"","","iki","üç","dört","beş","altı","yedi","sekiz","dokuz"),"")&IF(IF(LEN(TRIM(RIGHT(ROUND(E7,2),LEN(ROUND(E7,2))-FIND(",",ROUND(E7,2)))))<2,TRIM(RIGHT(ROUND(E7,2),LEN(ROUND(E7,2))-FIND(",",ROUND(E7,2))))*10,TRIM(RIGHT(ROUND(E7,2),LEN(ROUND(E7,2))-FIND(",",ROUND(E7,2))))*1)>=10,CHOOSE(LEFT(RIGHT(IF(LEN(TRIM(RIGHT(ROUND(E7,2),LEN(ROUND(E7,2))-FIND(",",ROUND(E7,2)))))<2,TRIM(RIGHT(ROUND(E7,2),LEN(ROUND(E7,2))-FIND(",",ROUND(E7,2))))*10,TRIM(RIGHT(ROUND(E7,2),LEN(ROUND(E7,2))-FIND(",",ROUND(E7,2))))*1),2),1)+1,"","on","yirmi","otuz","kırk","elli","altmış","yetmiş","seksen","doksan"),"")&CHOOSE(MOD(IF(LEN(TRIM(RIGHT(ROUND(E7,2),LEN(ROUND(E7,2))-FIND(",",ROUND(E7,2)))))<2,TRIM(RIGHT(ROUND(E7,2),LEN(ROUND(E7,2))-FIND(",",ROUND(E7,2))))*10,TRIM(RIGHT(ROUND(E7,2),LEN(ROUND(E7,2))-FIND(",",ROUND(E7,2))))*1),10)+1,"","bir","iki","üç","dört","beş","altı","yedi","sekiz","dokuz")) & " Kr") -> Onyedibin TL | G7: =G6 -> NAKDEN | H7: 5. Taksit
B8: 6 | C8: 45503 | D8: 45687 | E8: 17000 | F8: =PROPER(IF(IF(LEN(SUBSTITUTE(ROUND(E8,2), ",", ""))=LEN(ROUND(E8,2)),ROUND(E8,2),TRIM(LEFT(ROUND(E8,2),FIND(",",ROUND(E8,2))-1)))*1>=10^6,CHOOSE(LEFT(RIGHT(IF(LEN(SUBSTITUTE(ROUND(E8,2), ",", ""))=LEN(ROUND(E8,2)),ROUND(E8,2),TRIM(LEFT(ROUND(E8,2),FIND(",",ROUND(E8,2))-1)))*1,7),1)+1,"","birmilyon","ikimilyon","üçmilyon","dörtmilyon","beşmilyon","altımilyon","yedimilyon","sekizmilyon","dokuzmilyon"),"")&IF(IF(LEN(SUBSTITUTE(ROUND(E8,2), ",", ""))=LEN(ROUND(E8,2)),ROUND(E8,2),TRIM(LEFT(ROUND(E8,2),FIND(",",ROUND(E8,2))-1)))*1>=10^5,CHOOSE(LEFT(RIGHT(IF(LEN(SUBSTITUTE(ROUND(E8,2), ",", ""))=LEN(ROUND(E8,2)),ROUND(E8,2),TRIM(LEFT(ROUND(E8,2),FIND(",",ROUND(E8,2))-1)))*1,6),1)+1,"","yüz","ikiyüz","üçyüz","dörtyüz","beşyüz","altıyüz","yediyüz","sekizyüz","dokuzyüz"),"")&IF(IF(LEN(SUBSTITUTE(ROUND(E8,2), ",", ""))=LEN(ROUND(E8,2)),ROUND(E8,2),TRIM(LEFT(ROUND(E8,2),FIND(",",ROUND(E8,2))-1)))*1>=10^4,CHOOSE(LEFT(RIGHT(IF(LEN(SUBSTITUTE(ROUND(E8,2), ",", ""))=LEN(ROUND(E8,2)),ROUND(E8,2),TRIM(LEFT(ROUND(E8,2),FIND(",",ROUND(E8,2))-1)))*1,5),1)+1,"","on","yirmi","otuz","kırk","elli","altmış","yetmiş","seksen","doksan"),"")&IF(IF(LEN(SUBSTITUTE(ROUND(E8,2), ",", ""))=LEN(ROUND(E8,2)),ROUND(E8,2),TRIM(LEFT(ROUND(E8,2),FIND(",",ROUND(E8,2))-1)))*1>=10^3,CHOOSE(LEFT(RIGHT(IF(LEN(SUBSTITUTE(ROUND(E8,2), ",", ""))=LEN(ROUND(E8,2)),ROUND(E8,2),TRIM(LEFT(ROUND(E8,2),FIND(",",ROUND(E8,2))-1)))*1,4),1)+1,"","","iki","üç","dört","beş","altı","yedi","sekiz","dokuz"),"")&IF(AND(IF(LEN(SUBSTITUTE(ROUND(E8,2), ",", ""))=LEN(ROUND(E8,2)),ROUND(E8,2),TRIM(LEFT(ROUND(E8,2),FIND(",",ROUND(E8,2))-1)))*1>=10^3,VALUE(LEFT(RIGHT(IF(LEN(SUBSTITUTE(ROUND(E8,2), ",", ""))=LEN(ROUND(E8,2)),ROUND(E8,2),TRIM(LEFT(ROUND(E8,2),FIND(",",ROUND(E8,2))-1)))*1,6),3))>0),IF(AND(IF(LEN(SUBSTITUTE(ROUND(E8,2), ",", ""))=LEN(ROUND(E8,2)),ROUND(E8,2),TRIM(LEFT(ROUND(E8,2),FIND(",",ROUND(E8,2))-1)))*1>1999,LEFT(RIGHT(IF(LEN(SUBSTITUTE(ROUND(E8,2), ",", ""))=LEN(ROUND(E8,2)),ROUND(E8,2),TRIM(LEFT(ROUND(E8,2),FIND(",",ROUND(E8,2))-1)))*1,4),1)="1",LEFT(RIGHT(IF(LEN(SUBSTITUTE(ROUND(E8,2), ",", ""))=LEN(ROUND(E8,2)),ROUND(E8,2),TRIM(LEFT(ROUND(E8,2),FIND(",",ROUND(E8,2))-1)))*1,6),2)<>"00"),"birbin","bin"),"")&IF(IF(LEN(SUBSTITUTE(ROUND(E8,2), ",", ""))=LEN(ROUND(E8,2)),ROUND(E8,2),TRIM(LEFT(ROUND(E8,2),FIND(",",ROUND(E8,2))-1)))*1>=100,CHOOSE(LEFT(RIGHT(IF(LEN(SUBSTITUTE(ROUND(E8,2), ",", ""))=LEN(ROUND(E8,2)),ROUND(E8,2),TRIM(LEFT(ROUND(E8,2),FIND(",",ROUND(E8,2))-1)))*1,3),1)+1,"","yüz","ikiyüz","üçyüz","dörtyüz","beşyüz","altıyüz","yediyüz","sekizyüz","dokuzyüz"),"")&IF(IF(LEN(SUBSTITUTE(ROUND(E8,2), ",", ""))=LEN(ROUND(E8,2)),ROUND(E8,2),TRIM(LEFT(ROUND(E8,2),FIND(",",ROUND(E8,2))-1)))*1>=10,CHOOSE(LEFT(RIGHT(IF(LEN(SUBSTITUTE(ROUND(E8,2), ",", ""))=LEN(ROUND(E8,2)),ROUND(E8,2),TRIM(LEFT(ROUND(E8,2),FIND(",",ROUND(E8,2))-1)))*1,2),1)+1,"","on","yirmi","otuz","kırk","elli","altmış","yetmiş","seksen","doksan"),"")&CHOOSE(MOD(IF(LEN(SUBSTITUTE(ROUND(E8,2), ",", ""))=LEN(ROUND(E8,2)),ROUND(E8,2),TRIM(LEFT(ROUND(E8,2),FIND(",",ROUND(E8,2))-1)))*1,10)+1,"","bir","iki","üç","dört","beş","altı","yedi","sekiz","dokuz")) & " TL " & IF(OR(LEN(SUBSTITUTE(E8, ",", ""))=LEN(E8),LEN(SUBSTITUTE(ROUND(E8,2), ",", ""))=LEN(ROUND(E8,2))),"", PROPER(IF(IF(LEN(TRIM(RIGHT(ROUND(E8,2),LEN(ROUND(E8,2))-FIND(",",ROUND(E8,2)))))<2,TRIM(RIGHT(ROUND(E8,2),LEN(ROUND(E8,2))-FIND(",",ROUND(E8,2))))*10,TRIM(RIGHT(ROUND(E8,2),LEN(ROUND(E8,2))-FIND(",",ROUND(E8,2))))*1)>=10^5,CHOOSE(LEFT(RIGHT(IF(LEN(TRIM(RIGHT(ROUND(E8,2),LEN(ROUND(E8,2))-FIND(",",ROUND(E8,2)))))<2,TRIM(RIGHT(ROUND(E8,2),LEN(ROUND(E8,2))-FIND(",",ROUND(E8,2))))*10,TRIM(RIGHT(ROUND(E8,2),LEN(ROUND(E8,2))-FIND(",",ROUND(E8,2))))*1),6),1)+1,"","yüz","ikiyüz","üçyüz","dörtyüz","beşyüz","altıyüz","yediyüz","sekizyüz","dokuzyüz"),"")&IF(IF(LEN(TRIM(RIGHT(ROUND(E8,2),LEN(ROUND(E8,2))-FIND(",",ROUND(E8,2)))))<2,TRIM(RIGHT(ROUND(E8,2),LEN(ROUND(E8,2))-FIND(",",ROUND(E8,2))))*10,TRIM(RIGHT(ROUND(E8,2),LEN(ROUND(E8,2))-FIND(",",ROUND(E8,2))))*1)>=10^4,CHOOSE(LEFT(RIGHT(IF(LEN(TRIM(RIGHT(ROUND(E8,2),LEN(ROUND(E8,2))-FIND(",",ROUND(E8,2)))))<2,TRIM(RIGHT(ROUND(E8,2),LEN(ROUND(E8,2))-FIND(",",ROUND(E8,2))))*10,TRIM(RIGHT(ROUND(E8,2),LEN(ROUND(E8,2))-FIND(",",ROUND(E8,2))))*1),5),1)+1,"","on","yirmi","otuz","kırk","elli","altmış","yetmiş","seksen","doksan"),"")&IF(IF(LEN(TRIM(RIGHT(ROUND(E8,2),LEN(ROUND(E8,2))-FIND(",",ROUND(E8,2)))))<2,TRIM(RIGHT(ROUND(E8,2),LEN(ROUND(E8,2))-FIND(",",ROUND(E8,2))))*10,TRIM(RIGHT(ROUND(E8,2),LEN(ROUND(E8,2))-FIND(",",ROUND(E8,2))))*1)>=10^3,CHOOSE(LEFT(RIGHT(IF(LEN(TRIM(RIGHT(ROUND(E8,2),LEN(ROUND(E8,2))-FIND(",",ROUND(E8,2)))))<2,TRIM(RIGHT(ROUND(E8,2),LEN(ROUND(E8,2))-FIND(",",ROUND(E8,2))))*10,TRIM(RIGHT(ROUND(E8,2),LEN(ROUND(E8,2))-FIND(",",ROUND(E8,2))))*1),4),1)+1,"","","iki","üç","dört","beş","altı","yedi","sekiz","dokuz"),"")&IF(IF(LEN(TRIM(RIGHT(ROUND(E8,2),LEN(ROUND(E8,2))-FIND(",",ROUND(E8,2)))))<2,TRIM(RIGHT(ROUND(E8,2),LEN(ROUND(E8,2))-FIND(",",ROUND(E8,2))))*10,TRIM(RIGHT(ROUND(E8,2),LEN(ROUND(E8,2))-FIND(",",ROUND(E8,2))))*1)>=10,CHOOSE(LEFT(RIGHT(IF(LEN(TRIM(RIGHT(ROUND(E8,2),LEN(ROUND(E8,2))-FIND(",",ROUND(E8,2)))))<2,TRIM(RIGHT(ROUND(E8,2),LEN(ROUND(E8,2))-FIND(",",ROUND(E8,2))))*10,TRIM(RIGHT(ROUND(E8,2),LEN(ROUND(E8,2))-FIND(",",ROUND(E8,2))))*1),2),1)+1,"","on","yirmi","otuz","kırk","elli","altmış","yetmiş","seksen","doksan"),"")&CHOOSE(MOD(IF(LEN(TRIM(RIGHT(ROUND(E8,2),LEN(ROUND(E8,2))-FIND(",",ROUND(E8,2)))))<2,TRIM(RIGHT(ROUND(E8,2),LEN(ROUND(E8,2))-FIND(",",ROUND(E8,2))))*10,TRIM(RIGHT(ROUND(E8,2),LEN(ROUND(E8,2))-FIND(",",ROUND(E8,2))))*1),10)+1,"","bir","iki","üç","dört","beş","altı","yedi","sekiz","dokuz")) & " Kr") -> Onyedibin TL | G8: =G7 -> NAKDEN | H8: 6. Taksit
B9: 7 | C9: 45503 | D9: 45716 | E9: 17000 | F9: =PROPER(IF(IF(LEN(SUBSTITUTE(ROUND(E9,2), ",", ""))=LEN(ROUND(E9,2)),ROUND(E9,2),TRIM(LEFT(ROUND(E9,2),FIND(",",ROUND(E9,2))-1)))*1>=10^6,CHOOSE(LEFT(RIGHT(IF(LEN(SUBSTITUTE(ROUND(E9,2), ",", ""))=LEN(ROUND(E9,2)),ROUND(E9,2),TRIM(LEFT(ROUND(E9,2),FIND(",",ROUND(E9,2))-1)))*1,7),1)+1,"","birmilyon","ikimilyon","üçmilyon","dörtmilyon","beşmilyon","altımilyon","yedimilyon","sekizmilyon","dokuzmilyon"),"")&IF(IF(LEN(SUBSTITUTE(ROUND(E9,2), ",", ""))=LEN(ROUND(E9,2)),ROUND(E9,2),TRIM(LEFT(ROUND(E9,2),FIND(",",ROUND(E9,2))-1)))*1>=10^5,CHOOSE(LEFT(RIGHT(IF(LEN(SUBSTITUTE(ROUND(E9,2), ",", ""))=LEN(ROUND(E9,2)),ROUND(E9,2),TRIM(LEFT(ROUND(E9,2),FIND(",",ROUND(E9,2))-1)))*1,6),1)+1,"","yüz","ikiyüz","üçyüz","dörtyüz","beşyüz","altıyüz","yediyüz","sekizyüz","dokuzyüz"),"")&IF(IF(LEN(SUBSTITUTE(ROUND(E9,2), ",", ""))=LEN(ROUND(E9,2)),ROUND(E9,2),TRIM(LEFT(ROUND(E9,2),FIND(",",ROUND(E9,2))-1)))*1>=10^4,CHOOSE(LEFT(RIGHT(IF(LEN(SUBSTITUTE(ROUND(E9,2), ",", ""))=LEN(ROUND(E9,2)),ROUND(E9,2),TRIM(LEFT(ROUND(E9,2),FIND(",",ROUND(E9,2))-1)))*1,5),1)+1,"","on","yirmi","otuz","kırk","elli","altmış","yetmiş","seksen","doksan"),"")&IF(IF(LEN(SUBSTITUTE(ROUND(E9,2), ",", ""))=LEN(ROUND(E9,2)),ROUND(E9,2),TRIM(LEFT(ROUND(E9,2),FIND(",",ROUND(E9,2))-1)))*1>=10^3,CHOOSE(LEFT(RIGHT(IF(LEN(SUBSTITUTE(ROUND(E9,2), ",", ""))=LEN(ROUND(E9,2)),ROUND(E9,2),TRIM(LEFT(ROUND(E9,2),FIND(",",ROUND(E9,2))-1)))*1,4),1)+1,"","","iki","üç","dört","beş","altı","yedi","sekiz","dokuz"),"")&IF(AND(IF(LEN(SUBSTITUTE(ROUND(E9,2), ",", ""))=LEN(ROUND(E9,2)),ROUND(E9,2),TRIM(LEFT(ROUND(E9,2),FIND(",",ROUND(E9,2))-1)))*1>=10^3,VALUE(LEFT(RIGHT(IF(LEN(SUBSTITUTE(ROUND(E9,2), ",", ""))=LEN(ROUND(E9,2)),ROUND(E9,2),TRIM(LEFT(ROUND(E9,2),FIND(",",ROUND(E9,2))-1)))*1,6),3))>0),IF(AND(IF(LEN(SUBSTITUTE(ROUND(E9,2), ",", ""))=LEN(ROUND(E9,2)),ROUND(E9,2),TRIM(LEFT(ROUND(E9,2),FIND(",",ROUND(E9,2))-1)))*1>1999,LEFT(RIGHT(IF(LEN(SUBSTITUTE(ROUND(E9,2), ",", ""))=LEN(ROUND(E9,2)),ROUND(E9,2),TRIM(LEFT(ROUND(E9,2),FIND(",",ROUND(E9,2))-1)))*1,4),1)="1",LEFT(RIGHT(IF(LEN(SUBSTITUTE(ROUND(E9,2), ",", ""))=LEN(ROUND(E9,2)),ROUND(E9,2),TRIM(LEFT(ROUND(E9,2),FIND(",",ROUND(E9,2))-1)))*1,6),2)<>"00"),"birbin","bin"),"")&IF(IF(LEN(SUBSTITUTE(ROUND(E9,2), ",", ""))=LEN(ROUND(E9,2)),ROUND(E9,2),TRIM(LEFT(ROUND(E9,2),FIND(",",ROUND(E9,2))-1)))*1>=100,CHOOSE(LEFT(RIGHT(IF(LEN(SUBSTITUTE(ROUND(E9,2), ",", ""))=LEN(ROUND(E9,2)),ROUND(E9,2),TRIM(LEFT(ROUND(E9,2),FIND(",",ROUND(E9,2))-1)))*1,3),1)+1,"","yüz","ikiyüz","üçyüz","dörtyüz","beşyüz","altıyüz","yediyüz","sekizyüz","dokuzyüz"),"")&IF(IF(LEN(SUBSTITUTE(ROUND(E9,2), ",", ""))=LEN(ROUND(E9,2)),ROUND(E9,2),TRIM(LEFT(ROUND(E9,2),FIND(",",ROUND(E9,2))-1)))*1>=10,CHOOSE(LEFT(RIGHT(IF(LEN(SUBSTITUTE(ROUND(E9,2), ",", ""))=LEN(ROUND(E9,2)),ROUND(E9,2),TRIM(LEFT(ROUND(E9,2),FIND(",",ROUND(E9,2))-1)))*1,2),1)+1,"","on","yirmi","otuz","kırk","elli","altmış","yetmiş","seksen","doksan"),"")&CHOOSE(MOD(IF(LEN(SUBSTITUTE(ROUND(E9,2), ",", ""))=LEN(ROUND(E9,2)),ROUND(E9,2),TRIM(LEFT(ROUND(E9,2),FIND(",",ROUND(E9,2))-1)))*1,10)+1,"","bir","iki","üç","dört","beş","altı","yedi","sekiz","dokuz")) & " TL " & IF(OR(LEN(SUBSTITUTE(E9, ",", ""))=LEN(E9),LEN(SUBSTITUTE(ROUND(E9,2), ",", ""))=LEN(ROUND(E9,2))),"", PROPER(IF(IF(LEN(TRIM(RIGHT(ROUND(E9,2),LEN(ROUND(E9,2))-FIND(",",ROUND(E9,2)))))<2,TRIM(RIGHT(ROUND(E9,2),LEN(ROUND(E9,2))-FIND(",",ROUND(E9,2))))*10,TRIM(RIGHT(ROUND(E9,2),LEN(ROUND(E9,2))-FIND(",",ROUND(E9,2))))*1)>=10^5,CHOOSE(LEFT(RIGHT(IF(LEN(TRIM(RIGHT(ROUND(E9,2),LEN(ROUND(E9,2))-FIND(",",ROUND(E9,2)))))<2,TRIM(RIGHT(ROUND(E9,2),LEN(ROUND(E9,2))-FIND(",",ROUND(E9,2))))*10,TRIM(RIGHT(ROUND(E9,2),LEN(ROUND(E9,2))-FIND(",",ROUND(E9,2))))*1),6),1)+1,"","yüz","ikiyüz","üçyüz","dörtyüz","beşyüz","altıyüz","yediyüz","sekizyüz","dokuzyüz"),"")&IF(IF(LEN(TRIM(RIGHT(ROUND(E9,2),LEN(ROUND(E9,2))-FIND(",",ROUND(E9,2)))))<2,TRIM(RIGHT(ROUND(E9,2),LEN(ROUND(E9,2))-FIND(",",ROUND(E9,2))))*10,TRIM(RIGHT(ROUND(E9,2),LEN(ROUND(E9,2))-FIND(",",ROUND(E9,2))))*1)>=10^4,CHOOSE(LEFT(RIGHT(IF(LEN(TRIM(RIGHT(ROUND(E9,2),LEN(ROUND(E9,2))-FIND(",",ROUND(E9,2)))))<2,TRIM(RIGHT(ROUND(E9,2),LEN(ROUND(E9,2))-FIND(",",ROUND(E9,2))))*10,TRIM(RIGHT(ROUND(E9,2),LEN(ROUND(E9,2))-FIND(",",ROUND(E9,2))))*1),5),1)+1,"","on","yirmi","otuz","kırk","elli","altmış","yetmiş","seksen","doksan"),"")&IF(IF(LEN(TRIM(RIGHT(ROUND(E9,2),LEN(ROUND(E9,2))-FIND(",",ROUND(E9,2)))))<2,TRIM(RIGHT(ROUND(E9,2),LEN(ROUND(E9,2))-FIND(",",ROUND(E9,2))))*10,TRIM(RIGHT(ROUND(E9,2),LEN(ROUND(E9,2))-FIND(",",ROUND(E9,2))))*1)>=10^3,CHOOSE(LEFT(RIGHT(IF(LEN(TRIM(RIGHT(ROUND(E9,2),LEN(ROUND(E9,2))-FIND(",",ROUND(E9,2)))))<2,TRIM(RIGHT(ROUND(E9,2),LEN(ROUND(E9,2))-FIND(",",ROUND(E9,2))))*10,TRIM(RIGHT(ROUND(E9,2),LEN(ROUND(E9,2))-FIND(",",ROUND(E9,2))))*1),4),1)+1,"","","iki","üç","dört","beş","altı","yedi","sekiz","dokuz"),"")&IF(IF(LEN(TRIM(RIGHT(ROUND(E9,2),LEN(ROUND(E9,2))-FIND(",",ROUND(E9,2)))))<2,TRIM(RIGHT(ROUND(E9,2),LEN(ROUND(E9,2))-FIND(",",ROUND(E9,2))))*10,TRIM(RIGHT(ROUND(E9,2),LEN(ROUND(E9,2))-FIND(",",ROUND(E9,2))))*1)>=10,CHOOSE(LEFT(RIGHT(IF(LEN(TRIM(RIGHT(ROUND(E9,2),LEN(ROUND(E9,2))-FIND(",",ROUND(E9,2)))))<2,TRIM(RIGHT(ROUND(E9,2),LEN(ROUND(E9,2))-FIND(",",ROUND(E9,2))))*10,TRIM(RIGHT(ROUND(E9,2),LEN(ROUND(E9,2))-FIND(",",ROUND(E9,2))))*1),2),1)+1,"","on","yirmi","otuz","kırk","elli","altmış","yetmiş","seksen","doksan"),"")&CHOOSE(MOD(IF(LEN(TRIM(RIGHT(ROUND(E9,2),LEN(ROUND(E9,2))-FIND(",",ROUND(E9,2)))))<2,TRIM(RIGHT(ROUND(E9,2),LEN(ROUND(E9,2))-FIND(",",ROUND(E9,2))))*10,TRIM(RIGHT(ROUND(E9,2),LEN(ROUND(E9,2))-FIND(",",ROUND(E9,2))))*1),10)+1,"","bir","iki","üç","dört","beş","altı","yedi","sekiz","dokuz")) & " Kr") -> Onyedibin TL | G9: =G8 -> NAKDEN | H9: 7. Taksit
B10: 8 | C10: 45503 | D10: 45746 | E10: 17000 | F10: =PROPER(IF(IF(LEN(SUBSTITUTE(ROUND(E10,2), ",", ""))=LEN(ROUND(E10,2)),ROUND(E10,2),TRIM(LEFT(ROUND(E10,2),FIND(",",ROUND(E10,2))-1)))*1>=10^6,CHOOSE(LEFT(RIGHT(IF(LEN(SUBSTITUTE(ROUND(E10,2), ",", ""))=LEN(ROUND(E10,2)),ROUND(E10,2),TRIM(LEFT(ROUND(E10,2),FIND(",",ROUND(E10,2))-1)))*1,7),1)+1,"","birmilyon","ikimilyon","üçmilyon","dörtmilyon","beşmilyon","altımilyon","yedimilyon","sekizmilyon","dokuzmilyon"),"")&IF(IF(LEN(SUBSTITUTE(ROUND(E10,2), ",", ""))=LEN(ROUND(E10,2)),ROUND(E10,2),TRIM(LEFT(ROUND(E10,2),FIND(",",ROUND(E10,2))-1)))*1>=10^5,CHOOSE(LEFT(RIGHT(IF(LEN(SUBSTITUTE(ROUND(E10,2), ",", ""))=LEN(ROUND(E10,2)),ROUND(E10,2),TRIM(LEFT(ROUND(E10,2),FIND(",",ROUND(E10,2))-1)))*1,6),1)+1,"","yüz","ikiyüz","üçyüz","dörtyüz","beşyüz","altıyüz","yediyüz","sekizyüz","dokuzyüz"),"")&IF(IF(LEN(SUBSTITUTE(ROUND(E10,2), ",", ""))=LEN(ROUND(E10,2)),ROUND(E10,2),TRIM(LEFT(ROUND(E10,2),FIND(",",ROUND(E10,2))-1)))*1>=10^4,CHOOSE(LEFT(RIGHT(IF(LEN(SUBSTITUTE(ROUND(E10,2), ",", ""))=LEN(ROUND(E10,2)),ROUND(E10,2),TRIM(LEFT(ROUND(E10,2),FIND(",",ROUND(E10,2))-1)))*1,5),1)+1,"","on","yirmi","otuz","kırk","elli","altmış","yetmiş","seksen","doksan"),"")&IF(IF(LEN(SUBSTITUTE(ROUND(E10,2), ",", ""))=LEN(ROUND(E10,2)),ROUND(E10,2),TRIM(LEFT(ROUND(E10,2),FIND(",",ROUND(E10,2))-1)))*1>=10^3,CHOOSE(LEFT(RIGHT(IF(LEN(SUBSTITUTE(ROUND(E10,2), ",", ""))=LEN(ROUND(E10,2)),ROUND(E10,2),TRIM(LEFT(ROUND(E10,2),FIND(",",ROUND(E10,2))-1)))*1,4),1)+1,"","","iki","üç","dört","beş","altı","yedi","sekiz","dokuz"),"")&IF(AND(IF(LEN(SUBSTITUTE(ROUND(E10,2), ",", ""))=LEN(ROUND(E10,2)),ROUND(E10,2),TRIM(LEFT(ROUND(E10,2),FIND(",",ROUND(E10,2))-1)))*1>=10^3,VALUE(LEFT(RIGHT(IF(LEN(SUBSTITUTE(ROUND(E10,2), ",", ""))=LEN(ROUND(E10,2)),ROUND(E10,2),TRIM(LEFT(ROUND(E10,2),FIND(",",ROUND(E10,2))-1)))*1,6),3))>0),IF(AND(IF(LEN(SUBSTITUTE(ROUND(E10,2), ",", ""))=LEN(ROUND(E10,2)),ROUND(E10,2),TRIM(LEFT(ROUND(E10,2),FIND(",",ROUND(E10,2))-1)))*1>1999,LEFT(RIGHT(IF(LEN(SUBSTITUTE(ROUND(E10,2), ",", ""))=LEN(ROUND(E10,2)),ROUND(E10,2),TRIM(LEFT(ROUND(E10,2),FIND(",",ROUND(E10,2))-1)))*1,4),1)="1",LEFT(RIGHT(IF(LEN(SUBSTITUTE(ROUND(E10,2), ",", ""))=LEN(ROUND(E10,2)),ROUND(E10,2),TRIM(LEFT(ROUND(E10,2),FIND(",",ROUND(E10,2))-1)))*1,6),2)<>"00"),"birbin","bin"),"")&IF(IF(LEN(SUBSTITUTE(ROUND(E10,2), ",", ""))=LEN(ROUND(E10,2)),ROUND(E10,2),TRIM(LEFT(ROUND(E10,2),FIND(",",ROUND(E10,2))-1)))*1>=100,CHOOSE(LEFT(RIGHT(IF(LEN(SUBSTITUTE(ROUND(E10,2), ",", ""))=LEN(ROUND(E10,2)),ROUND(E10,2),TRIM(LEFT(ROUND(E10,2),FIND(",",ROUND(E10,2))-1)))*1,3),1)+1,"","yüz","ikiyüz","üçyüz","dörtyüz","beşyüz","altıyüz","yediyüz","sekizyüz","dokuzyüz"),"")&IF(IF(LEN(SUBSTITUTE(ROUND(E10,2), ",", ""))=LEN(ROUND(E10,2)),ROUND(E10,2),TRIM(LEFT(ROUND(E10,2),FIND(",",ROUND(E10,2))-1)))*1>=10,CHOOSE(LEFT(RIGHT(IF(LEN(SUBSTITUTE(ROUND(E10,2), ",", ""))=LEN(ROUND(E10,2)),ROUND(E10,2),TRIM(LEFT(ROUND(E10,2),FIND(",",ROUND(E10,2))-1)))*1,2),1)+1,"","on","yirmi","otuz","kırk","elli","altmış","yetmiş","seksen","doksan"),"")&CHOOSE(MOD(IF(LEN(SUBSTITUTE(ROUND(E10,2), ",", ""))=LEN(ROUND(E10,2)),ROUND(E10,2),TRIM(LEFT(ROUND(E10,2),FIND(",",ROUND(E10,2))-1)))*1,10)+1,"","bir","iki","üç","dört","beş","altı","yedi","sekiz","dokuz")) & " TL " & IF(OR(LEN(SUBSTITUTE(E10, ",", ""))=LEN(E10),LEN(SUBSTITUTE(ROUND(E10,2), ",", ""))=LEN(ROUND(E10,2))),"", PROPER(IF(IF(LEN(TRIM(RIGHT(ROUND(E10,2),LEN(ROUND(E10,2))-FIND(",",ROUND(E10,2)))))<2,TRIM(RIGHT(ROUND(E10,2),LEN(ROUND(E10,2))-FIND(",",ROUND(E10,2))))*10,TRIM(RIGHT(ROUND(E10,2),LEN(ROUND(E10,2))-FIND(",",ROUND(E10,2))))*1)>=10^5,CHOOSE(LEFT(RIGHT(IF(LEN(TRIM(RIGHT(ROUND(E10,2),LEN(ROUND(E10,2))-FIND(",",ROUND(E10,2)))))<2,TRIM(RIGHT(ROUND(E10,2),LEN(ROUND(E10,2))-FIND(",",ROUND(E10,2))))*10,TRIM(RIGHT(ROUND(E10,2),LEN(ROUND(E10,2))-FIND(",",ROUND(E10,2))))*1),6),1)+1,"","yüz","ikiyüz","üçyüz","dörtyüz","beşyüz","altıyüz","yediyüz","sekizyüz","dokuzyüz"),"")&IF(IF(LEN(TRIM(RIGHT(ROUND(E10,2),LEN(ROUND(E10,2))-FIND(",",ROUND(E10,2)))))<2,TRIM(RIGHT(ROUND(E10,2),LEN(ROUND(E10,2))-FIND(",",ROUND(E10,2))))*10,TRIM(RIGHT(ROUND(E10,2),LEN(ROUND(E10,2))-FIND(",",ROUND(E10,2))))*1)>=10^4,CHOOSE(LEFT(RIGHT(IF(LEN(TRIM(RIGHT(ROUND(E10,2),LEN(ROUND(E10,2))-FIND(",",ROUND(E10,2)))))<2,TRIM(RIGHT(ROUND(E10,2),LEN(ROUND(E10,2))-FIND(",",ROUND(E10,2))))*10,TRIM(RIGHT(ROUND(E10,2),LEN(ROUND(E10,2))-FIND(",",ROUND(E10,2))))*1),5),1)+1,"","on","yirmi","otuz","kırk","elli","altmış","yetmiş","seksen","doksan"),"")&IF(IF(LEN(TRIM(RIGHT(ROUND(E10,2),LEN(ROUND(E10,2))-FIND(",",ROUND(E10,2)))))<2,TRIM(RIGHT(ROUND(E10,2),LEN(ROUND(E10,2))-FIND(",",ROUND(E10,2))))*10,TRIM(RIGHT(ROUND(E10,2),LEN(ROUND(E10,2))-FIND(",",ROUND(E10,2))))*1)>=10^3,CHOOSE(LEFT(RIGHT(IF(LEN(TRIM(RIGHT(ROUND(E10,2),LEN(ROUND(E10,2))-FIND(",",ROUND(E10,2)))))<2,TRIM(RIGHT(ROUND(E10,2),LEN(ROUND(E10,2))-FIND(",",ROUND(E10,2))))*10,TRIM(RIGHT(ROUND(E10,2),LEN(ROUND(E10,2))-FIND(",",ROUND(E10,2))))*1),4),1)+1,"","","iki","üç","dört","beş","altı","yedi","sekiz","dokuz"),"")&IF(IF(LEN(TRIM(RIGHT(ROUND(E10,2),LEN(ROUND(E10,2))-FIND(",",ROUND(E10,2)))))<2,TRIM(RIGHT(ROUND(E10,2),LEN(ROUND(E10,2))-FIND(",",ROUND(E10,2))))*10,TRIM(RIGHT(ROUND(E10,2),LEN(ROUND(E10,2))-FIND(",",ROUND(E10,2))))*1)>=10,CHOOSE(LEFT(RIGHT(IF(LEN(TRIM(RIGHT(ROUND(E10,2),LEN(ROUND(E10,2))-FIND(",",ROUND(E10,2)))))<2,TRIM(RIGHT(ROUND(E10,2),LEN(ROUND(E10,2))-FIND(",",ROUND(E10,2))))*10,TRIM(RIGHT(ROUND(E10,2),LEN(ROUND(E10,2))-FIND(",",ROUND(E10,2))))*1),2),1)+1,"","on","yirmi","otuz","kırk","elli","altmış","yetmiş","seksen","doksan"),"")&CHOOSE(MOD(IF(LEN(TRIM(RIGHT(ROUND(E10,2),LEN(ROUND(E10,2))-FIND(",",ROUND(E10,2)))))<2,TRIM(RIGHT(ROUND(E10,2),LEN(ROUND(E10,2))-FIND(",",ROUND(E10,2))))*10,TRIM(RIGHT(ROUND(E10,2),LEN(ROUND(E10,2))-FIND(",",ROUND(E10,2))))*1),10)+1,"","bir","iki","üç","dört","beş","altı","yedi","sekiz","dokuz")) & " Kr") -> Onyedibin TL | G10: =G9 -> NAKDEN | H10: 8. Taksit
B11: 9 | C11: 45503 | D11: 45777 | E11: 17000 | F11: =PROPER(IF(IF(LEN(SUBSTITUTE(ROUND(E11,2), ",", ""))=LEN(ROUND(E11,2)),ROUND(E11,2),TRIM(LEFT(ROUND(E11,2),FIND(",",ROUND(E11,2))-1)))*1>=10^6,CHOOSE(LEFT(RIGHT(IF(LEN(SUBSTITUTE(ROUND(E11,2), ",", ""))=LEN(ROUND(E11,2)),ROUND(E11,2),TRIM(LEFT(ROUND(E11,2),FIND(",",ROUND(E11,2))-1)))*1,7),1)+1,"","birmilyon","ikimilyon","üçmilyon","dörtmilyon","beşmilyon","altımilyon","yedimilyon","sekizmilyon","dokuzmilyon"),"")&IF(IF(LEN(SUBSTITUTE(ROUND(E11,2), ",", ""))=LEN(ROUND(E11,2)),ROUND(E11,2),TRIM(LEFT(ROUND(E11,2),FIND(",",ROUND(E11,2))-1)))*1>=10^5,CHOOSE(LEFT(RIGHT(IF(LEN(SUBSTITUTE(ROUND(E11,2), ",", ""))=LEN(ROUND(E11,2)),ROUND(E11,2),TRIM(LEFT(ROUND(E11,2),FIND(",",ROUND(E11,2))-1)))*1,6),1)+1,"","yüz","ikiyüz","üçyüz","dörtyüz","beşyüz","altıyüz","yediyüz","sekizyüz","dokuzyüz"),"")&IF(IF(LEN(SUBSTITUTE(ROUND(E11,2), ",", ""))=LEN(ROUND(E11,2)),ROUND(E11,2),TRIM(LEFT(ROUND(E11,2),FIND(",",ROUND(E11,2))-1)))*1>=10^4,CHOOSE(LEFT(RIGHT(IF(LEN(SUBSTITUTE(ROUND(E11,2), ",", ""))=LEN(ROUND(E11,2)),ROUND(E11,2),TRIM(LEFT(ROUND(E11,2),FIND(",",ROUND(E11,2))-1)))*1,5),1)+1,"","on","yirmi","otuz","kırk","elli","altmış","yetmiş","seksen","doksan"),"")&IF(IF(LEN(SUBSTITUTE(ROUND(E11,2), ",", ""))=LEN(ROUND(E11,2)),ROUND(E11,2),TRIM(LEFT(ROUND(E11,2),FIND(",",ROUND(E11,2))-1)))*1>=10^3,CHOOSE(LEFT(RIGHT(IF(LEN(SUBSTITUTE(ROUND(E11,2), ",", ""))=LEN(ROUND(E11,2)),ROUND(E11,2),TRIM(LEFT(ROUND(E11,2),FIND(",",ROUND(E11,2))-1)))*1,4),1)+1,"","","iki","üç","dört","beş","altı","yedi","sekiz","dokuz"),"")&IF(AND(IF(LEN(SUBSTITUTE(ROUND(E11,2), ",", ""))=LEN(ROUND(E11,2)),ROUND(E11,2),TRIM(LEFT(ROUND(E11,2),FIND(",",ROUND(E11,2))-1)))*1>=10^3,VALUE(LEFT(RIGHT(IF(LEN(SUBSTITUTE(ROUND(E11,2), ",", ""))=LEN(ROUND(E11,2)),ROUND(E11,2),TRIM(LEFT(ROUND(E11,2),FIND(",",ROUND(E11,2))-1)))*1,6),3))>0),IF(AND(IF(LEN(SUBSTITUTE(ROUND(E11,2), ",", ""))=LEN(ROUND(E11,2)),ROUND(E11,2),TRIM(LEFT(ROUND(E11,2),FIND(",",ROUND(E11,2))-1)))*1>1999,LEFT(RIGHT(IF(LEN(SUBSTITUTE(ROUND(E11,2), ",", ""))=LEN(ROUND(E11,2)),ROUND(E11,2),TRIM(LEFT(ROUND(E11,2),FIND(",",ROUND(E11,2))-1)))*1,4),1)="1",LEFT(RIGHT(IF(LEN(SUBSTITUTE(ROUND(E11,2), ",", ""))=LEN(ROUND(E11,2)),ROUND(E11,2),TRIM(LEFT(ROUND(E11,2),FIND(",",ROUND(E11,2))-1)))*1,6),2)<>"00"),"birbin","bin"),"")&IF(IF(LEN(SUBSTITUTE(ROUND(E11,2), ",", ""))=LEN(ROUND(E11,2)),ROUND(E11,2),TRIM(LEFT(ROUND(E11,2),FIND(",",ROUND(E11,2))-1)))*1>=100,CHOOSE(LEFT(RIGHT(IF(LEN(SUBSTITUTE(ROUND(E11,2), ",", ""))=LEN(ROUND(E11,2)),ROUND(E11,2),TRIM(LEFT(ROUND(E11,2),FIND(",",ROUND(E11,2))-1)))*1,3),1)+1,"","yüz","ikiyüz","üçyüz","dörtyüz","beşyüz","altıyüz","yediyüz","sekizyüz","dokuzyüz"),"")&IF(IF(LEN(SUBSTITUTE(ROUND(E11,2), ",", ""))=LEN(ROUND(E11,2)),ROUND(E11,2),TRIM(LEFT(ROUND(E11,2),FIND(",",ROUND(E11,2))-1)))*1>=10,CHOOSE(LEFT(RIGHT(IF(LEN(SUBSTITUTE(ROUND(E11,2), ",", ""))=LEN(ROUND(E11,2)),ROUND(E11,2),TRIM(LEFT(ROUND(E11,2),FIND(",",ROUND(E11,2))-1)))*1,2),1)+1,"","on","yirmi","otuz","kırk","elli","altmış","yetmiş","seksen","doksan"),"")&CHOOSE(MOD(IF(LEN(SUBSTITUTE(ROUND(E11,2), ",", ""))=LEN(ROUND(E11,2)),ROUND(E11,2),TRIM(LEFT(ROUND(E11,2),FIND(",",ROUND(E11,2))-1)))*1,10)+1,"","bir","iki","üç","dört","beş","altı","yedi","sekiz","dokuz")) & " TL " & IF(OR(LEN(SUBSTITUTE(E11, ",", ""))=LEN(E11),LEN(SUBSTITUTE(ROUND(E11,2), ",", ""))=LEN(ROUND(E11,2))),"", PROPER(IF(IF(LEN(TRIM(RIGHT(ROUND(E11,2),LEN(ROUND(E11,2))-FIND(",",ROUND(E11,2)))))<2,TRIM(RIGHT(ROUND(E11,2),LEN(ROUND(E11,2))-FIND(",",ROUND(E11,2))))*10,TRIM(RIGHT(ROUND(E11,2),LEN(ROUND(E11,2))-FIND(",",ROUND(E11,2))))*1)>=10^5,CHOOSE(LEFT(RIGHT(IF(LEN(TRIM(RIGHT(ROUND(E11,2),LEN(ROUND(E11,2))-FIND(",",ROUND(E11,2)))))<2,TRIM(RIGHT(ROUND(E11,2),LEN(ROUND(E11,2))-FIND(",",ROUND(E11,2))))*10,TRIM(RIGHT(ROUND(E11,2),LEN(ROUND(E11,2))-FIND(",",ROUND(E11,2))))*1),6),1)+1,"","yüz","ikiyüz","üçyüz","dörtyüz","beşyüz","altıyüz","yediyüz","sekizyüz","dokuzyüz"),"")&IF(IF(LEN(TRIM(RIGHT(ROUND(E11,2),LEN(ROUND(E11,2))-FIND(",",ROUND(E11,2)))))<2,TRIM(RIGHT(ROUND(E11,2),LEN(ROUND(E11,2))-FIND(",",ROUND(E11,2))))*10,TRIM(RIGHT(ROUND(E11,2),LEN(ROUND(E11,2))-FIND(",",ROUND(E11,2))))*1)>=10^4,CHOOSE(LEFT(RIGHT(IF(LEN(TRIM(RIGHT(ROUND(E11,2),LEN(ROUND(E11,2))-FIND(",",ROUND(E11,2)))))<2,TRIM(RIGHT(ROUND(E11,2),LEN(ROUND(E11,2))-FIND(",",ROUND(E11,2))))*10,TRIM(RIGHT(ROUND(E11,2),LEN(ROUND(E11,2))-FIND(",",ROUND(E11,2))))*1),5),1)+1,"","on","yirmi","otuz","kırk","elli","altmış","yetmiş","seksen","doksan"),"")&IF(IF(LEN(TRIM(RIGHT(ROUND(E11,2),LEN(ROUND(E11,2))-FIND(",",ROUND(E11,2)))))<2,TRIM(RIGHT(ROUND(E11,2),LEN(ROUND(E11,2))-FIND(",",ROUND(E11,2))))*10,TRIM(RIGHT(ROUND(E11,2),LEN(ROUND(E11,2))-FIND(",",ROUND(E11,2))))*1)>=10^3,CHOOSE(LEFT(RIGHT(IF(LEN(TRIM(RIGHT(ROUND(E11,2),LEN(ROUND(E11,2))-FIND(",",ROUND(E11,2)))))<2,TRIM(RIGHT(ROUND(E11,2),LEN(ROUND(E11,2))-FIND(",",ROUND(E11,2))))*10,TRIM(RIGHT(ROUND(E11,2),LEN(ROUND(E11,2))-FIND(",",ROUND(E11,2))))*1),4),1)+1,"","","iki","üç","dört","beş","altı","yedi","sekiz","dokuz"),"")&IF(IF(LEN(TRIM(RIGHT(ROUND(E11,2),LEN(ROUND(E11,2))-FIND(",",ROUND(E11,2)))))<2,TRIM(RIGHT(ROUND(E11,2),LEN(ROUND(E11,2))-FIND(",",ROUND(E11,2))))*10,TRIM(RIGHT(ROUND(E11,2),LEN(ROUND(E11,2))-FIND(",",ROUND(E11,2))))*1)>=10,CHOOSE(LEFT(RIGHT(IF(LEN(TRIM(RIGHT(ROUND(E11,2),LEN(ROUND(E11,2))-FIND(",",ROUND(E11,2)))))<2,TRIM(RIGHT(ROUND(E11,2),LEN(ROUND(E11,2))-FIND(",",ROUND(E11,2))))*10,TRIM(RIGHT(ROUND(E11,2),LEN(ROUND(E11,2))-FIND(",",ROUND(E11,2))))*1),2),1)+1,"","on","yirmi","otuz","kırk","elli","altmış","yetmiş","seksen","doksan"),"")&CHOOSE(MOD(IF(LEN(TRIM(RIGHT(ROUND(E11,2),LEN(ROUND(E11,2))-FIND(",",ROUND(E11,2)))))<2,TRIM(RIGHT(ROUND(E11,2),LEN(ROUND(E11,2))-FIND(",",ROUND(E11,2))))*10,TRIM(RIGHT(ROUND(E11,2),LEN(ROUND(E11,2))-FIND(",",ROUND(E11,2))))*1),10)+1,"","bir","iki","üç","dört","beş","altı","yedi","sekiz","dokuz")) & " Kr") -> Onyedibin TL | G11: =G10 -> NAKDEN | H11: 9. Taksit
B12: 10 | C12: 45503 | D12: 45807 | E12: 17000 | F12: =PROPER(IF(IF(LEN(SUBSTITUTE(ROUND(E12,2), ",", ""))=LEN(ROUND(E12,2)),ROUND(E12,2),TRIM(LEFT(ROUND(E12,2),FIND(",",ROUND(E12,2))-1)))*1>=10^6,CHOOSE(LEFT(RIGHT(IF(LEN(SUBSTITUTE(ROUND(E12,2), ",", ""))=LEN(ROUND(E12,2)),ROUND(E12,2),TRIM(LEFT(ROUND(E12,2),FIND(",",ROUND(E12,2))-1)))*1,7),1)+1,"","birmilyon","ikimilyon","üçmilyon","dörtmilyon","beşmilyon","altımilyon","yedimilyon","sekizmilyon","dokuzmilyon"),"")&IF(IF(LEN(SUBSTITUTE(ROUND(E12,2), ",", ""))=LEN(ROUND(E12,2)),ROUND(E12,2),TRIM(LEFT(ROUND(E12,2),FIND(",",ROUND(E12,2))-1)))*1>=10^5,CHOOSE(LEFT(RIGHT(IF(LEN(SUBSTITUTE(ROUND(E12,2), ",", ""))=LEN(ROUND(E12,2)),ROUND(E12,2),TRIM(LEFT(ROUND(E12,2),FIND(",",ROUND(E12,2))-1)))*1,6),1)+1,"","yüz","ikiyüz","üçyüz","dörtyüz","beşyüz","altıyüz","yediyüz","sekizyüz","dokuzyüz"),"")&IF(IF(LEN(SUBSTITUTE(ROUND(E12,2), ",", ""))=LEN(ROUND(E12,2)),ROUND(E12,2),TRIM(LEFT(ROUND(E12,2),FIND(",",ROUND(E12,2))-1)))*1>=10^4,CHOOSE(LEFT(RIGHT(IF(LEN(SUBSTITUTE(ROUND(E12,2), ",", ""))=LEN(ROUND(E12,2)),ROUND(E12,2),TRIM(LEFT(ROUND(E12,2),FIND(",",ROUND(E12,2))-1)))*1,5),1)+1,"","on","yirmi","otuz","kırk","elli","altmış","yetmiş","seksen","doksan"),"")&IF(IF(LEN(SUBSTITUTE(ROUND(E12,2), ",", ""))=LEN(ROUND(E12,2)),ROUND(E12,2),TRIM(LEFT(ROUND(E12,2),FIND(",",ROUND(E12,2))-1)))*1>=10^3,CHOOSE(LEFT(RIGHT(IF(LEN(SUBSTITUTE(ROUND(E12,2), ",", ""))=LEN(ROUND(E12,2)),ROUND(E12,2),TRIM(LEFT(ROUND(E12,2),FIND(",",ROUND(E12,2))-1)))*1,4),1)+1,"","","iki","üç","dört","beş","altı","yedi","sekiz","dokuz"),"")&IF(AND(IF(LEN(SUBSTITUTE(ROUND(E12,2), ",", ""))=LEN(ROUND(E12,2)),ROUND(E12,2),TRIM(LEFT(ROUND(E12,2),FIND(",",ROUND(E12,2))-1)))*1>=10^3,VALUE(LEFT(RIGHT(IF(LEN(SUBSTITUTE(ROUND(E12,2), ",", ""))=LEN(ROUND(E12,2)),ROUND(E12,2),TRIM(LEFT(ROUND(E12,2),FIND(",",ROUND(E12,2))-1)))*1,6),3))>0),IF(AND(IF(LEN(SUBSTITUTE(ROUND(E12,2), ",", ""))=LEN(ROUND(E12,2)),ROUND(E12,2),TRIM(LEFT(ROUND(E12,2),FIND(",",ROUND(E12,2))-1)))*1>1999,LEFT(RIGHT(IF(LEN(SUBSTITUTE(ROUND(E12,2), ",", ""))=LEN(ROUND(E12,2)),ROUND(E12,2),TRIM(LEFT(ROUND(E12,2),FIND(",",ROUND(E12,2))-1)))*1,4),1)="1",LEFT(RIGHT(IF(LEN(SUBSTITUTE(ROUND(E12,2), ",", ""))=LEN(ROUND(E12,2)),ROUND(E12,2),TRIM(LEFT(ROUND(E12,2),FIND(",",ROUND(E12,2))-1)))*1,6),2)<>"00"),"birbin","bin"),"")&IF(IF(LEN(SUBSTITUTE(ROUND(E12,2), ",", ""))=LEN(ROUND(E12,2)),ROUND(E12,2),TRIM(LEFT(ROUND(E12,2),FIND(",",ROUND(E12,2))-1)))*1>=100,CHOOSE(LEFT(RIGHT(IF(LEN(SUBSTITUTE(ROUND(E12,2), ",", ""))=LEN(ROUND(E12,2)),ROUND(E12,2),TRIM(LEFT(ROUND(E12,2),FIND(",",ROUND(E12,2))-1)))*1,3),1)+1,"","yüz","ikiyüz","üçyüz","dörtyüz","beşyüz","altıyüz","yediyüz","sekizyüz","dokuzyüz"),"")&IF(IF(LEN(SUBSTITUTE(ROUND(E12,2), ",", ""))=LEN(ROUND(E12,2)),ROUND(E12,2),TRIM(LEFT(ROUND(E12,2),FIND(",",ROUND(E12,2))-1)))*1>=10,CHOOSE(LEFT(RIGHT(IF(LEN(SUBSTITUTE(ROUND(E12,2), ",", ""))=LEN(ROUND(E12,2)),ROUND(E12,2),TRIM(LEFT(ROUND(E12,2),FIND(",",ROUND(E12,2))-1)))*1,2),1)+1,"","on","yirmi","otuz","kırk","elli","altmış","yetmiş","seksen","doksan"),"")&CHOOSE(MOD(IF(LEN(SUBSTITUTE(ROUND(E12,2), ",", ""))=LEN(ROUND(E12,2)),ROUND(E12,2),TRIM(LEFT(ROUND(E12,2),FIND(",",ROUND(E12,2))-1)))*1,10)+1,"","bir","iki","üç","dört","beş","altı","yedi","sekiz","dokuz")) & " TL " & IF(OR(LEN(SUBSTITUTE(E12, ",", ""))=LEN(E12),LEN(SUBSTITUTE(ROUND(E12,2), ",", ""))=LEN(ROUND(E12,2))),"", PROPER(IF(IF(LEN(TRIM(RIGHT(ROUND(E12,2),LEN(ROUND(E12,2))-FIND(",",ROUND(E12,2)))))<2,TRIM(RIGHT(ROUND(E12,2),LEN(ROUND(E12,2))-FIND(",",ROUND(E12,2))))*10,TRIM(RIGHT(ROUND(E12,2),LEN(ROUND(E12,2))-FIND(",",ROUND(E12,2))))*1)>=10^5,CHOOSE(LEFT(RIGHT(IF(LEN(TRIM(RIGHT(ROUND(E12,2),LEN(ROUND(E12,2))-FIND(",",ROUND(E12,2)))))<2,TRIM(RIGHT(ROUND(E12,2),LEN(ROUND(E12,2))-FIND(",",ROUND(E12,2))))*10,TRIM(RIGHT(ROUND(E12,2),LEN(ROUND(E12,2))-FIND(",",ROUND(E12,2))))*1),6),1)+1,"","yüz","ikiyüz","üçyüz","dörtyüz","beşyüz","altıyüz","yediyüz","sekizyüz","dokuzyüz"),"")&IF(IF(LEN(TRIM(RIGHT(ROUND(E12,2),LEN(ROUND(E12,2))-FIND(",",ROUND(E12,2)))))<2,TRIM(RIGHT(ROUND(E12,2),LEN(ROUND(E12,2))-FIND(",",ROUND(E12,2))))*10,TRIM(RIGHT(ROUND(E12,2),LEN(ROUND(E12,2))-FIND(",",ROUND(E12,2))))*1)>=10^4,CHOOSE(LEFT(RIGHT(IF(LEN(TRIM(RIGHT(ROUND(E12,2),LEN(ROUND(E12,2))-FIND(",",ROUND(E12,2)))))<2,TRIM(RIGHT(ROUND(E12,2),LEN(ROUND(E12,2))-FIND(",",ROUND(E12,2))))*10,TRIM(RIGHT(ROUND(E12,2),LEN(ROUND(E12,2))-FIND(",",ROUND(E12,2))))*1),5),1)+1,"","on","yirmi","otuz","kırk","elli","altmış","yetmiş","seksen","doksan"),"")&IF(IF(LEN(TRIM(RIGHT(ROUND(E12,2),LEN(ROUND(E12,2))-FIND(",",ROUND(E12,2)))))<2,TRIM(RIGHT(ROUND(E12,2),LEN(ROUND(E12,2))-FIND(",",ROUND(E12,2))))*10,TRIM(RIGHT(ROUND(E12,2),LEN(ROUND(E12,2))-FIND(",",ROUND(E12,2))))*1)>=10^3,CHOOSE(LEFT(RIGHT(IF(LEN(TRIM(RIGHT(ROUND(E12,2),LEN(ROUND(E12,2))-FIND(",",ROUND(E12,2)))))<2,TRIM(RIGHT(ROUND(E12,2),LEN(ROUND(E12,2))-FIND(",",ROUND(E12,2))))*10,TRIM(RIGHT(ROUND(E12,2),LEN(ROUND(E12,2))-FIND(",",ROUND(E12,2))))*1),4),1)+1,"","","iki","üç","dört","beş","altı","yedi","sekiz","dokuz"),"")&IF(IF(LEN(TRIM(RIGHT(ROUND(E12,2),LEN(ROUND(E12,2))-FIND(",",ROUND(E12,2)))))<2,TRIM(RIGHT(ROUND(E12,2),LEN(ROUND(E12,2))-FIND(",",ROUND(E12,2))))*10,TRIM(RIGHT(ROUND(E12,2),LEN(ROUND(E12,2))-FIND(",",ROUND(E12,2))))*1)>=10,CHOOSE(LEFT(RIGHT(IF(LEN(TRIM(RIGHT(ROUND(E12,2),LEN(ROUND(E12,2))-FIND(",",ROUND(E12,2)))))<2,TRIM(RIGHT(ROUND(E12,2),LEN(ROUND(E12,2))-FIND(",",ROUND(E12,2))))*10,TRIM(RIGHT(ROUND(E12,2),LEN(ROUND(E12,2))-FIND(",",ROUND(E12,2))))*1),2),1)+1,"","on","yirmi","otuz","kırk","elli","altmış","yetmiş","seksen","doksan"),"")&CHOOSE(MOD(IF(LEN(TRIM(RIGHT(ROUND(E12,2),LEN(ROUND(E12,2))-FIND(",",ROUND(E12,2)))))<2,TRIM(RIGHT(ROUND(E12,2),LEN(ROUND(E12,2))-FIND(",",ROUND(E12,2))))*10,TRIM(RIGHT(ROUND(E12,2),LEN(ROUND(E12,2))-FIND(",",ROUND(E12,2))))*1),10)+1,"","bir","iki","üç","dört","beş","altı","yedi","sekiz","dokuz")) & " Kr") -> Onyedibin TL | G12: =G11 -> NAKDEN | H12: 10. Taksit
B13: 11 | C13: 45503 | D13: 45838 | E13: 17000 | F13: =PROPER(IF(IF(LEN(SUBSTITUTE(ROUND(E13,2), ",", ""))=LEN(ROUND(E13,2)),ROUND(E13,2),TRIM(LEFT(ROUND(E13,2),FIND(",",ROUND(E13,2))-1)))*1>=10^6,CHOOSE(LEFT(RIGHT(IF(LEN(SUBSTITUTE(ROUND(E13,2), ",", ""))=LEN(ROUND(E13,2)),ROUND(E13,2),TRIM(LEFT(ROUND(E13,2),FIND(",",ROUND(E13,2))-1)))*1,7),1)+1,"","birmilyon","ikimilyon","üçmilyon","dörtmilyon","beşmilyon","altımilyon","yedimilyon","sekizmilyon","dokuzmilyon"),"")&IF(IF(LEN(SUBSTITUTE(ROUND(E13,2), ",", ""))=LEN(ROUND(E13,2)),ROUND(E13,2),TRIM(LEFT(ROUND(E13,2),FIND(",",ROUND(E13,2))-1)))*1>=10^5,CHOOSE(LEFT(RIGHT(IF(LEN(SUBSTITUTE(ROUND(E13,2), ",", ""))=LEN(ROUND(E13,2)),ROUND(E13,2),TRIM(LEFT(ROUND(E13,2),FIND(",",ROUND(E13,2))-1)))*1,6),1)+1,"","yüz","ikiyüz","üçyüz","dörtyüz","beşyüz","altıyüz","yediyüz","sekizyüz","dokuzyüz"),"")&IF(IF(LEN(SUBSTITUTE(ROUND(E13,2), ",", ""))=LEN(ROUND(E13,2)),ROUND(E13,2),TRIM(LEFT(ROUND(E13,2),FIND(",",ROUND(E13,2))-1)))*1>=10^4,CHOOSE(LEFT(RIGHT(IF(LEN(SUBSTITUTE(ROUND(E13,2), ",", ""))=LEN(ROUND(E13,2)),ROUND(E13,2),TRIM(LEFT(ROUND(E13,2),FIND(",",ROUND(E13,2))-1)))*1,5),1)+1,"","on","yirmi","otuz","kırk","elli","altmış","yetmiş","seksen","doksan"),"")&IF(IF(LEN(SUBSTITUTE(ROUND(E13,2), ",", ""))=LEN(ROUND(E13,2)),ROUND(E13,2),TRIM(LEFT(ROUND(E13,2),FIND(",",ROUND(E13,2))-1)))*1>=10^3,CHOOSE(LEFT(RIGHT(IF(LEN(SUBSTITUTE(ROUND(E13,2), ",", ""))=LEN(ROUND(E13,2)),ROUND(E13,2),TRIM(LEFT(ROUND(E13,2),FIND(",",ROUND(E13,2))-1)))*1,4),1)+1,"","","iki","üç","dört","beş","altı","yedi","sekiz","dokuz"),"")&IF(AND(IF(LEN(SUBSTITUTE(ROUND(E13,2), ",", ""))=LEN(ROUND(E13,2)),ROUND(E13,2),TRIM(LEFT(ROUND(E13,2),FIND(",",ROUND(E13,2))-1)))*1>=10^3,VALUE(LEFT(RIGHT(IF(LEN(SUBSTITUTE(ROUND(E13,2), ",", ""))=LEN(ROUND(E13,2)),ROUND(E13,2),TRIM(LEFT(ROUND(E13,2),FIND(",",ROUND(E13,2))-1)))*1,6),3))>0),IF(AND(IF(LEN(SUBSTITUTE(ROUND(E13,2), ",", ""))=LEN(ROUND(E13,2)),ROUND(E13,2),TRIM(LEFT(ROUND(E13,2),FIND(",",ROUND(E13,2))-1)))*1>1999,LEFT(RIGHT(IF(LEN(SUBSTITUTE(ROUND(E13,2), ",", ""))=LEN(ROUND(E13,2)),ROUND(E13,2),TRIM(LEFT(ROUND(E13,2),FIND(",",ROUND(E13,2))-1)))*1,4),1)="1",LEFT(RIGHT(IF(LEN(SUBSTITUTE(ROUND(E13,2), ",", ""))=LEN(ROUND(E13,2)),ROUND(E13,2),TRIM(LEFT(ROUND(E13,2),FIND(",",ROUND(E13,2))-1)))*1,6),2)<>"00"),"birbin","bin"),"")&IF(IF(LEN(SUBSTITUTE(ROUND(E13,2), ",", ""))=LEN(ROUND(E13,2)),ROUND(E13,2),TRIM(LEFT(ROUND(E13,2),FIND(",",ROUND(E13,2))-1)))*1>=100,CHOOSE(LEFT(RIGHT(IF(LEN(SUBSTITUTE(ROUND(E13,2), ",", ""))=LEN(ROUND(E13,2)),ROUND(E13,2),TRIM(LEFT(ROUND(E13,2),FIND(",",ROUND(E13,2))-1)))*1,3),1)+1,"","yüz","ikiyüz","üçyüz","dörtyüz","beşyüz","altıyüz","yediyüz","sekizyüz","dokuzyüz"),"")&IF(IF(LEN(SUBSTITUTE(ROUND(E13,2), ",", ""))=LEN(ROUND(E13,2)),ROUND(E13,2),TRIM(LEFT(ROUND(E13,2),FIND(",",ROUND(E13,2))-1)))*1>=10,CHOOSE(LEFT(RIGHT(IF(LEN(SUBSTITUTE(ROUND(E13,2), ",", ""))=LEN(ROUND(E13,2)),ROUND(E13,2),TRIM(LEFT(ROUND(E13,2),FIND(",",ROUND(E13,2))-1)))*1,2),1)+1,"","on","yirmi","otuz","kırk","elli","altmış","yetmiş","seksen","doksan"),"")&CHOOSE(MOD(IF(LEN(SUBSTITUTE(ROUND(E13,2), ",", ""))=LEN(ROUND(E13,2)),ROUND(E13,2),TRIM(LEFT(ROUND(E13,2),FIND(",",ROUND(E13,2))-1)))*1,10)+1,"","bir","iki","üç","dört","beş","altı","yedi","sekiz","dokuz")) & " TL " & IF(OR(LEN(SUBSTITUTE(E13, ",", ""))=LEN(E13),LEN(SUBSTITUTE(ROUND(E13,2), ",", ""))=LEN(ROUND(E13,2))),"", PROPER(IF(IF(LEN(TRIM(RIGHT(ROUND(E13,2),LEN(ROUND(E13,2))-FIND(",",ROUND(E13,2)))))<2,TRIM(RIGHT(ROUND(E13,2),LEN(ROUND(E13,2))-FIND(",",ROUND(E13,2))))*10,TRIM(RIGHT(ROUND(E13,2),LEN(ROUND(E13,2))-FIND(",",ROUND(E13,2))))*1)>=10^5,CHOOSE(LEFT(RIGHT(IF(LEN(TRIM(RIGHT(ROUND(E13,2),LEN(ROUND(E13,2))-FIND(",",ROUND(E13,2)))))<2,TRIM(RIGHT(ROUND(E13,2),LEN(ROUND(E13,2))-FIND(",",ROUND(E13,2))))*10,TRIM(RIGHT(ROUND(E13,2),LEN(ROUND(E13,2))-FIND(",",ROUND(E13,2))))*1),6),1)+1,"","yüz","ikiyüz","üçyüz","dörtyüz","beşyüz","altıyüz","yediyüz","sekizyüz","dokuzyüz"),"")&IF(IF(LEN(TRIM(RIGHT(ROUND(E13,2),LEN(ROUND(E13,2))-FIND(",",ROUND(E13,2)))))<2,TRIM(RIGHT(ROUND(E13,2),LEN(ROUND(E13,2))-FIND(",",ROUND(E13,2))))*10,TRIM(RIGHT(ROUND(E13,2),LEN(ROUND(E13,2))-FIND(",",ROUND(E13,2))))*1)>=10^4,CHOOSE(LEFT(RIGHT(IF(LEN(TRIM(RIGHT(ROUND(E13,2),LEN(ROUND(E13,2))-FIND(",",ROUND(E13,2)))))<2,TRIM(RIGHT(ROUND(E13,2),LEN(ROUND(E13,2))-FIND(",",ROUND(E13,2))))*10,TRIM(RIGHT(ROUND(E13,2),LEN(ROUND(E13,2))-FIND(",",ROUND(E13,2))))*1),5),1)+1,"","on","yirmi","otuz","kırk","elli","altmış","yetmiş","seksen","doksan"),"")&IF(IF(LEN(TRIM(RIGHT(ROUND(E13,2),LEN(ROUND(E13,2))-FIND(",",ROUND(E13,2)))))<2,TRIM(RIGHT(ROUND(E13,2),LEN(ROUND(E13,2))-FIND(",",ROUND(E13,2))))*10,TRIM(RIGHT(ROUND(E13,2),LEN(ROUND(E13,2))-FIND(",",ROUND(E13,2))))*1)>=10^3,CHOOSE(LEFT(RIGHT(IF(LEN(TRIM(RIGHT(ROUND(E13,2),LEN(ROUND(E13,2))-FIND(",",ROUND(E13,2)))))<2,TRIM(RIGHT(ROUND(E13,2),LEN(ROUND(E13,2))-FIND(",",ROUND(E13,2))))*10,TRIM(RIGHT(ROUND(E13,2),LEN(ROUND(E13,2))-FIND(",",ROUND(E13,2))))*1),4),1)+1,"","","iki","üç","dört","beş","altı","yedi","sekiz","dokuz"),"")&IF(IF(LEN(TRIM(RIGHT(ROUND(E13,2),LEN(ROUND(E13,2))-FIND(",",ROUND(E13,2)))))<2,TRIM(RIGHT(ROUND(E13,2),LEN(ROUND(E13,2))-FIND(",",ROUND(E13,2))))*10,TRIM(RIGHT(ROUND(E13,2),LEN(ROUND(E13,2))-FIND(",",ROUND(E13,2))))*1)>=10,CHOOSE(LEFT(RIGHT(IF(LEN(TRIM(RIGHT(ROUND(E13,2),LEN(ROUND(E13,2))-FIND(",",ROUND(E13,2)))))<2,TRIM(RIGHT(ROUND(E13,2),LEN(ROUND(E13,2))-FIND(",",ROUND(E13,2))))*10,TRIM(RIGHT(ROUND(E13,2),LEN(ROUND(E13,2))-FIND(",",ROUND(E13,2))))*1),2),1)+1,"","on","yirmi","otuz","kırk","elli","altmış","yetmiş","seksen","doksan"),"")&CHOOSE(MOD(IF(LEN(TRIM(RIGHT(ROUND(E13,2),LEN(ROUND(E13,2))-FIND(",",ROUND(E13,2)))))<2,TRIM(RIGHT(ROUND(E13,2),LEN(ROUND(E13,2))-FIND(",",ROUND(E13,2))))*10,TRIM(RIGHT(ROUND(E13,2),LEN(ROUND(E13,2))-FIND(",",ROUND(E13,2))))*1),10)+1,"","bir","iki","üç","dört","beş","altı","yedi","sekiz","dokuz")) & " Kr") -> Onyedibin TL | G13: =G12 -> NAKDEN | H13: 11. Taksit
C14: 45503 | F14: =PROPER(IF(IF(LEN(SUBSTITUTE(ROUND(E14,2), ",", ""))=LEN(ROUND(E14,2)),ROUND(E14,2),TRIM(LEFT(ROUND(E14,2),FIND(",",ROUND(E14,2))-1)))*1>=10^6,CHOOSE(LEFT(RIGHT(IF(LEN(SUBSTITUTE(ROUND(E14,2), ",", ""))=LEN(ROUND(E14,2)),ROUND(E14,2),TRIM(LEFT(ROUND(E14,2),FIND(",",ROUND(E14,2))-1)))*1,7),1)+1,"","birmilyon","ikimilyon","üçmilyon","dörtmilyon","beşmilyon","altımilyon","yedimilyon","sekizmilyon","dokuzmilyon"),"")&IF(IF(LEN(SUBSTITUTE(ROUND(E14,2), ",", ""))=LEN(ROUND(E14,2)),ROUND(E14,2),TRIM(LEFT(ROUND(E14,2),FIND(",",ROUND(E14,2))-1)))*1>=10^5,CHOOSE(LEFT(RIGHT(IF(LEN(SUBSTITUTE(ROUND(E14,2), ",", ""))=LEN(ROUND(E14,2)),ROUND(E14,2),TRIM(LEFT(ROUND(E14,2),FIND(",",ROUND(E14,2))-1)))*1,6),1)+1,"","yüz","ikiyüz","üçyüz","dörtyüz","beşyüz","altıyüz","yediyüz","sekizyüz","dokuzyüz"),"")&IF(IF(LEN(SUBSTITUTE(ROUND(E14,2), ",", ""))=LEN(ROUND(E14,2)),ROUND(E14,2),TRIM(LEFT(ROUND(E14,2),FIND(",",ROUND(E14,2))-1)))*1>=10^4,CHOOSE(LEFT(RIGHT(IF(LEN(SUBSTITUTE(ROUND(E14,2), ",", ""))=LEN(ROUND(E14,2)),ROUND(E14,2),TRIM(LEFT(ROUND(E14,2),FIND(",",ROUND(E14,2))-1)))*1,5),1)+1,"","on","yirmi","otuz","kırk","elli","altmış","yetmiş","seksen","doksan"),"")&IF(IF(LEN(SUBSTITUTE(ROUND(E14,2), ",", ""))=LEN(ROUND(E14,2)),ROUND(E14,2),TRIM(LEFT(ROUND(E14,2),FIND(",",ROUND(E14,2))-1)))*1>=10^3,CHOOSE(LEFT(RIGHT(IF(LEN(SUBSTITUTE(ROUND(E14,2), ",", ""))=LEN(ROUND(E14,2)),ROUND(E14,2),TRIM(LEFT(ROUND(E14,2),FIND(",",ROUND(E14,2))-1)))*1,4),1)+1,"","","iki","üç","dört","beş","altı","yedi","sekiz","dokuz"),"")&IF(AND(IF(LEN(SUBSTITUTE(ROUND(E14,2), ",", ""))=LEN(ROUND(E14,2)),ROUND(E14,2),TRIM(LEFT(ROUND(E14,2),FIND(",",ROUND(E14,2))-1)))*1>=10^3,VALUE(LEFT(RIGHT(IF(LEN(SUBSTITUTE(ROUND(E14,2), ",", ""))=LEN(ROUND(E14,2)),ROUND(E14,2),TRIM(LEFT(ROUND(E14,2),FIND(",",ROUND(E14,2))-1)))*1,6),3))>0),IF(AND(IF(LEN(SUBSTITUTE(ROUND(E14,2), ",", ""))=LEN(ROUND(E14,2)),ROUND(E14,2),TRIM(LEFT(ROUND(E14,2),FIND(",",ROUND(E14,2))-1)))*1>1999,LEFT(RIGHT(IF(LEN(SUBSTITUTE(ROUND(E14,2), ",", ""))=LEN(ROUND(E14,2)),ROUND(E14,2),TRIM(LEFT(ROUND(E14,2),FIND(",",ROUND(E14,2))-1)))*1,4),1)="1",LEFT(RIGHT(IF(LEN(SUBSTITUTE(ROUND(E14,2), ",", ""))=LEN(ROUND(E14,2)),ROUND(E14,2),TRIM(LEFT(ROUND(E14,2),FIND(",",ROUND(E14,2))-1)))*1,6),2)<>"00"),"birbin","bin"),"")&IF(IF(LEN(SUBSTITUTE(ROUND(E14,2), ",", ""))=LEN(ROUND(E14,2)),ROUND(E14,2),TRIM(LEFT(ROUND(E14,2),FIND(",",ROUND(E14,2))-1)))*1>=100,CHOOSE(LEFT(RIGHT(IF(LEN(SUBSTITUTE(ROUND(E14,2), ",", ""))=LEN(ROUND(E14,2)),ROUND(E14,2),TRIM(LEFT(ROUND(E14,2),FIND(",",ROUND(E14,2))-1)))*1,3),1)+1,"","yüz","ikiyüz","üçyüz","dörtyüz","beşyüz","altıyüz","yediyüz","sekizyüz","dokuzyüz"),"")&IF(IF(LEN(SUBSTITUTE(ROUND(E14,2), ",", ""))=LEN(ROUND(E14,2)),ROUND(E14,2),TRIM(LEFT(ROUND(E14,2),FIND(",",ROUND(E14,2))-1)))*1>=10,CHOOSE(LEFT(RIGHT(IF(LEN(SUBSTITUTE(ROUND(E14,2), ",", ""))=LEN(ROUND(E14,2)),ROUND(E14,2),TRIM(LEFT(ROUND(E14,2),FIND(",",ROUND(E14,2))-1)))*1,2),1)+1,"","on","yirmi","otuz","kırk","elli","altmış","yetmiş","seksen","doksan"),"")&CHOOSE(MOD(IF(LEN(SUBSTITUTE(ROUND(E14,2), ",", ""))=LEN(ROUND(E14,2)),ROUND(E14,2),TRIM(LEFT(ROUND(E14,2),FIND(",",ROUND(E14,2))-1)))*1,10)+1,"","bir","iki","üç","dört","beş","altı","yedi","sekiz","dokuz")) & " TL " & IF(OR(LEN(SUBSTITUTE(E14, ",", ""))=LEN(E14),LEN(SUBSTITUTE(ROUND(E14,2), ",", ""))=LEN(ROUND(E14,2))),"", PROPER(IF(IF(LEN(TRIM(RIGHT(ROUND(E14,2),LEN(ROUND(E14,2))-FIND(",",ROUND(E14,2)))))<2,TRIM(RIGHT(ROUND(E14,2),LEN(ROUND(E14,2))-FIND(",",ROUND(E14,2))))*10,TRIM(RIGHT(ROUND(E14,2),LEN(ROUND(E14,2))-FIND(",",ROUND(E14,2))))*1)>=10^5,CHOOSE(LEFT(RIGHT(IF(LEN(TRIM(RIGHT(ROUND(E14,2),LEN(ROUND(E14,2))-FIND(",",ROUND(E14,2)))))<2,TRIM(RIGHT(ROUND(E14,2),LEN(ROUND(E14,2))-FIND(",",ROUND(E14,2))))*10,TRIM(RIGHT(ROUND(E14,2),LEN(ROUND(E14,2))-FIND(",",ROUND(E14,2))))*1),6),1)+1,"","yüz","ikiyüz","üçyüz","dörtyüz","beşyüz","altıyüz","yediyüz","sekizyüz","dokuzyüz"),"")&IF(IF(LEN(TRIM(RIGHT(ROUND(E14,2),LEN(ROUND(E14,2))-FIND(",",ROUND(E14,2)))))<2,TRIM(RIGHT(ROUND(E14,2),LEN(ROUND(E14,2))-FIND(",",ROUND(E14,2))))*10,TRIM(RIGHT(ROUND(E14,2),LEN(ROUND(E14,2))-FIND(",",ROUND(E14,2))))*1)>=10^4,CHOOSE(LEFT(RIGHT(IF(LEN(TRIM(RIGHT(ROUND(E14,2),LEN(ROUND(E14,2))-FIND(",",ROUND(E14,2)))))<2,TRIM(RIGHT(ROUND(E14,2),LEN(ROUND(E14,2))-FIND(",",ROUND(E14,2))))*10,TRIM(RIGHT(ROUND(E14,2),LEN(ROUND(E14,2))-FIND(",",ROUND(E14,2))))*1),5),1)+1,"","on","yirmi","otuz","kırk","elli","altmış","yetmiş","seksen","doksan"),"")&IF(IF(LEN(TRIM(RIGHT(ROUND(E14,2),LEN(ROUND(E14,2))-FIND(",",ROUND(E14,2)))))<2,TRIM(RIGHT(ROUND(E14,2),LEN(ROUND(E14,2))-FIND(",",ROUND(E14,2))))*10,TRIM(RIGHT(ROUND(E14,2),LEN(ROUND(E14,2))-FIND(",",ROUND(E14,2))))*1)>=10^3,CHOOSE(LEFT(RIGHT(IF(LEN(TRIM(RIGHT(ROUND(E14,2),LEN(ROUND(E14,2))-FIND(",",ROUND(E14,2)))))<2,TRIM(RIGHT(ROUND(E14,2),LEN(ROUND(E14,2))-FIND(",",ROUND(E14,2))))*10,TRIM(RIGHT(ROUND(E14,2),LEN(ROUND(E14,2))-FIND(",",ROUND(E14,2))))*1),4),1)+1,"","","iki","üç","dört","beş","altı","yedi","sekiz","dokuz"),"")&IF(IF(LEN(TRIM(RIGHT(ROUND(E14,2),LEN(ROUND(E14,2))-FIND(",",ROUND(E14,2)))))<2,TRIM(RIGHT(ROUND(E14,2),LEN(ROUND(E14,2))-FIND(",",ROUND(E14,2))))*10,TRIM(RIGHT(ROUND(E14,2),LEN(ROUND(E14,2))-FIND(",",ROUND(E14,2))))*1)>=10,CHOOSE(LEFT(RIGHT(IF(LEN(TRIM(RIGHT(ROUND(E14,2),LEN(ROUND(E14,2))-FIND(",",ROUND(E14,2)))))<2,TRIM(RIGHT(ROUND(E14,2),LEN(ROUND(E14,2))-FIND(",",ROUND(E14,2))))*10,TRIM(RIGHT(ROUND(E14,2),LEN(ROUND(E14,2))-FIND(",",ROUND(E14,2))))*1),2),1)+1,"","on","yirmi","otuz","kırk","elli","altmış","yetmiş","seksen","doksan"),"")&CHOOSE(MOD(IF(LEN(TRIM(RIGHT(ROUND(E14,2),LEN(ROUND(E14,2))-FIND(",",ROUND(E14,2)))))<2,TRIM(RIGHT(ROUND(E14,2),LEN(ROUND(E14,2))-FIND(",",ROUND(E14,2))))*10,TRIM(RIGHT(ROUND(E14,2),LEN(ROUND(E14,2))-FIND(",",ROUND(E14,2))))*1),10)+1,"","bir","iki","üç","dört","beş","altı","yedi","sekiz","dokuz")) & " Kr") -> TL | G14: nakden

Sheet Senet Önizleme
D2: Senedin | E2: =$D9 &" - Taksit No: " & $D4&" " -> Adem Duman - Taksit No: # 1 # | G2: Ödeme Günü | I2: Türk Lirası | J2: Kuruş | M2: No | O2: Düzenleme Tarihi
D3: No: | G3: =D17 -> 45534 | I3: =D6 -> # 17.000 TL # | J3: =D7 -> # Krş # | M3: =D4 -> # 1 # | O3: =D19 -> 45503
D4: ="# "&TEXT(INT('Senet Taksit Giriş'!B3),"##.##0")&" #" -> # 1 #
D5: Tutarı | F5: =" İş bu emre muharrer senedim"&IF('Senet Borçlu Alacaklı Giriş'!$C$4="Gerçek Kişi","in","izin")&" mükabilinde "&TEXT(G3,"dd mmmm yyyy")&" tarihinde Sayın : "&'Senet Borçlu Alacaklı Giriş'!$C$1&" 'ya veyahut emruhavalesine yukarıda yazılı Yalnız # "&'Senet Taksit Giriş'!F3&" # ödeyeceği"&IF('Senet Borçlu Alacaklı Giriş'!$C$4="Gerçek Kişi","m.","z.")&" Bedeli "&'Senet Taksit Giriş'!G3&" ahzolunmuştur. İş bu bono vadesinde ödenmediği taktirde; iş bu bononun düzenleme tarihinin temerrüt başlangıç tarihi olarak kabul edileceğini, müteakip bonolarında muacceliyet kesbedeceğini,"&" ihtilaf vukuunda "&'Senet Borçlu Alacaklı Giriş'!$C$2&" mahkemelerinin selahiyetini şimdiden kabul eyleri"&IF('Senet Borçlu Alacaklı Giriş'!$C$4="Gerçek Kişi","m.","z.") -> İş bu emre muharrer senedimin mükabilinde 00 mmmm 2024 tarihinde Sayın : HACI MURAT BALCI 'ya veyahut emruhavalesine yukarıda yazılı Yalnız # Onyedibin TL # ödeyeceğim. Bedeli NAKDEN ahzolunmuştur. İş bu bono vadesinde ödenmediği taktirde; iş bu bononun düzenleme tarihinin temerrüt başlangıç tarihi olarak kabul edileceğini, müteakip bonolarında muacceliyet kesbedeceğini, ihtilaf vukuunda TOKAT mahkemelerinin selahiyetini şimdiden kabul eylerim.
D6: ="# "&TEXT(INT('Senet Taksit Giriş'!E3),"##.##0")&" TL #" -> # 17.000 TL #
D7: ="# "&TEXT(('Senet Taksit Giriş'!E3-INT('Senet Taksit Giriş'!E3))*100,"##.##")&" Krş #" -> # Krş #
D8: Borçlu:
D9: ='Senet Borçlu Alacaklı Giriş'!C5 -> Adem Duman
F10: ÖDEYECEK | G10: ="İsim : "&$D9 -> İsim : Adem Duman
G11: ="Adres : " &'Senet Borçlu Alacaklı Giriş'!$C$6 -> Adres : Hızarhane Cad. No:5 TOKAT
L12: İmza
G13: ="Vergi Dairesi : "&'Senet Borçlu Alacaklı Giriş'!$C$7 -> Vergi Dairesi : Tokat
G14: ="Vergi No / TC Kimlik No : "&'Senet Borçlu Alacaklı Giriş'!$C$8 -> Vergi No / TC Kimlik No : 341 3267 6260
F15: KEFİL | G15: ="İsim Unvan : "&'Senet Borçlu Alacaklı Giriş'!$C$9 -> İsim Unvan : Adem Duman
D16: Vade | G16: ="Adres : " &'Senet Borçlu Alacaklı Giriş'!$C$10 -> Adres : Esentepe Mah. Şehit Ulaşar Cad. Belde Sitesi B Blk. K1: D:3 TOKAT
D17: ='Senet Taksit Giriş'!D3 -> 45534 | L17: İmza
D18: Tarih | G18: ="Vergi Dairesi : "&'Senet Borçlu Alacaklı Giriş'!$C$11 -> Vergi Dairesi : Tokat
D19: ='Senet Taksit Giriş'!C3 -> 45503 | G19: ="Vergi No / TC Kimlik No : "&'Senet Borçlu Alacaklı Giriş'!$C$12 -> Vergi No / TC Kimlik No : 341 3267 6260
D23: Senedin | E23: =$D30 &" - Taksit No: " & $D25&" " -> Adem Duman - Taksit No: # 2 # | G23: Ödeme Günü | I23: Türk Lirası | J23: Kuruş | M23: No | O23: Düzenleme Tarihi
D24: No: | G24: =D38 -> 45565 | I24: =D27 -> # 17.000 TL # | J24: =D28 -> # Krş # | M24: =D25 -> # 2 # | O24: =D40 -> 45503
D25: ="# "&TEXT(INT('Senet Taksit Giriş'!B4),"##.##0")&" #" -> # 2 #
D26: Tutarı | F26: =" İş bu emre muharrer senedim"&IF('Senet Borçlu Alacaklı Giriş'!$C$4="Gerçek Kişi","in","izin")&" mükabilinde "&TEXT(G24,"dd mmmm yyyy")&" tarihinde Sayın : "&'Senet Borçlu Alacaklı Giriş'!$C$1&" 'ya veyahut emruhavalesine yukarıda yazılı Yalnız # "&'Senet Taksit Giriş'!F4&" # ödeyeceği"&IF('Senet Borçlu Alacaklı Giriş'!$C$4="Gerçek Kişi","m.","z.")&" Bedeli "&'Senet Taksit Giriş'!G4&" ahzolunmuştur. İş bu bono vadesinde ödenmediği taktirde; iş bu bononun düzenleme tarihinin temerrüt başlangıç tarihi olarak kabul edileceğini, müteakip bonolarında muacceliyet kesbedeceğini,"&" ihtilaf vukuunda "&'Senet Borçlu Alacaklı Giriş'!$C$2&" mahkemelerinin selahiyetini şimdiden kabul eyleri"&IF('Senet Borçlu Alacaklı Giriş'!$C$4="Gerçek Kişi","m.","z.") -> İş bu emre muharrer senedimin mükabilinde 00 mmmm 2024 tarihinde Sayın : HACI MURAT BALCI 'ya veyahut emruhavalesine yukarıda yazılı Yalnız # Onyedibin TL # ödeyeceğim. Bedeli NAKDEN ahzolunmuştur. İş bu bono vadesinde ödenmediği taktirde; iş bu bononun düzenleme tarihinin temerrüt başlangıç tarihi olarak kabul edileceğini, müteakip bonolarında muacceliyet kesbedeceğini, ihtilaf vukuunda TOKAT mahkemelerinin selahiyetini şimdiden kabul eylerim.
D27: ="# "&TEXT(INT('Senet Taksit Giriş'!E4),"##.##0")&" TL #" -> # 17.000 TL #
D28: ="# "&TEXT(('Senet Taksit Giriş'!E24-INT('Senet Taksit Giriş'!E24))*100,"##.##")&" Krş #" -> # Krş #
D29: Borçlu:
D30: =$D$9 -> Adem Duman
F31: ÖDEYECEK | G31: ="İsim : "&$D30 -> İsim : Adem Duman
G32: ="Adres : " &'Senet Borçlu Alacaklı Giriş'!$C$6 -> Adres : Hızarhane Cad. No:5 TOKAT
L33: İmza
G34: ="Vergi Dairesi : "&'Senet Borçlu Alacaklı Giriş'!$C$7 -> Vergi Dairesi : Tokat
G35: ="Vergi No / TC Kimlik No : "&'Senet Borçlu Alacaklı Giriş'!$C$8 -> Vergi No / TC Kimlik No : 341 3267 6260
F36: KEFİL | G36: ="İsim Unvan : "&'Senet Borçlu Alacaklı Giriş'!$C$9 -> İsim Unvan : Adem Duman
D37: Vade | G37: ="Adres : " &'Senet Borçlu Alacaklı Giriş'!$C$10 -> Adres : Esentepe Mah. Şehit Ulaşar Cad. Belde Sitesi B Blk. K1: D:3 TOKAT
D38: ='Senet Taksit Giriş'!D4 -> 45565 | L38: İmza
D39: Düzenleme Tarihi | G39: ="Vergi Dairesi : "&'Senet Borçlu Alacaklı Giriş'!$C$11 -> Vergi Dairesi : Tokat
D40: ='Senet Taksit Giriş'!C4 -> 45503 | G40: ="Vergi No / TC Kimlik No : "&'Senet Borçlu Alacaklı Giriş'!$C$12 -> Vergi No / TC Kimlik No : 341 3267 6260
D44: Senedin | E44: =$D51 &" - Taksit No: " & $D46&" " -> Adem Duman - Taksit No: # 3 # | G44: Ödeme Günü | I44: Türk Lirası | J44: Kuruş | M44: No | O44: Düzenleme Tarihi
D45: No: | G45: =D59 -> 45595 | I45: =D48 -> # 17.000 TL # | J45: =D49 -> # Krş # | M45: =D46 -> # 3 # | O45: =D61 -> 45503
D46: ="# "&TEXT(INT('Senet Taksit Giriş'!B5),"##.##0")&" #" -> # 3 #
D47: Tutarı | F47: =" İş bu emre muharrer senedim"&IF('Senet Borçlu Alacaklı Giriş'!$C$4="Gerçek Kişi","in","izin")&" mükabilinde "&TEXT(G45,"dd mmmm yyyy")&" tarihinde Sayın : "&'Senet Borçlu Alacaklı Giriş'!$C$1&" 'ya veyahut emruhavalesine yukarıda yazılı Yalnız # "&'Senet Taksit Giriş'!F5&" # ödeyeceği"&IF('Senet Borçlu Alacaklı Giriş'!$C$4="Gerçek Kişi","m.","z.")&" Bedeli "&'Senet Taksit Giriş'!G5&" ahzolunmuştur. İş bu bono vadesinde ödenmediği taktirde; iş bu bononun düzenleme tarihinin temerrüt başlangıç tarihi olarak kabul edileceğini, müteakip bonolarında muacceliyet kesbedeceğini,"&" ihtilaf vukuunda "&'Senet Borçlu Alacaklı Giriş'!$C$2&" mahkemelerinin selahiyetini şimdiden kabul eyleri"&IF('Senet Borçlu Alacaklı Giriş'!$C$4="Gerçek Kişi","m.","z.") -> İş bu emre muharrer senedimin mükabilinde 00 mmmm 2024 tarihinde Sayın : HACI MURAT BALCI 'ya veyahut emruhavalesine yukarıda yazılı Yalnız # Onyedibin TL # ödeyeceğim. Bedeli NAKDEN ahzolunmuştur. İş bu bono vadesinde ödenmediği taktirde; iş bu bononun düzenleme tarihinin temerrüt başlangıç tarihi olarak kabul edileceğini, müteakip bonolarında muacceliyet kesbedeceğini, ihtilaf vukuunda TOKAT mahkemelerinin selahiyetini şimdiden kabul eylerim.
D48: ="# "&TEXT(INT('Senet Taksit Giriş'!E5),"##.##0")&" TL #" -> # 17.000 TL #
D49: ="# "&TEXT(('Senet Taksit Giriş'!E46-INT('Senet Taksit Giriş'!E46))*100,"##.##")&" Krş #" -> # Krş #
D50: Borçlu:
D51: =$D$9 -> Adem Duman
F52: ÖDEYECEK | G52: ="İsim : "&$D51 -> İsim : Adem Duman
G53: ="Adres : " &'Senet Borçlu Alacaklı Giriş'!$C$6 -> Adres : Hızarhane Cad. No:5 TOKAT
L54: İmza
G55: ="Vergi Dairesi : "&'Senet Borçlu Alacaklı Giriş'!$C$7 -> Vergi Dairesi : Tokat
G56: ="Vergi No / TC Kimlik No : "&'Senet Borçlu Alacaklı Giriş'!$C$8 -> Vergi No / TC Kimlik No : 341 3267 6260
F57: KEFİL | G57: ="İsim Unvan : "&'Senet Borçlu Alacaklı Giriş'!$C$9 -> İsim Unvan : Adem Duman
D58: Vade | G58: ="Adres : " &'Senet Borçlu Alacaklı Giriş'!$C$10 -> Adres : Esentepe Mah. Şehit Ulaşar Cad. Belde Sitesi B Blk. K1: D:3 TOKAT
D59: ='Senet Taksit Giriş'!D5 -> 45595 | L59: İmza
D60: Tarih | G60: ="Vergi Dairesi : "&'Senet Borçlu Alacaklı Giriş'!$C$11 -> Vergi Dairesi : Tokat
D61: ='Senet Taksit Giriş'!C5 -> 45503 | G61: ="Vergi No / TC Kimlik No : "&'Senet Borçlu Alacaklı Giriş'!$C$12 -> Vergi No / TC Kimlik No : 341 3267 6260
D64: Senedin | E64: =$D71 &" - Taksit No: " & $D66&" " -> Adem Duman - Taksit No: # 4 # | G64: Ödeme Günü | I64: Türk Lirası | J64: Kuruş | M64: No | O64: Düzenleme Tarihi
D65: No: | G65: =D79 -> 45626 | I65: =D68 -> # 17.000 TL # | J65: =D69 -> # Krş # | M65: =D66 -> # 4 # | O65: =D81 -> 45503
D66: ="# "&TEXT(INT('Senet Taksit Giriş'!B6),"##.##0")&" #" -> # 4 #
D67: Tutarı | F67: =" İş bu emre muharrer senedim"&IF('Senet Borçlu Alacaklı Giriş'!$C$4="Gerçek Kişi","in","izin")&" mükabilinde "&TEXT(G65,"dd mmmm yyyy")&" tarihinde Sayın : "&'Senet Borçlu Alacaklı Giriş'!$C$1&" 'ya veyahut emruhavalesine yukarıda yazılı Yalnız # "&'Senet Taksit Giriş'!F6&" # ödeyeceği"&IF('Senet Borçlu Alacaklı Giriş'!$C$4="Gerçek Kişi","m.","z.")&" Bedeli "&'Senet Taksit Giriş'!G6&" ahzolunmuştur. İş bu bono vadesinde ödenmediği taktirde; iş bu bononun düzenleme tarihinin temerrüt başlangıç tarihi olarak kabul edileceğini, müteakip bonolarında muacceliyet kesbedeceğini,"&" ihtilaf vukuunda "&'Senet Borçlu Alacaklı Giriş'!$C$2&" mahkemelerinin selahiyetini şimdiden kabul eyleri"&IF('Senet Borçlu Alacaklı Giriş'!$C$4="Gerçek Kişi","m.","z.") -> İş bu emre muharrer senedimin mükabilinde 00 mmmm 2024 tarihinde Sayın : HACI MURAT BALCI 'ya veyahut emruhavalesine yukarıda yazılı Yalnız # Onyedibin TL # ödeyeceğim. Bedeli NAKDEN ahzolunmuştur. İş bu bono vadesinde ödenmediği taktirde; iş bu bononun düzenleme tarihinin temerrüt başlangıç tarihi olarak kabul edileceğini, müteakip bonolarında muacceliyet kesbedeceğini, ihtilaf vukuunda TOKAT mahkemelerinin selahiyetini şimdiden kabul eylerim.
D68: ="# "&TEXT(INT('Senet Taksit Giriş'!E6),"##.##0")&" TL #" -> # 17.000 TL #
D69: ="# "&TEXT(('Senet Taksit Giriş'!E68-INT('Senet Taksit Giriş'!E68))*100,"##.##")&" Krş #" -> # Krş #
D70: Borçlu:
D71: =$D$9 -> Adem Duman
F72: ÖDEYECEK | G72: ="İsim : "&$D71 -> İsim : Adem Duman
G73: ="Adres : " &'Senet Borçlu Alacaklı Giriş'!$C$6 -> Adres : Hızarhane Cad. No:5 TOKAT
L74: İmza
G75: ="Vergi Dairesi : "&'Senet Borçlu Alacaklı Giriş'!$C$7 -> Vergi Dairesi : Tokat
G76: ="Vergi No / TC Kimlik No : "&'Senet Borçlu Alacaklı Giriş'!$C$8 -> Vergi No / TC Kimlik No : 341 3267 6260
F77: KEFİL | G77: ="İsim Unvan : "&'Senet Borçlu Alacaklı Giriş'!$C$9 -> İsim Unvan : Adem Duman
D78: Vade | G78: ="Adres : " &'Senet Borçlu Alacaklı Giriş'!$C$10 -> Adres : Esentepe Mah. Şehit Ulaşar Cad. Belde Sitesi B Blk. K1: D:3 TOKAT
D79: ='Senet Taksit Giriş'!D6 -> 45626 | L79: İmza
D80: Tarih | G80: ="Vergi Dairesi : "&'Senet Borçlu Alacaklı Giriş'!$C$11 -> Vergi Dairesi : Tokat
D81: ='Senet Taksit Giriş'!C6 -> 45503 | G81: ="Vergi No / TC Kimlik No : "&'Senet Borçlu Alacaklı Giriş'!$C$12 -> Vergi No / TC Kimlik No : 341 3267 6260
D85: Senedin | E85: =$D92 &" - Taksit No: " & $D87&" " -> Adem Duman - Taksit No: # 5 # | G85: Ödeme Günü | I85: Türk Lirası | J85: Kuruş | M85: No | O85: Düzenleme Tarihi
D86: No: | G86: =D100 -> 45656 | I86: =D89 -> # 17.000 TL # | J86: =D90 -> # Krş # | M86: =D87 -> # 5 # | O86: =D102 -> 45503
D87: ="# "&TEXT(INT('Senet Taksit Giriş'!B7),"##.##0")&" #" -> # 5 #
D88: Tutarı | F88: =" İş bu emre muharrer senedim"&IF('Senet Borçlu Alacaklı Giriş'!$C$4="Gerçek Kişi","in","izin")&" mükabilinde "&TEXT(G86,"dd mmmm yyyy")&" tarihinde Sayın : "&'Senet Borçlu Alacaklı Giriş'!$C$1&" 'ya veyahut emruhavalesine yukarıda yazılı Yalnız # "&'Senet Taksit Giriş'!F7&" # ödeyeceği"&IF('Senet Borçlu Alacaklı Giriş'!$C$4="Gerçek Kişi","m.","z.")&" Bedeli "&'Senet Taksit Giriş'!G7&" ahzolunmuştur. İş bu bono vadesinde ödenmediği taktirde; iş bu bononun düzenleme tarihinin temerrüt başlangıç tarihi olarak kabul edileceğini, müteakip bonolarında muacceliyet kesbedeceğini,"&" ihtilaf vukuunda "&'Senet Borçlu Alacaklı Giriş'!$C$2&" mahkemelerinin selahiyetini şimdiden kabul eyleri"&IF('Senet Borçlu Alacaklı Giriş'!$C$4="Gerçek Kişi","m.","z.") -> İş bu emre muharrer senedimin mükabilinde 00 mmmm 2024 tarihinde Sayın : HACI MURAT BALCI 'ya veyahut emruhavalesine yukarıda yazılı Yalnız # Onyedibin TL # ödeyeceğim. Bedeli NAKDEN ahzolunmuştur. İş bu bono vadesinde ödenmediği taktirde; iş bu bononun düzenleme tarihinin temerrüt başlangıç tarihi olarak kabul edileceğini, müteakip bonolarında muacceliyet kesbedeceğini, ihtilaf vukuunda TOKAT mahkemelerinin selahiyetini şimdiden kabul eylerim.
D89: ="# "&TEXT(INT('Senet Taksit Giriş'!E7),"##.##0")&" TL #" -> # 17.000 TL #
D90: ="# "&TEXT(('Senet Taksit Giriş'!E90-INT('Senet Taksit Giriş'!E90))*100,"##.##")&" Krş #" -> # Krş #
D91: Borçlu:
D92: =$D$9 -> Adem Duman
F93: ÖDEYECEK | G93: ="İsim : "&$D92 -> İsim : Adem Duman
G94: ="Adres : " &'Senet Borçlu Alacaklı Giriş'!$C$6 -> Adres : Hızarhane Cad. No:5 TOKAT
L95: İmza
G96: ="Vergi Dairesi : "&'Senet Borçlu Alacaklı Giriş'!$C$7 -> Vergi Dairesi : Tokat
G97: ="Vergi No / TC Kimlik No : "&'Senet Borçlu Alacaklı Giriş'!$C$8 -> Vergi No / TC Kimlik No : 341 3267 6260
F98: KEFİL | G98: ="İsim Unvan : "&'Senet Borçlu Alacaklı Giriş'!$C$9 -> İsim Unvan : Adem Duman
D99: Vade | G99: ="Adres : " &'Senet Borçlu Alacaklı Giriş'!$C$10 -> Adres : Esentepe Mah. Şehit Ulaşar Cad. Belde Sitesi B Blk. K1: D:3 TOKAT
D100: ='Senet Taksit Giriş'!D7 -> 45656 | L100: İmza
D101: Tarih | G101: ="Vergi Dairesi : "&'Senet Borçlu Alacaklı Giriş'!$C$11 -> Vergi Dairesi : Tokat
D102: ='Senet Taksit Giriş'!C7 -> 45503 | G102: ="Vergi No / TC Kimlik No : "&'Senet Borçlu Alacaklı Giriş'!$C$12 -> Vergi No / TC Kimlik No : 341 3267 6260
D106: Senedin | E106: =$D113 &" - Taksit No: " & $D108&" " -> Adem Duman - Taksit No: # 6 # | G106: Ödeme Günü | I106: Türk Lirası | J106: Kuruş | M106: No | O106: Düzenleme Tarihi
D107: No: | G107: =D121 -> 45687 | I107: =D110 -> # 17.000 TL # | J107: =D111 -> # Krş # | M107: =D108 -> # 6 # | O107: =D123 -> 45503
D108: ="# "&TEXT(INT('Senet Taksit Giriş'!B8),"##.##0")&" #" -> # 6 #
D109: Tutarı | F109: =" İş bu emre muharrer senedim"&IF('Senet Borçlu Alacaklı Giriş'!$C$4="Gerçek Kişi","in","izin")&" mükabilinde "&TEXT(G107,"dd mmmm yyyy")&" tarihinde Sayın : "&'Senet Borçlu Alacaklı Giriş'!$C$1&" 'ya veyahut emruhavalesine yukarıda yazılı Yalnız # "&'Senet Taksit Giriş'!F8&" # ödeyeceği"&IF('Senet Borçlu Alacaklı Giriş'!$C$4="Gerçek Kişi","m.","z.")&" Bedeli "&'Senet Taksit Giriş'!G8&" ahzolunmuştur. İş bu bono vadesinde ödenmediği taktirde; iş bu bononun düzenleme tarihinin temerrüt başlangıç tarihi olarak kabul edileceğini, müteakip bonolarında muacceliyet kesbedeceğini,"&" ihtilaf vukuunda "&'Senet Borçlu Alacaklı Giriş'!$C$2&" mahkemelerinin selahiyetini şimdiden kabul eyleri"&IF('Senet Borçlu Alacaklı Giriş'!$C$4="Gerçek Kişi","m.","z.") -> İş bu emre muharrer senedimin mükabilinde 00 mmmm 2025 tarihinde Sayın : HACI MURAT BALCI 'ya veyahut emruhavalesine yukarıda yazılı Yalnız # Onyedibin TL # ödeyeceğim. Bedeli NAKDEN ahzolunmuştur. İş bu bono vadesinde ödenmediği taktirde; iş bu bononun düzenleme tarihinin temerrüt başlangıç tarihi olarak kabul edileceğini, müteakip bonolarında muacceliyet kesbedeceğini, ihtilaf vukuunda TOKAT mahkemelerinin selahiyetini şimdiden kabul eylerim.
D110: ="# "&TEXT(INT('Senet Taksit Giriş'!E8),"##.##0")&" TL #" -> # 17.000 TL #
D111: ="# "&TEXT(('Senet Taksit Giriş'!E111-INT('Senet Taksit Giriş'!E111))*100,"##.##")&" Krş #" -> # Krş #
D112: Borçlu:
D113: =$D$9 -> Adem Duman
F114: ÖDEYECEK | G114: ="İsim : "&$D113 -> İsim : Adem Duman
G115: ="Adres : " &'Senet Borçlu Alacaklı Giriş'!$C$6 -> Adres : Hızarhane Cad. No:5 TOKAT
...

Sheet Sheet5
B2: ADEM DUMAN - 2022-2023 Kira ödemesi
B3: Ödeme Tablosu
B4: 44438 | C4: Nakit 3000 TL
B5: 31.09.2021 | C5: Senet 3000 TL
B6: 44499 | C6: Senet 3000 TL
B7: 44530 | C7: Senet 3000 TL
B8: 44560 | C8: Senet 3000 TL
B9: 44591 | C9: Senet 3000 TL
B10: 44620 | C10: Senet 3000 TL
B11: 44650 | C11: Senet 3000 TL
B12: 44681 | C12: Senet 3000 TL
B13: 44711 | C13: Senet 3000 TL
B14: 44742 | C14: Senet 3000 TL
B15: 44772 | C15: Senet 3000 TL
B17: Yapılan Ödemeler | E17: Toplam Ödeme
C18: Ödenecek | D18: Ödenen
B19: 44438 | C19: ödendi | D19: 2000 | E19: =D19+E18 -> 2000
B20: 31.09.2021 | C20: ödendi | D20: 2000 | E20: =D20+E19 -> 4000
B21: 44499 | C21: ödendi | D21: 2000 | E21: =D21+E20 -> 6000
B22: 44530 | C22: ödendi | D22: 2000 | E22: =D22+E21 -> 8000
B23: 44560 | C23: ödendi | D23: 2000 | E23: =D23+E22 -> 10000
B24: 44591 | C24: ödendi | D24: 2000 | E24: =D24+E23 -> 12000
B25: 44620 | C25: ödendi | D25: 3000 | E25: =D25+E24 -> 15000
B26: 44650 | C26: 3000 | E26: =D26+E25 -> 15000
B27: 44681 | C27: 3000 | E27: =D27+E26 -> 15000
B28: 44711 | C28: 5000 | E28: =D28+E27 -> 15000
B29: 44742 | C29: 5000 | E29: =D29+E28 -> 15000
A30: 2022 sonu | B30: 44772 | C30: 5000 | E30: =D30+E29 -> 15000
A31: 2023 kirası | B31: 44803
B32: 44834
B33: 44864
B34: 44895
