Workbook

Sheet 02-23
B1: Sanayi_G_95m2_silim
B2: Metin Çelik – 545 243 50 40
B3: Duran Meşe – 531 338 45 26
B4: 30 Eylül 2023 – 29 Eylül 2024
B5: Yıllık Ücret | D5: 96000
B6: Ödeme şekli | D6: nakit
B7: Teminat (2022 tahsil edilen) | D7: 1200
B10: KİRA HESAP ÖZETİ
B11: anlaşma | D11: 45184
B12: kira başlangıcı | D12: 45199
B13: 1. yıl oturulacak gün sayısı | D13: 365
B14: 1. yıl günlük kira | D14: =D19/D13 -> 263.0137
D17: tutar | E17: bakiye
A19: 45198 | B19: 2023-24 kirası | D19: 96000 | E19: =D19 -> 96000
A20: 45196 | B20: senet verecek | C20: 83000 | E20: =E19+D20 -> 96000
A21: 45198 | B21: senet verecek | C21: 3000 | E21: =E20+D21 -> 96000
A22: 45229 | B22: Bankadan 10000 | D22: -10000 | E22: =E21+D22 -> 86000
B23: senetler gelmedi | E23: =E22+D23 -> 86000
E24: =E23+D24 -> 86000
E25: =E24+D25 -> 86000
E26: =E25+D26 -> 86000
E27: =E26+D27 -> 86000
E28: =E27+D28 -> 86000

Sheet Senet_Borçlu_Alacaklı_Giriş
B1: Alacaklı Adı Soyadı / Unvanı
B2: İl | C2: TOKAT
A4: BORÇLU | B4: Kişilik | C4: Gerçek Kişi
B5: Adı Soyadı / Unvanı | C5: Metin ÇELİK – 0545 2435040
B6: Adresi | C6: Doğancı Bağları Mah. 1. Cadde No:8 TOKAT
B7: Vergi Dairesi | C7: TOKAT
B8: Vergi No/TC Kimlik No | C8: 37471565288
A9: KEFİL | B9: Adı Soyadı / Unvanı | C9: Duran Meşe – 0531 3384526
B10: Adresi
B11: Vergi Dairesi
B12: Vergi No/TC Kimlik No

Sheet Senet_Taksit_Giriş
B2: Senet No | C2: Düzenleme Tarihi | D2: Vade Tarihi | E2: Tutarı Rakamla | F2: Tutarı Yazıyla | G2: Borcun Nedeni | H2: Senet Mühteviyatı
A3: 3 | B3: 1 | C3: 44798 | D3: 44834 | E3: 8000 | F3: =PROPER(IF(IF(LEN(SUBSTITUTE(ROUND(E3,2), ",", ""))=LEN(ROUND(E3,2)),ROUND(E3,2),TRIM(LEFT(ROUND(E3,2),FIND(",",ROUND(E3,2))-1)))*1>=10^6,CHOOSE(LEFT(RIGHT(IF(LEN(SUBSTITUTE(ROUND(E3,2), ",", ""))=LEN(ROUND(E3,2)),ROUND(E3,2),TRIM(LEFT(ROUND(E3,2),FIND(",",ROUND(E3,2))-1)))*1,7),1)+1,"","birmilyon","ikimilyon","üçmilyon","dörtmilyon","beşmilyon","altımilyon","yedimilyon","sekizmilyon","dokuzmilyon"),"")&IF(IF(LEN(SUBSTITUTE(ROUND(E3,2), ",", ""))=LEN(ROUND(E3,2)),ROUND(E3,2),TRIM(LEFT(ROUND(E3,2),FIND(",",ROUND(E3,2))-1)))*1>=10^5,CHOOSE(LEFT(RIGHT(IF(LEN(SUBSTITUTE(ROUND(E3,2), ",", ""))=LEN(ROUND(E3,2)),ROUND(E3,2),TRIM(LEFT(ROUND(E3,2),FIND(",",ROUND(E3,2))-1)))*1,6),1)+1,"","yüz","ikiyüz","üçyüz","dörtyüz","beşyüz","altıyüz","yediyüz","sekizyüz","dokuzyüz"),"")&IF(IF(LEN(SUBSTITUTE(ROUND(E3,2), ",", ""))=LEN(ROUND(E3,2)),ROUND(E3,2),TRIM(LEFT(ROUND(E3,2),FIND(",",ROUND(E3,2))-1)))*1>=10^4,CHOOSE(LEFT(RIGHT(IF(LEN(SUBSTITUTE(ROUND(E3,2), ",", ""))=LEN(ROUND(E3,2)),ROUND(E3,2),TRIM(LEFT(ROUND(E3,2),FIND(",",ROUND(E3,2))-1)))*1,5),1)+1,"","on","yirmi","otuz","kırk","elli","altmış","yetmiş","seksen","doksan"),"")&IF(IF(LEN(SUBSTITUTE(ROUND(E3,2), ",", ""))=LEN(ROUND(E3,2)),ROUND(E3,2),TRIM(LEFT(ROUND(E3,2),FIND(",",ROUND(E3,2))-1)))*1>=10^3,CHOOSE(LEFT(RIGHT(IF(LEN(SUBSTITUTE(ROUND(E3,2), ",", ""))=LEN(ROUND(E3,2)),ROUND(E3,2),TRIM(LEFT(ROUND(E3,2),FIND(",",ROUND(E3,2))-1)))*1,4),1)+1,"","","iki","üç","dört","beş","altı","yedi","sekiz","dokuz"),"")&IF(AND(IF(LEN(SUBSTITUTE(ROUND(E3,2), ",", ""))=LEN(ROUND(E3,2)),ROUND(E3,2),TRIM(LEFT(ROUND(E3,2),FIND(",",ROUND(E3,2))-1)))*1>=10^3,VALUE(LEFT(RIGHT(IF(LEN(SUBSTITUTE(ROUND(E3,2), ",", ""))=LEN(ROUND(E3,2)),ROUND(E3,2),TRIM(LEFT(ROUND(E3,2),FIND(",",ROUND(E3,2))-1)))*1,6),3))>0),IF(AND(IF(LEN(SUBSTITUTE(ROUND(E3,2), ",", ""))=LEN(ROUND(E3,2)),ROUND(E3,2),TRIM(LEFT(ROUND(E3,2),FIND(",",ROUND(E3,2))-1)))*1>1999,LEFT(RIGHT(IF(LEN(SUBSTITUTE(ROUND(E3,2), ",", ""))=LEN(ROUND(E3,2)),ROUND(E3,2),TRIM(LEFT(ROUND(E3,2),FIND(",",ROUND(E3,2))-1)))*1,4),1)="1",LEFT(RIGHT(IF(LEN(SUBSTITUTE(ROUND(E3,2), ",", ""))=LEN(ROUND(E3,2)),ROUND(E3,2),TRIM(LEFT(ROUND(E3,2),FIND(",",ROUND(E3,2))-1)))*1,6),2)<>"00"),"birbin","bin"),"")&IF(IF(LEN(SUBSTITUTE(ROUND(E3,2), ",", ""))=LEN(ROUND(E3,2)),ROUND(E3,2),TRIM(LEFT(ROUND(E3,2),FIND(",",ROUND(E3,2))-1)))*1>=100,CHOOSE(LEFT(RIGHT(IF(LEN(SUBSTITUTE(ROUND(E3,2), ",", ""))=LEN(ROUND(E3,2)),ROUND(E3,2),TRIM(LEFT(ROUND(E3,2),FIND(",",ROUND(E3,2))-1)))*1,3),1)+1,"","yüz","ikiyüz","üçyüz","dörtyüz","beşyüz","altıyüz","yediyüz","sekizyüz","dokuzyüz"),"")&IF(IF(LEN(SUBSTITUTE(ROUND(E3,2), ",", ""))=LEN(ROUND(E3,2)),ROUND(E3,2),TRIM(LEFT(ROUND(E3,2),FIND(",",ROUND(E3,2))-1)))*1>=10,CHOOSE(LEFT(RIGHT(IF(LEN(SUBSTITUTE(ROUND(E3,2), ",", ""))=LEN(ROUND(E3,2)),ROUND(E3,2),TRIM(LEFT(ROUND(E3,2),FIND(",",ROUND(E3,2))-1)))*1,2),1)+1,"","on","yirmi","otuz","kırk","elli","altmış","yetmiş","seksen","doksan"),"")&CHOOSE(MOD(IF(LEN(SUBSTITUTE(ROUND(E3,2), ",", ""))=LEN(ROUND(E3,2)),ROUND(E3,2),TRIM(LEFT(ROUND(E3,2),FIND(",",ROUND(E3,2))-1)))*1,10)+1,"","bir","iki","üç","dört","beş","altı","yedi","sekiz","dokuz")) & " TL " & IF(OR(LEN(SUBSTITUTE(E3, ",", ""))=LEN(E3),LEN(SUBSTITUTE(ROUND(E3,2), ",", ""))=LEN(ROUND(E3,2))),"", PROPER(IF(IF(LEN(TRIM(RIGHT(ROUND(E3,2),LEN(ROUND(E3,2))-FIND(",",ROUND(E3,2)))))<2,TRIM(RIGHT(ROUND(E3,2),LEN(ROUND(E3,2))-FIND(",",ROUND(E3,2))))*10,TRIM(RIGHT(ROUND(E3,2),LEN(ROUND(E3,2))-FIND(",",ROUND(E3,2))))*1)>=10^5,CHOOSE(LEFT(RIGHT(IF(LEN(TRIM(RIGHT(ROUND(E3,2),LEN(ROUND(E3,2))-FIND(",",ROUND(E3,2)))))<2,TRIM(RIGHT(ROUND(E3,2),LEN(ROUND(E3,2))-FIND(",",ROUND(E3,2))))*10,TRIM(RIGHT(ROUND(E3,2),LEN(ROUND(E3,2))-FIND(",",ROUND(E3,2))))*1),6),1)+1,"","yüz","ikiyüz","üçyüz","dörtyüz","beşyüz","altıyüz","yediyüz","sekizyüz","dokuzyüz"),"")&IF(IF(LEN(TRIM(RIGHT(ROUND(E3,2),LEN(ROUND(E3,2))-FIND(",",ROUND(E3,2)))))<2,TRIM(RIGHT(ROUND(E3,2),LEN(ROUND(E3,2))-FIND(",",ROUND(E3,2))))*10,TRIM(RIGHT(ROUND(E3,2),LEN(ROUND(E3,2))-FIND(",",ROUND(E3,2))))*1)>=10^4,CHOOSE(LEFT(RIGHT(IF(LEN(TRIM(RIGHT(ROUND(E3,2),LEN(ROUND(E3,2))-FIND(",",ROUND(E3,2)))))<2,TRIM(RIGHT(ROUND(E3,2),LEN(ROUND(E3,2))-FIND(",",ROUND(E3,2))))*10,TRIM(RIGHT(ROUND(E3,2),LEN(ROUND(E3,2))-FIND(",",ROUND(E3,2))))*1),5),1)+1,"","on","yirmi","otuz","kırk","elli","altmış","yetmiş","seksen","doksan"),"")&IF(IF(LEN(TRIM(RIGHT(ROUND(E3,2),LEN(ROUND(E3,2))-FIND(",",ROUND(E3,2)))))<2,TRIM(RIGHT(ROUND(E3,2),LEN(ROUND(E3,2))-FIND(",",ROUND(E3,2))))*10,TRIM(RIGHT(ROUND(E3,2),LEN(ROUND(E3,2))-FIND(",",ROUND(E3,2))))*1)>=10^3,CHOOSE(LEFT(RIGHT(IF(LEN(TRIM(RIGHT(ROUND(E3,2),LEN(ROUND(E3,2))-FIND(",",ROUND(E3,2)))))<2,TRIM(RIGHT(ROUND(E3,2),LEN(ROUND(E3,2))-FIND(",",ROUND(E3,2))))*10,TRIM(RIGHT(ROUND(E3,2),LEN(ROUND(E3,2))-FIND(",",ROUND(E3,2))))*1),4),1)+1,"","","iki","üç","dört","beş","altı","yedi","sekiz","dokuz"),"")&IF(IF(LEN(TRIM(RIGHT(ROUND(E3,2),LEN(ROUND(E3,2))-FIND(",",ROUND(E3,2)))))<2,TRIM(RIGHT(ROUND(E3,2),LEN(ROUND(E3,2))-FIND(",",ROUND(E3,2))))*10,TRIM(RIGHT(ROUND(E3,2),LEN(ROUND(E3,2))-FIND(",",ROUND(E3,2))))*1)>=10,CHOOSE(LEFT(RIGHT(IF(LEN(TRIM(RIGHT(ROUND(E3,2),LEN(ROUND(E3,2))-FIND(",",ROUND(E3,2)))))<2,TRIM(RIGHT(ROUND(E3,2),LEN(ROUND(E3,2))-FIND(",",ROUND(E3,2))))*10,TRIM(RIGHT(ROUND(E3,2),LEN(ROUND(E3,2))-FIND(",",ROUND(E3,2))))*1),2),1)+1,"","on","yirmi","otuz","kırk","elli","altmış","yetmiş","seksen","doksan"),"")&CHOOSE(MOD(IF(LEN(TRIM(RIGHT(ROUND(E3,2),LEN(ROUND(E3,2))-FIND(",",ROUND(E3,2)))))<2,TRIM(RIGHT(ROUND(E3,2),LEN(ROUND(E3,2))-FIND(",",ROUND(E3,2))))*10,TRIM(RIGHT(ROUND(E3,2),LEN(ROUND(E3,2))-FIND(",",ROUND(E3,2))))*1),10)+1,"","bir","iki","üç","dört","beş","altı","yedi","sekiz","dokuz")) & " Krş") -> Sekizbin TL | G3: nakden | H3: 1. Taksit
B4: 2 | C4: 44798 | D4: 44864 | F4: =PROPER(IF(IF(LEN(SUBSTITUTE(ROUND(E4,2), ",", ""))=LEN(ROUND(E4,2)),ROUND(E4,2),TRIM(LEFT(ROUND(E4,2),FIND(",",ROUND(E4,2))-1)))*1>=10^6,CHOOSE(LEFT(RIGHT(IF(LEN(SUBSTITUTE(ROUND(E4,2), ",", ""))=LEN(ROUND(E4,2)),ROUND(E4,2),TRIM(LEFT(ROUND(E4,2),FIND(",",ROUND(E4,2))-1)))*1,7),1)+1,"","birmilyon","ikimilyon","üçmilyon","dörtmilyon","beşmilyon","altımilyon","yedimilyon","sekizmilyon","dokuzmilyon"),"")&IF(IF(LEN(SUBSTITUTE(ROUND(E4,2), ",", ""))=LEN(ROUND(E4,2)),ROUND(E4,2),TRIM(LEFT(ROUND(E4,2),FIND(",",ROUND(E4,2))-1)))*1>=10^5,CHOOSE(LEFT(RIGHT(IF(LEN(SUBSTITUTE(ROUND(E4,2), ",", ""))=LEN(ROUND(E4,2)),ROUND(E4,2),TRIM(LEFT(ROUND(E4,2),FIND(",",ROUND(E4,2))-1)))*1,6),1)+1,"","yüz","ikiyüz","üçyüz","dörtyüz","beşyüz","altıyüz","yediyüz","sekizyüz","dokuzyüz"),"")&IF(IF(LEN(SUBSTITUTE(ROUND(E4,2), ",", ""))=LEN(ROUND(E4,2)),ROUND(E4,2),TRIM(LEFT(ROUND(E4,2),FIND(",",ROUND(E4,2))-1)))*1>=10^4,CHOOSE(LEFT(RIGHT(IF(LEN(SUBSTITUTE(ROUND(E4,2), ",", ""))=LEN(ROUND(E4,2)),ROUND(E4,2),TRIM(LEFT(ROUND(E4,2),FIND(",",ROUND(E4,2))-1)))*1,5),1)+1,"","on","yirmi","otuz","kırk","elli","altmış","yetmiş","seksen","doksan"),"")&IF(IF(LEN(SUBSTITUTE(ROUND(E4,2), ",", ""))=LEN(ROUND(E4,2)),ROUND(E4,2),TRIM(LEFT(ROUND(E4,2),FIND(",",ROUND(E4,2))-1)))*1>=10^3,CHOOSE(LEFT(RIGHT(IF(LEN(SUBSTITUTE(ROUND(E4,2), ",", ""))=LEN(ROUND(E4,2)),ROUND(E4,2),TRIM(LEFT(ROUND(E4,2),FIND(",",ROUND(E4,2))-1)))*1,4),1)+1,"","","iki","üç","dört","beş","altı","yedi","sekiz","dokuz"),"")&IF(AND(IF(LEN(SUBSTITUTE(ROUND(E4,2), ",", ""))=LEN(ROUND(E4,2)),ROUND(E4,2),TRIM(LEFT(ROUND(E4,2),FIND(",",ROUND(E4,2))-1)))*1>=10^3,VALUE(LEFT(RIGHT(IF(LEN(SUBSTITUTE(ROUND(E4,2), ",", ""))=LEN(ROUND(E4,2)),ROUND(E4,2),TRIM(LEFT(ROUND(E4,2),FIND(",",ROUND(E4,2))-1)))*1,6),3))>0),IF(AND(IF(LEN(SUBSTITUTE(ROUND(E4,2), ",", ""))=LEN(ROUND(E4,2)),ROUND(E4,2),TRIM(LEFT(ROUND(E4,2),FIND(",",ROUND(E4,2))-1)))*1>1999,LEFT(RIGHT(IF(LEN(SUBSTITUTE(ROUND(E4,2), ",", ""))=LEN(ROUND(E4,2)),ROUND(E4,2),TRIM(LEFT(ROUND(E4,2),FIND(",",ROUND(E4,2))-1)))*1,4),1)="1",LEFT(RIGHT(IF(LEN(SUBSTITUTE(ROUND(E4,2), ",", ""))=LEN(ROUND(E4,2)),ROUND(E4,2),TRIM(LEFT(ROUND(E4,2),FIND(",",ROUND(E4,2))-1)))*1,6),2)<>"00"),"birbin","bin"),"")&IF(IF(LEN(SUBSTITUTE(ROUND(E4,2), ",", ""))=LEN(ROUND(E4,2)),ROUND(E4,2),TRIM(LEFT(ROUND(E4,2),FIND(",",ROUND(E4,2))-1)))*1>=100,CHOOSE(LEFT(RIGHT(IF(LEN(SUBSTITUTE(ROUND(E4,2), ",", ""))=LEN(ROUND(E4,2)),ROUND(E4,2),TRIM(LEFT(ROUND(E4,2),FIND(",",ROUND(E4,2))-1)))*1,3),1)+1,"","yüz","ikiyüz","üçyüz","dörtyüz","beşyüz","altıyüz","yediyüz","sekizyüz","dokuzyüz"),"")&IF(IF(LEN(SUBSTITUTE(ROUND(E4,2), ",", ""))=LEN(ROUND(E4,2)),ROUND(E4,2),TRIM(LEFT(ROUND(E4,2),FIND(",",ROUND(E4,2))-1)))*1>=10,CHOOSE(LEFT(RIGHT(IF(LEN(SUBSTITUTE(ROUND(E4,2), ",", ""))=LEN(ROUND(E4,2)),ROUND(E4,2),TRIM(LEFT(ROUND(E4,2),FIND(",",ROUND(E4,2))-1)))*1,2),1)+1,"","on","yirmi","otuz","kırk","elli","altmış","yetmiş","seksen","doksan"),"")&CHOOSE(MOD(IF(LEN(SUBSTITUTE(ROUND(E4,2), ",", ""))=LEN(ROUND(E4,2)),ROUND(E4,2),TRIM(LEFT(ROUND(E4,2),FIND(",",ROUND(E4,2))-1)))*1,10)+1,"","bir","iki","üç","dört","beş","altı","yedi","sekiz","dokuz")) & " TL " & IF(OR(LEN(SUBSTITUTE(E4, ",", ""))=LEN(E4),LEN(SUBSTITUTE(ROUND(E4,2), ",", ""))=LEN(ROUND(E4,2))),"", PROPER(IF(IF(LEN(TRIM(RIGHT(ROUND(E4,2),LEN(ROUND(E4,2))-FIND(",",ROUND(E4,2)))))<2,TRIM(RIGHT(ROUND(E4,2),LEN(ROUND(E4,2))-FIND(",",ROUND(E4,2))))*10,TRIM(RIGHT(ROUND(E4,2),LEN(ROUND(E4,2))-FIND(",",ROUND(E4,2))))*1)>=10^5,CHOOSE(LEFT(RIGHT(IF(LEN(TRIM(RIGHT(ROUND(E4,2),LEN(ROUND(E4,2))-FIND(",",ROUND(E4,2)))))<2,TRIM(RIGHT(ROUND(E4,2),LEN(ROUND(E4,2))-FIND(",",ROUND(E4,2))))*10,TRIM(RIGHT(ROUND(E4,2),LEN(ROUND(E4,2))-FIND(",",ROUND(E4,2))))*1),6),1)+1,"","yüz","ikiyüz","üçyüz","dörtyüz","beşyüz","altıyüz","yediyüz","sekizyüz","dokuzyüz"),"")&IF(IF(LEN(TRIM(RIGHT(ROUND(E4,2),LEN(ROUND(E4,2))-FIND(",",ROUND(E4,2)))))<2,TRIM(RIGHT(ROUND(E4,2),LEN(ROUND(E4,2))-FIND(",",ROUND(E4,2))))*10,TRIM(RIGHT(ROUND(E4,2),LEN(ROUND(E4,2))-FIND(",",ROUND(E4,2))))*1)>=10^4,CHOOSE(LEFT(RIGHT(IF(LEN(TRIM(RIGHT(ROUND(E4,2),LEN(ROUND(E4,2))-FIND(",",ROUND(E4,2)))))<2,TRIM(RIGHT(ROUND(E4,2),LEN(ROUND(E4,2))-FIND(",",ROUND(E4,2))))*10,TRIM(RIGHT(ROUND(E4,2),LEN(ROUND(E4,2))-FIND(",",ROUND(E4,2))))*1),5),1)+1,"","on","yirmi","otuz","kırk","elli","altmış","yetmiş","seksen","doksan"),"")&IF(IF(LEN(TRIM(RIGHT(ROUND(E4,2),LEN(ROUND(E4,2))-FIND(",",ROUND(E4,2)))))<2,TRIM(RIGHT(ROUND(E4,2),LEN(ROUND(E4,2))-FIND(",",ROUND(E4,2))))*10,TRIM(RIGHT(ROUND(E4,2),LEN(ROUND(E4,2))-FIND(",",ROUND(E4,2))))*1)>=10^3,CHOOSE(LEFT(RIGHT(IF(LEN(TRIM(RIGHT(ROUND(E4,2),LEN(ROUND(E4,2))-FIND(",",ROUND(E4,2)))))<2,TRIM(RIGHT(ROUND(E4,2),LEN(ROUND(E4,2))-FIND(",",ROUND(E4,2))))*10,TRIM(RIGHT(ROUND(E4,2),LEN(ROUND(E4,2))-FIND(",",ROUND(E4,2))))*1),4),1)+1,"","","iki","üç","dört","beş","altı","yedi","sekiz","dokuz"),"")&IF(IF(LEN(TRIM(RIGHT(ROUND(E4,2),LEN(ROUND(E4,2))-FIND(",",ROUND(E4,2)))))<2,TRIM(RIGHT(ROUND(E4,2),LEN(ROUND(E4,2))-FIND(",",ROUND(E4,2))))*10,TRIM(RIGHT(ROUND(E4,2),LEN(ROUND(E4,2))-FIND(",",ROUND(E4,2))))*1)>=10,CHOOSE(LEFT(RIGHT(IF(LEN(TRIM(RIGHT(ROUND(E4,2),LEN(ROUND(E4,2))-FIND(",",ROUND(E4,2)))))<2,TRIM(RIGHT(ROUND(E4,2),LEN(ROUND(E4,2))-FIND(",",ROUND(E4,2))))*10,TRIM(RIGHT(ROUND(E4,2),LEN(ROUND(E4,2))-FIND(",",ROUND(E4,2))))*1),2),1)+1,"","on","yirmi","otuz","kırk","elli","altmış","yetmiş","seksen","doksan"),"")&CHOOSE(MOD(IF(LEN(TRIM(RIGHT(ROUND(E4,2),LEN(ROUND(E4,2))-FIND(",",ROUND(E4,2)))))<2,TRIM(RIGHT(ROUND(E4,2),LEN(ROUND(E4,2))-FIND(",",ROUND(E4,2))))*10,TRIM(RIGHT(ROUND(E4,2),LEN(ROUND(E4,2))-FIND(",",ROUND(E4,2))))*1),10)+1,"","bir","iki","üç","dört","beş","altı","yedi","sekiz","dokuz")) & " Kr") -> TL | G4: =G3 -> nakden
B5: 3 | C5: 44798 | D5: 44895 | F5: =PROPER(IF(IF(LEN(SUBSTITUTE(ROUND(E5,2), ",", ""))=LEN(ROUND(E5,2)),ROUND(E5,2),TRIM(LEFT(ROUND(E5,2),FIND(",",ROUND(E5,2))-1)))*1>=10^6,CHOOSE(LEFT(RIGHT(IF(LEN(SUBSTITUTE(ROUND(E5,2), ",", ""))=LEN(ROUND(E5,2)),ROUND(E5,2),TRIM(LEFT(ROUND(E5,2),FIND(",",ROUND(E5,2))-1)))*1,7),1)+1,"","birmilyon","ikimilyon","üçmilyon","dörtmilyon","beşmilyon","altımilyon","yedimilyon","sekizmilyon","dokuzmilyon"),"")&IF(IF(LEN(SUBSTITUTE(ROUND(E5,2), ",", ""))=LEN(ROUND(E5,2)),ROUND(E5,2),TRIM(LEFT(ROUND(E5,2),FIND(",",ROUND(E5,2))-1)))*1>=10^5,CHOOSE(LEFT(RIGHT(IF(LEN(SUBSTITUTE(ROUND(E5,2), ",", ""))=LEN(ROUND(E5,2)),ROUND(E5,2),TRIM(LEFT(ROUND(E5,2),FIND(",",ROUND(E5,2))-1)))*1,6),1)+1,"","yüz","ikiyüz","üçyüz","dörtyüz","beşyüz","altıyüz","yediyüz","sekizyüz","dokuzyüz"),"")&IF(IF(LEN(SUBSTITUTE(ROUND(E5,2), ",", ""))=LEN(ROUND(E5,2)),ROUND(E5,2),TRIM(LEFT(ROUND(E5,2),FIND(",",ROUND(E5,2))-1)))*1>=10^4,CHOOSE(LEFT(RIGHT(IF(LEN(SUBSTITUTE(ROUND(E5,2), ",", ""))=LEN(ROUND(E5,2)),ROUND(E5,2),TRIM(LEFT(ROUND(E5,2),FIND(",",ROUND(E5,2))-1)))*1,5),1)+1,"","on","yirmi","otuz","kırk","elli","altmış","yetmiş","seksen","doksan"),"")&IF(IF(LEN(SUBSTITUTE(ROUND(E5,2), ",", ""))=LEN(ROUND(E5,2)),ROUND(E5,2),TRIM(LEFT(ROUND(E5,2),FIND(",",ROUND(E5,2))-1)))*1>=10^3,CHOOSE(LEFT(RIGHT(IF(LEN(SUBSTITUTE(ROUND(E5,2), ",", ""))=LEN(ROUND(E5,2)),ROUND(E5,2),TRIM(LEFT(ROUND(E5,2),FIND(",",ROUND(E5,2))-1)))*1,4),1)+1,"","","iki","üç","dört","beş","altı","yedi","sekiz","dokuz"),"")&IF(AND(IF(LEN(SUBSTITUTE(ROUND(E5,2), ",", ""))=LEN(ROUND(E5,2)),ROUND(E5,2),TRIM(LEFT(ROUND(E5,2),FIND(",",ROUND(E5,2))-1)))*1>=10^3,VALUE(LEFT(RIGHT(IF(LEN(SUBSTITUTE(ROUND(E5,2), ",", ""))=LEN(ROUND(E5,2)),ROUND(E5,2),TRIM(LEFT(ROUND(E5,2),FIND(",",ROUND(E5,2))-1)))*1,6),3))>0),IF(AND(IF(LEN(SUBSTITUTE(ROUND(E5,2), ",", ""))=LEN(ROUND(E5,2)),ROUND(E5,2),TRIM(LEFT(ROUND(E5,2),FIND(",",ROUND(E5,2))-1)))*1>1999,LEFT(RIGHT(IF(LEN(SUBSTITUTE(ROUND(E5,2), ",", ""))=LEN(ROUND(E5,2)),ROUND(E5,2),TRIM(LEFT(ROUND(E5,2),FIND(",",ROUND(E5,2))-1)))*1,4),1)="1",LEFT(RIGHT(IF(LEN(SUBSTITUTE(ROUND(E5,2), ",", ""))=LEN(ROUND(E5,2)),ROUND(E5,2),TRIM(LEFT(ROUND(E5,2),FIND(",",ROUND(E5,2))-1)))*1,6),2)<>"00"),"birbin","bin"),"")&IF(IF(LEN(SUBSTITUTE(ROUND(E5,2), ",", ""))=LEN(ROUND(E5,2)),ROUND(E5,2),TRIM(LEFT(ROUND(E5,2),FIND(",",ROUND(E5,2))-1)))*1>=100,CHOOSE(LEFT(RIGHT(IF(LEN(SUBSTITUTE(ROUND(E5,2), ",", ""))=LEN(ROUND(E5,2)),ROUND(E5,2),TRIM(LEFT(ROUND(E5,2),FIND(",",ROUND(E5,2))-1)))*1,3),1)+1,"","yüz","ikiyüz","üçyüz","dörtyüz","beşyüz","altıyüz","yediyüz","sekizyüz","dokuzyüz"),"")&IF(IF(LEN(SUBSTITUTE(ROUND(E5,2), ",", ""))=LEN(ROUND(E5,2)),ROUND(E5,2),TRIM(LEFT(ROUND(E5,2),FIND(",",ROUND(E5,2))-1)))*1>=10,CHOOSE(LEFT(RIGHT(IF(LEN(SUBSTITUTE(ROUND(E5,2), ",", ""))=LEN(ROUND(E5,2)),ROUND(E5,2),TRIM(LEFT(ROUND(E5,2),FIND(",",ROUND(E5,2))-1)))*1,2),1)+1,"","on","yirmi","otuz","kırk","elli","altmış","yetmiş","seksen","doksan"),"")&CHOOSE(MOD(IF(LEN(SUBSTITUTE(ROUND(E5,2), ",", ""))=LEN(ROUND(E5,2)),ROUND(E5,2),TRIM(LEFT(ROUND(E5,2),FIND(",",ROUND(E5,2))-1)))*1,10)+1,"","bir","iki","üç","dört","beş","altı","yedi","sekiz","dokuz")) & " TL " & IF(OR(LEN(SUBSTITUTE(E5, ",", ""))=LEN(E5),LEN(SUBSTITUTE(ROUND(E5,2), ",", ""))=LEN(ROUND(E5,2))),"", PROPER(IF(IF(LEN(TRIM(RIGHT(ROUND(E5,2),LEN(ROUND(E5,2))-FIND(",",ROUND(E5,2)))))<2,TRIM(RIGHT(ROUND(E5,2),LEN(ROUND(E5,2))-FIND(",",ROUND(E5,2))))*10,TRIM(RIGHT(ROUND(E5,2),LEN(ROUND(E5,2))-FIND(",",ROUND(E5,2))))*1)>=10^5,CHOOSE(LEFT(RIGHT(IF(LEN(TRIM(RIGHT(ROUND(E5,2),LEN(ROUND(E5,2))-FIND(",",ROUND(E5,2)))))<2,TRIM(RIGHT(ROUND(E5,2),LEN(ROUND(E5,2))-FIND(",",ROUND(E5,2))))*10,TRIM(RIGHT(ROUND(E5,2),LEN(ROUND(E5,2))-FIND(",",ROUND(E5,2))))*1),6),1)+1,"","yüz","ikiyüz","üçyüz","dörtyüz","beşyüz","altıyüz","yediyüz","sekizyüz","dokuzyüz"),"")&IF(IF(LEN(TRIM(RIGHT(ROUND(E5,2),LEN(ROUND(E5,2))-FIND(",",ROUND(E5,2)))))<2,TRIM(RIGHT(ROUND(E5,2),LEN(ROUND(E5,2))-FIND(",",ROUND(E5,2))))*10,TRIM(RIGHT(ROUND(E5,2),LEN(ROUND(E5,2))-FIND(",",ROUND(E5,2))))*1)>=10^4,CHOOSE(LEFT(RIGHT(IF(LEN(TRIM(RIGHT(ROUND(E5,2),LEN(ROUND(E5,2))-FIND(",",ROUND(E5,2)))))<2,TRIM(RIGHT(ROUND(E5,2),LEN(ROUND(E5,2))-FIND(",",ROUND(E5,2))))*10,TRIM(RIGHT(ROUND(E5,2),LEN(ROUND(E5,2))-FIND(",",ROUND(E5,2))))*1),5),1)+1,"","on","yirmi","otuz","kırk","elli","altmış","yetmiş","seksen","doksan"),"")&IF(IF(LEN(TRIM(RIGHT(ROUND(E5,2),LEN(ROUND(E5,2))-FIND(",",ROUND(E5,2)))))<2,TRIM(RIGHT(ROUND(E5,2),LEN(ROUND(E5,2))-FIND(",",ROUND(E5,2))))*10,TRIM(RIGHT(ROUND(E5,2),LEN(ROUND(E5,2))-FIND(",",ROUND(E5,2))))*1)>=10^3,CHOOSE(LEFT(RIGHT(IF(LEN(TRIM(RIGHT(ROUND(E5,2),LEN(ROUND(E5,2))-FIND(",",ROUND(E5,2)))))<2,TRIM(RIGHT(ROUND(E5,2),LEN(ROUND(E5,2))-FIND(",",ROUND(E5,2))))*10,TRIM(RIGHT(ROUND(E5,2),LEN(ROUND(E5,2))-FIND(",",ROUND(E5,2))))*1),4),1)+1,"","","iki","üç","dört","beş","altı","yedi","sekiz","dokuz"),"")&IF(IF(LEN(TRIM(RIGHT(ROUND(E5,2),LEN(ROUND(E5,2))-FIND(",",ROUND(E5,2)))))<2,TRIM(RIGHT(ROUND(E5,2),LEN(ROUND(E5,2))-FIND(",",ROUND(E5,2))))*10,TRIM(RIGHT(ROUND(E5,2),LEN(ROUND(E5,2))-FIND(",",ROUND(E5,2))))*1)>=10,CHOOSE(LEFT(RIGHT(IF(LEN(TRIM(RIGHT(ROUND(E5,2),LEN(ROUND(E5,2))-FIND(",",ROUND(E5,2)))))<2,TRIM(RIGHT(ROUND(E5,2),LEN(ROUND(E5,2))-FIND(",",ROUND(E5,2))))*10,TRIM(RIGHT(ROUND(E5,2),LEN(ROUND(E5,2))-FIND(",",ROUND(E5,2))))*1),2),1)+1,"","on","yirmi","otuz","kırk","elli","altmış","yetmiş","seksen","doksan"),"")&CHOOSE(MOD(IF(LEN(TRIM(RIGHT(ROUND(E5,2),LEN(ROUND(E5,2))-FIND(",",ROUND(E5,2)))))<2,TRIM(RIGHT(ROUND(E5,2),LEN(ROUND(E5,2))-FIND(",",ROUND(E5,2))))*10,TRIM(RIGHT(ROUND(E5,2),LEN(ROUND(E5,2))-FIND(",",ROUND(E5,2))))*1),10)+1,"","bir","iki","üç","dört","beş","altı","yedi","sekiz","dokuz")) & " Kr") -> TL | G5: =G4 -> nakden
B6: 4 | C6: 44798 | D6: 44925 | F6: =PROPER(IF(IF(LEN(SUBSTITUTE(ROUND(E6,2), ",", ""))=LEN(ROUND(E6,2)),ROUND(E6,2),TRIM(LEFT(ROUND(E6,2),FIND(",",ROUND(E6,2))-1)))*1>=10^6,CHOOSE(LEFT(RIGHT(IF(LEN(SUBSTITUTE(ROUND(E6,2), ",", ""))=LEN(ROUND(E6,2)),ROUND(E6,2),TRIM(LEFT(ROUND(E6,2),FIND(",",ROUND(E6,2))-1)))*1,7),1)+1,"","birmilyon","ikimilyon","üçmilyon","dörtmilyon","beşmilyon","altımilyon","yedimilyon","sekizmilyon","dokuzmilyon"),"")&IF(IF(LEN(SUBSTITUTE(ROUND(E6,2), ",", ""))=LEN(ROUND(E6,2)),ROUND(E6,2),TRIM(LEFT(ROUND(E6,2),FIND(",",ROUND(E6,2))-1)))*1>=10^5,CHOOSE(LEFT(RIGHT(IF(LEN(SUBSTITUTE(ROUND(E6,2), ",", ""))=LEN(ROUND(E6,2)),ROUND(E6,2),TRIM(LEFT(ROUND(E6,2),FIND(",",ROUND(E6,2))-1)))*1,6),1)+1,"","yüz","ikiyüz","üçyüz","dörtyüz","beşyüz","altıyüz","yediyüz","sekizyüz","dokuzyüz"),"")&IF(IF(LEN(SUBSTITUTE(ROUND(E6,2), ",", ""))=LEN(ROUND(E6,2)),ROUND(E6,2),TRIM(LEFT(ROUND(E6,2),FIND(",",ROUND(E6,2))-1)))*1>=10^4,CHOOSE(LEFT(RIGHT(IF(LEN(SUBSTITUTE(ROUND(E6,2), ",", ""))=LEN(ROUND(E6,2)),ROUND(E6,2),TRIM(LEFT(ROUND(E6,2),FIND(",",ROUND(E6,2))-1)))*1,5),1)+1,"","on","yirmi","otuz","kırk","elli","altmış","yetmiş","seksen","doksan"),"")&IF(IF(LEN(SUBSTITUTE(ROUND(E6,2), ",", ""))=LEN(ROUND(E6,2)),ROUND(E6,2),TRIM(LEFT(ROUND(E6,2),FIND(",",ROUND(E6,2))-1)))*1>=10^3,CHOOSE(LEFT(RIGHT(IF(LEN(SUBSTITUTE(ROUND(E6,2), ",", ""))=LEN(ROUND(E6,2)),ROUND(E6,2),TRIM(LEFT(ROUND(E6,2),FIND(",",ROUND(E6,2))-1)))*1,4),1)+1,"","","iki","üç","dört","beş","altı","yedi","sekiz","dokuz"),"")&IF(AND(IF(LEN(SUBSTITUTE(ROUND(E6,2), ",", ""))=LEN(ROUND(E6,2)),ROUND(E6,2),TRIM(LEFT(ROUND(E6,2),FIND(",",ROUND(E6,2))-1)))*1>=10^3,VALUE(LEFT(RIGHT(IF(LEN(SUBSTITUTE(ROUND(E6,2), ",", ""))=LEN(ROUND(E6,2)),ROUND(E6,2),TRIM(LEFT(ROUND(E6,2),FIND(",",ROUND(E6,2))-1)))*1,6),3))>0),IF(AND(IF(LEN(SUBSTITUTE(ROUND(E6,2), ",", ""))=LEN(ROUND(E6,2)),ROUND(E6,2),TRIM(LEFT(ROUND(E6,2),FIND(",",ROUND(E6,2))-1)))*1>1999,LEFT(RIGHT(IF(LEN(SUBSTITUTE(ROUND(E6,2), ",", ""))=LEN(ROUND(E6,2)),ROUND(E6,2),TRIM(LEFT(ROUND(E6,2),FIND(",",ROUND(E6,2))-1)))*1,4),1)="1",LEFT(RIGHT(IF(LEN(SUBSTITUTE(ROUND(E6,2), ",", ""))=LEN(ROUND(E6,2)),ROUND(E6,2),TRIM(LEFT(ROUND(E6,2),FIND(",",ROUND(E6,2))-1)))*1,6),2)<>"00"),"birbin","bin"),"")&IF(IF(LEN(SUBSTITUTE(ROUND(E6,2), ",", ""))=LEN(ROUND(E6,2)),ROUND(E6,2),TRIM(LEFT(ROUND(E6,2),FIND(",",ROUND(E6,2))-1)))*1>=100,CHOOSE(LEFT(RIGHT(IF(LEN(SUBSTITUTE(ROUND(E6,2), ",", ""))=LEN(ROUND(E6,2)),ROUND(E6,2),TRIM(LEFT(ROUND(E6,2),FIND(",",ROUND(E6,2))-1)))*1,3),1)+1,"","yüz","ikiyüz","üçyüz","dörtyüz","beşyüz","altıyüz","yediyüz","sekizyüz","dokuzyüz"),"")&IF(IF(LEN(SUBSTITUTE(ROUND(E6,2), ",", ""))=LEN(ROUND(E6,2)),ROUND(E6,2),TRIM(LEFT(ROUND(E6,2),FIND(",",ROUND(E6,2))-1)))*1>=10,CHOOSE(LEFT(RIGHT(IF(LEN(SUBSTITUTE(ROUND(E6,2), ",", ""))=LEN(ROUND(E6,2)),ROUND(E6,2),TRIM(LEFT(ROUND(E6,2),FIND(",",ROUND(E6,2))-1)))*1,2),1)+1,"","on","yirmi","otuz","kırk","elli","altmış","yetmiş","seksen","doksan"),"")&CHOOSE(MOD(IF(LEN(SUBSTITUTE(ROUND(E6,2), ",", ""))=LEN(ROUND(E6,2)),ROUND(E6,2),TRIM(LEFT(ROUND(E6,2),FIND(",",ROUND(E6,2))-1)))*1,10)+1,"","bir","iki","üç","dört","beş","altı","yedi","sekiz","dokuz")) & " TL " & IF(OR(LEN(SUBSTITUTE(E6, ",", ""))=LEN(E6),LEN(SUBSTITUTE(ROUND(E6,2), ",", ""))=LEN(ROUND(E6,2))),"", PROPER(IF(IF(LEN(TRIM(RIGHT(ROUND(E6,2),LEN(ROUND(E6,2))-FIND(",",ROUND(E6,2)))))<2,TRIM(RIGHT(ROUND(E6,2),LEN(ROUND(E6,2))-FIND(",",ROUND(E6,2))))*10,TRIM(RIGHT(ROUND(E6,2),LEN(ROUND(E6,2))-FIND(",",ROUND(E6,2))))*1)>=10^5,CHOOSE(LEFT(RIGHT(IF(LEN(TRIM(RIGHT(ROUND(E6,2),LEN(ROUND(E6,2))-FIND(",",ROUND(E6,2)))))<2,TRIM(RIGHT(ROUND(E6,2),LEN(ROUND(E6,2))-FIND(",",ROUND(E6,2))))*10,TRIM(RIGHT(ROUND(E6,2),LEN(ROUND(E6,2))-FIND(",",ROUND(E6,2))))*1),6),1)+1,"","yüz","ikiyüz","üçyüz","dörtyüz","beşyüz","altıyüz","yediyüz","sekizyüz","dokuzyüz"),"")&IF(IF(LEN(TRIM(RIGHT(ROUND(E6,2),LEN(ROUND(E6,2))-FIND(",",ROUND(E6,2)))))<2,TRIM(RIGHT(ROUND(E6,2),LEN(ROUND(E6,2))-FIND(",",ROUND(E6,2))))*10,TRIM(RIGHT(ROUND(E6,2),LEN(ROUND(E6,2))-FIND(",",ROUND(E6,2))))*1)>=10^4,CHOOSE(LEFT(RIGHT(IF(LEN(TRIM(RIGHT(ROUND(E6,2),LEN(ROUND(E6,2))-FIND(",",ROUND(E6,2)))))<2,TRIM(RIGHT(ROUND(E6,2),LEN(ROUND(E6,2))-FIND(",",ROUND(E6,2))))*10,TRIM(RIGHT(ROUND(E6,2),LEN(ROUND(E6,2))-FIND(",",ROUND(E6,2))))*1),5),1)+1,"","on","yirmi","otuz","kırk","elli","altmış","yetmiş","seksen","doksan"),"")&IF(IF(LEN(TRIM(RIGHT(ROUND(E6,2),LEN(ROUND(E6,2))-FIND(",",ROUND(E6,2)))))<2,TRIM(RIGHT(ROUND(E6,2),LEN(ROUND(E6,2))-FIND(",",ROUND(E6,2))))*10,TRIM(RIGHT(ROUND(E6,2),LEN(ROUND(E6,2))-FIND(",",ROUND(E6,2))))*1)>=10^3,CHOOSE(LEFT(RIGHT(IF(LEN(TRIM(RIGHT(ROUND(E6,2),LEN(ROUND(E6,2))-FIND(",",ROUND(E6,2)))))<2,TRIM(RIGHT(ROUND(E6,2),LEN(ROUND(E6,2))-FIND(",",ROUND(E6,2))))*10,TRIM(RIGHT(ROUND(E6,2),LEN(ROUND(E6,2))-FIND(",",ROUND(E6,2))))*1),4),1)+1,"","","iki","üç","dört","beş","altı","yedi","sekiz","dokuz"),"")&IF(IF(LEN(TRIM(RIGHT(ROUND(E6,2),LEN(ROUND(E6,2))-FIND(",",ROUND(E6,2)))))<2,TRIM(RIGHT(ROUND(E6,2),LEN(ROUND(E6,2))-FIND(",",ROUND(E6,2))))*10,TRIM(RIGHT(ROUND(E6,2),LEN(ROUND(E6,2))-FIND(",",ROUND(E6,2))))*1)>=10,CHOOSE(LEFT(RIGHT(IF(LEN(TRIM(RIGHT(ROUND(E6,2),LEN(ROUND(E6,2))-FIND(",",ROUND(E6,2)))))<2,TRIM(RIGHT(ROUND(E6,2),LEN(ROUND(E6,2))-FIND(",",ROUND(E6,2))))*10,TRIM(RIGHT(ROUND(E6,2),LEN(ROUND(E6,2))-FIND(",",ROUND(E6,2))))*1),2),1)+1,"","on","yirmi","otuz","kırk","elli","altmış","yetmiş","seksen","doksan"),"")&CHOOSE(MOD(IF(LEN(TRIM(RIGHT(ROUND(E6,2),LEN(ROUND(E6,2))-FIND(",",ROUND(E6,2)))))<2,TRIM(RIGHT(ROUND(E6,2),LEN(ROUND(E6,2))-FIND(",",ROUND(E6,2))))*10,TRIM(RIGHT(ROUND(E6,2),LEN(ROUND(E6,2))-FIND(",",ROUND(E6,2))))*1),10)+1,"","bir","iki","üç","dört","beş","altı","yedi","sekiz","dokuz")) & " Kr") -> TL | G6: =G5 -> nakden
B7: 5 | C7: 44798 | D7: 44956 | F7: =PROPER(IF(IF(LEN(SUBSTITUTE(ROUND(E7,2), ",", ""))=LEN(ROUND(E7,2)),ROUND(E7,2),TRIM(LEFT(ROUND(E7,2),FIND(",",ROUND(E7,2))-1)))*1>=10^6,CHOOSE(LEFT(RIGHT(IF(LEN(SUBSTITUTE(ROUND(E7,2), ",", ""))=LEN(ROUND(E7,2)),ROUND(E7,2),TRIM(LEFT(ROUND(E7,2),FIND(",",ROUND(E7,2))-1)))*1,7),1)+1,"","birmilyon","ikimilyon","üçmilyon","dörtmilyon","beşmilyon","altımilyon","yedimilyon","sekizmilyon","dokuzmilyon"),"")&IF(IF(LEN(SUBSTITUTE(ROUND(E7,2), ",", ""))=LEN(ROUND(E7,2)),ROUND(E7,2),TRIM(LEFT(ROUND(E7,2),FIND(",",ROUND(E7,2))-1)))*1>=10^5,CHOOSE(LEFT(RIGHT(IF(LEN(SUBSTITUTE(ROUND(E7,2), ",", ""))=LEN(ROUND(E7,2)),ROUND(E7,2),TRIM(LEFT(ROUND(E7,2),FIND(",",ROUND(E7,2))-1)))*1,6),1)+1,"","yüz","ikiyüz","üçyüz","dörtyüz","beşyüz","altıyüz","yediyüz","sekizyüz","dokuzyüz"),"")&IF(IF(LEN(SUBSTITUTE(ROUND(E7,2), ",", ""))=LEN(ROUND(E7,2)),ROUND(E7,2),TRIM(LEFT(ROUND(E7,2),FIND(",",ROUND(E7,2))-1)))*1>=10^4,CHOOSE(LEFT(RIGHT(IF(LEN(SUBSTITUTE(ROUND(E7,2), ",", ""))=LEN(ROUND(E7,2)),ROUND(E7,2),TRIM(LEFT(ROUND(E7,2),FIND(",",ROUND(E7,2))-1)))*1,5),1)+1,"","on","yirmi","otuz","kırk","elli","altmış","yetmiş","seksen","doksan"),"")&IF(IF(LEN(SUBSTITUTE(ROUND(E7,2), ",", ""))=LEN(ROUND(E7,2)),ROUND(E7,2),TRIM(LEFT(ROUND(E7,2),FIND(",",ROUND(E7,2))-1)))*1>=10^3,CHOOSE(LEFT(RIGHT(IF(LEN(SUBSTITUTE(ROUND(E7,2), ",", ""))=LEN(ROUND(E7,2)),ROUND(E7,2),TRIM(LEFT(ROUND(E7,2),FIND(",",ROUND(E7,2))-1)))*1,4),1)+1,"","","iki","üç","dört","beş","altı","yedi","sekiz","dokuz"),"")&IF(AND(IF(LEN(SUBSTITUTE(ROUND(E7,2), ",", ""))=LEN(ROUND(E7,2)),ROUND(E7,2),TRIM(LEFT(ROUND(E7,2),FIND(",",ROUND(E7,2))-1)))*1>=10^3,VALUE(LEFT(RIGHT(IF(LEN(SUBSTITUTE(ROUND(E7,2), ",", ""))=LEN(ROUND(E7,2)),ROUND(E7,2),TRIM(LEFT(ROUND(E7,2),FIND(",",ROUND(E7,2))-1)))*1,6),3))>0),IF(AND(IF(LEN(SUBSTITUTE(ROUND(E7,2), ",", ""))=LEN(ROUND(E7,2)),ROUND(E7,2),TRIM(LEFT(ROUND(E7,2),FIND(",",ROUND(E7,2))-1)))*1>1999,LEFT(RIGHT(IF(LEN(SUBSTITUTE(ROUND(E7,2), ",", ""))=LEN(ROUND(E7,2)),ROUND(E7,2),TRIM(LEFT(ROUND(E7,2),FIND(",",ROUND(E7,2))-1)))*1,4),1)="1",LEFT(RIGHT(IF(LEN(SUBSTITUTE(ROUND(E7,2), ",", ""))=LEN(ROUND(E7,2)),ROUND(E7,2),TRIM(LEFT(ROUND(E7,2),FIND(",",ROUND(E7,2))-1)))*1,6),2)<>"00"),"birbin","bin"),"")&IF(IF(LEN(SUBSTITUTE(ROUND(E7,2), ",", ""))=LEN(ROUND(E7,2)),ROUND(E7,2),TRIM(LEFT(ROUND(E7,2),FIND(",",ROUND(E7,2))-1)))*1>=100,CHOOSE(LEFT(RIGHT(IF(LEN(SUBSTITUTE(ROUND(E7,2), ",", ""))=LEN(ROUND(E7,2)),ROUND(E7,2),TRIM(LEFT(ROUND(E7,2),FIND(",",ROUND(E7,2))-1)))*1,3),1)+1,"","yüz","ikiyüz","üçyüz","dörtyüz","beşyüz","altıyüz","yediyüz","sekizyüz","dokuzyüz"),"")&IF(IF(LEN(SUBSTITUTE(ROUND(E7,2), ",", ""))=LEN(ROUND(E7,2)),ROUND(E7,2),TRIM(LEFT(ROUND(E7,2),FIND(",",ROUND(E7,2))-1)))*1>=10,CHOOSE(LEFT(RIGHT(IF(LEN(SUBSTITUTE(ROUND(E7,2), ",", ""))=LEN(ROUND(E7,2)),ROUND(E7,2),TRIM(LEFT(ROUND(E7,2),FIND(",",ROUND(E7,2))-1)))*1,2),1)+1,"","on","yirmi","otuz","kırk","elli","altmış","yetmiş","seksen","doksan"),"")&CHOOSE(MOD(IF(LEN(SUBSTITUTE(ROUND(E7,2), ",", ""))=LEN(ROUND(E7,2)),ROUND(E7,2),TRIM(LEFT(ROUND(E7,2),FIND(",",ROUND(E7,2))-1)))*1,10)+1,"","bir","iki","üç","dört","beş","altı","yedi","sekiz","dokuz")) & " TL " & IF(OR(LEN(SUBSTITUTE(E7, ",", ""))=LEN(E7),LEN(SUBSTITUTE(ROUND(E7,2), ",", ""))=LEN(ROUND(E7,2))),"", PROPER(IF(IF(LEN(TRIM(RIGHT(ROUND(E7,2),LEN(ROUND(E7,2))-FIND(",",ROUND(E7,2)))))<2,TRIM(RIGHT(ROUND(E7,2),LEN(ROUND(E7,2))-FIND(",",ROUND(E7,2))))*10,TRIM(RIGHT(ROUND(E7,2),LEN(ROUND(E7,2))-FIND(",",ROUND(E7,2))))*1)>=10^5,CHOOSE(LEFT(RIGHT(IF(LEN(TRIM(RIGHT(ROUND(E7,2),LEN(ROUND(E7,2))-FIND(",",ROUND(E7,2)))))<2,TRIM(RIGHT(ROUND(E7,2),LEN(ROUND(E7,2))-FIND(",",ROUND(E7,2))))*10,TRIM(RIGHT(ROUND(E7,2),LEN(ROUND(E7,2))-FIND(",",ROUND(E7,2))))*1),6),1)+1,"","yüz","ikiyüz","üçyüz","dörtyüz","beşyüz","altıyüz","yediyüz","sekizyüz","dokuzyüz"),"")&IF(IF(LEN(TRIM(RIGHT(ROUND(E7,2),LEN(ROUND(E7,2))-FIND(",",ROUND(E7,2)))))<2,TRIM(RIGHT(ROUND(E7,2),LEN(ROUND(E7,2))-FIND(",",ROUND(E7,2))))*10,TRIM(RIGHT(ROUND(E7,2),LEN(ROUND(E7,2))-FIND(",",ROUND(E7,2))))*1)>=10^4,CHOOSE(LEFT(RIGHT(IF(LEN(TRIM(RIGHT(ROUND(E7,2),LEN(ROUND(E7,2))-FIND(",",ROUND(E7,2)))))<2,TRIM(RIGHT(ROUND(E7,2),LEN(ROUND(E7,2))-FIND(",",ROUND(E7,2))))*10,TRIM(RIGHT(ROUND(E7,2),LEN(ROUND(E7,2))-FIND(",",ROUND(E7,2))))*1),5),1)+1,"","on","yirmi","otuz","kırk","elli","altmış","yetmiş","seksen","doksan"),"")&IF(IF(LEN(TRIM(RIGHT(ROUND(E7,2),LEN(ROUND(E7,2))-FIND(",",ROUND(E7,2)))))<2,TRIM(RIGHT(ROUND(E7,2),LEN(ROUND(E7,2))-FIND(",",ROUND(E7,2))))*10,TRIM(RIGHT(ROUND(E7,2),LEN(ROUND(E7,2))-FIND(",",ROUND(E7,2))))*1)>=10^3,CHOOSE(LEFT(RIGHT(IF(LEN(TRIM(RIGHT(ROUND(E7,2),LEN(ROUND(E7,2))-FIND(",",ROUND(E7,2)))))<2,TRIM(RIGHT(ROUND(E7,2),LEN(ROUND(E7,2))-FIND(",",ROUND(E7,2))))*10,TRIM(RIGHT(ROUND(E7,2),LEN(ROUND(E7,2))-FIND(",",ROUND(E7,2))))*1),4),1)+1,"","","iki","üç","dört","beş","altı","yedi","sekiz","dokuz"),"")&IF(IF(LEN(TRIM(RIGHT(ROUND(E7,2),LEN(ROUND(E7,2))-FIND(",",ROUND(E7,2)))))<2,TRIM(RIGHT(ROUND(E7,2),LEN(ROUND(E7,2))-FIND(",",ROUND(E7,2))))*10,TRIM(RIGHT(ROUND(E7,2),LEN(ROUND(E7,2))-FIND(",",ROUND(E7,2))))*1)>=10,CHOOSE(LEFT(RIGHT(IF(LEN(TRIM(RIGHT(ROUND(E7,2),LEN(ROUND(E7,2))-FIND(",",ROUND(E7,2)))))<2,TRIM(RIGHT(ROUND(E7,2),LEN(ROUND(E7,2))-FIND(",",ROUND(E7,2))))*10,TRIM(RIGHT(ROUND(E7,2),LEN(ROUND(E7,2))-FIND(",",ROUND(E7,2))))*1),2),1)+1,"","on","yirmi","otuz","kırk","elli","altmış","yetmiş","seksen","doksan"),"")&CHOOSE(MOD(IF(LEN(TRIM(RIGHT(ROUND(E7,2),LEN(ROUND(E7,2))-FIND(",",ROUND(E7,2)))))<2,TRIM(RIGHT(ROUND(E7,2),LEN(ROUND(E7,2))-FIND(",",ROUND(E7,2))))*10,TRIM(RIGHT(ROUND(E7,2),LEN(ROUND(E7,2))-FIND(",",ROUND(E7,2))))*1),10)+1,"","bir","iki","üç","dört","beş","altı","yedi","sekiz","dokuz")) & " Kr") -> TL | G7: =G6 -> nakden
B8: 6 | C8: 44798 | D8: 44985 | F8: =PROPER(IF(IF(LEN(SUBSTITUTE(ROUND(E8,2), ",", ""))=LEN(ROUND(E8,2)),ROUND(E8,2),TRIM(LEFT(ROUND(E8,2),FIND(",",ROUND(E8,2))-1)))*1>=10^6,CHOOSE(LEFT(RIGHT(IF(LEN(SUBSTITUTE(ROUND(E8,2), ",", ""))=LEN(ROUND(E8,2)),ROUND(E8,2),TRIM(LEFT(ROUND(E8,2),FIND(",",ROUND(E8,2))-1)))*1,7),1)+1,"","birmilyon","ikimilyon","üçmilyon","dörtmilyon","beşmilyon","altımilyon","yedimilyon","sekizmilyon","dokuzmilyon"),"")&IF(IF(LEN(SUBSTITUTE(ROUND(E8,2), ",", ""))=LEN(ROUND(E8,2)),ROUND(E8,2),TRIM(LEFT(ROUND(E8,2),FIND(",",ROUND(E8,2))-1)))*1>=10^5,CHOOSE(LEFT(RIGHT(IF(LEN(SUBSTITUTE(ROUND(E8,2), ",", ""))=LEN(ROUND(E8,2)),ROUND(E8,2),TRIM(LEFT(ROUND(E8,2),FIND(",",ROUND(E8,2))-1)))*1,6),1)+1,"","yüz","ikiyüz","üçyüz","dörtyüz","beşyüz","altıyüz","yediyüz","sekizyüz","dokuzyüz"),"")&IF(IF(LEN(SUBSTITUTE(ROUND(E8,2), ",", ""))=LEN(ROUND(E8,2)),ROUND(E8,2),TRIM(LEFT(ROUND(E8,2),FIND(",",ROUND(E8,2))-1)))*1>=10^4,CHOOSE(LEFT(RIGHT(IF(LEN(SUBSTITUTE(ROUND(E8,2), ",", ""))=LEN(ROUND(E8,2)),ROUND(E8,2),TRIM(LEFT(ROUND(E8,2),FIND(",",ROUND(E8,2))-1)))*1,5),1)+1,"","on","yirmi","otuz","kırk","elli","altmış","yetmiş","seksen","doksan"),"")&IF(IF(LEN(SUBSTITUTE(ROUND(E8,2), ",", ""))=LEN(ROUND(E8,2)),ROUND(E8,2),TRIM(LEFT(ROUND(E8,2),FIND(",",ROUND(E8,2))-1)))*1>=10^3,CHOOSE(LEFT(RIGHT(IF(LEN(SUBSTITUTE(ROUND(E8,2), ",", ""))=LEN(ROUND(E8,2)),ROUND(E8,2),TRIM(LEFT(ROUND(E8,2),FIND(",",ROUND(E8,2))-1)))*1,4),1)+1,"","","iki","üç","dört","beş","altı","yedi","sekiz","dokuz"),"")&IF(AND(IF(LEN(SUBSTITUTE(ROUND(E8,2), ",", ""))=LEN(ROUND(E8,2)),ROUND(E8,2),TRIM(LEFT(ROUND(E8,2),FIND(",",ROUND(E8,2))-1)))*1>=10^3,VALUE(LEFT(RIGHT(IF(LEN(SUBSTITUTE(ROUND(E8,2), ",", ""))=LEN(ROUND(E8,2)),ROUND(E8,2),TRIM(LEFT(ROUND(E8,2),FIND(",",ROUND(E8,2))-1)))*1,6),3))>0),IF(AND(IF(LEN(SUBSTITUTE(ROUND(E8,2), ",", ""))=LEN(ROUND(E8,2)),ROUND(E8,2),TRIM(LEFT(ROUND(E8,2),FIND(",",ROUND(E8,2))-1)))*1>1999,LEFT(RIGHT(IF(LEN(SUBSTITUTE(ROUND(E8,2), ",", ""))=LEN(ROUND(E8,2)),ROUND(E8,2),TRIM(LEFT(ROUND(E8,2),FIND(",",ROUND(E8,2))-1)))*1,4),1)="1",LEFT(RIGHT(IF(LEN(SUBSTITUTE(ROUND(E8,2), ",", ""))=LEN(ROUND(E8,2)),ROUND(E8,2),TRIM(LEFT(ROUND(E8,2),FIND(",",ROUND(E8,2))-1)))*1,6),2)<>"00"),"birbin","bin"),"")&IF(IF(LEN(SUBSTITUTE(ROUND(E8,2), ",", ""))=LEN(ROUND(E8,2)),ROUND(E8,2),TRIM(LEFT(ROUND(E8,2),FIND(",",ROUND(E8,2))-1)))*1>=100,CHOOSE(LEFT(RIGHT(IF(LEN(SUBSTITUTE(ROUND(E8,2), ",", ""))=LEN(ROUND(E8,2)),ROUND(E8,2),TRIM(LEFT(ROUND(E8,2),FIND(",",ROUND(E8,2))-1)))*1,3),1)+1,"","yüz","ikiyüz","üçyüz","dörtyüz","beşyüz","altıyüz","yediyüz","sekizyüz","dokuzyüz"),"")&IF(IF(LEN(SUBSTITUTE(ROUND(E8,2), ",", ""))=LEN(ROUND(E8,2)),ROUND(E8,2),TRIM(LEFT(ROUND(E8,2),FIND(",",ROUND(E8,2))-1)))*1>=10,CHOOSE(LEFT(RIGHT(IF(LEN(SUBSTITUTE(ROUND(E8,2), ",", ""))=LEN(ROUND(E8,2)),ROUND(E8,2),TRIM(LEFT(ROUND(E8,2),FIND(",",ROUND(E8,2))-1)))*1,2),1)+1,"","on","yirmi","otuz","kırk","elli","altmış","yetmiş","seksen","doksan"),"")&CHOOSE(MOD(IF(LEN(SUBSTITUTE(ROUND(E8,2), ",", ""))=LEN(ROUND(E8,2)),ROUND(E8,2),TRIM(LEFT(ROUND(E8,2),FIND(",",ROUND(E8,2))-1)))*1,10)+1,"","bir","iki","üç","dört","beş","altı","yedi","sekiz","dokuz")) & " TL " & IF(OR(LEN(SUBSTITUTE(E8, ",", ""))=LEN(E8),LEN(SUBSTITUTE(ROUND(E8,2), ",", ""))=LEN(ROUND(E8,2))),"", PROPER(IF(IF(LEN(TRIM(RIGHT(ROUND(E8,2),LEN(ROUND(E8,2))-FIND(",",ROUND(E8,2)))))<2,TRIM(RIGHT(ROUND(E8,2),LEN(ROUND(E8,2))-FIND(",",ROUND(E8,2))))*10,TRIM(RIGHT(ROUND(E8,2),LEN(ROUND(E8,2))-FIND(",",ROUND(E8,2))))*1)>=10^5,CHOOSE(LEFT(RIGHT(IF(LEN(TRIM(RIGHT(ROUND(E8,2),LEN(ROUND(E8,2))-FIND(",",ROUND(E8,2)))))<2,TRIM(RIGHT(ROUND(E8,2),LEN(ROUND(E8,2))-FIND(",",ROUND(E8,2))))*10,TRIM(RIGHT(ROUND(E8,2),LEN(ROUND(E8,2))-FIND(",",ROUND(E8,2))))*1),6),1)+1,"","yüz","ikiyüz","üçyüz","dörtyüz","beşyüz","altıyüz","yediyüz","sekizyüz","dokuzyüz"),"")&IF(IF(LEN(TRIM(RIGHT(ROUND(E8,2),LEN(ROUND(E8,2))-FIND(",",ROUND(E8,2)))))<2,TRIM(RIGHT(ROUND(E8,2),LEN(ROUND(E8,2))-FIND(",",ROUND(E8,2))))*10,TRIM(RIGHT(ROUND(E8,2),LEN(ROUND(E8,2))-FIND(",",ROUND(E8,2))))*1)>=10^4,CHOOSE(LEFT(RIGHT(IF(LEN(TRIM(RIGHT(ROUND(E8,2),LEN(ROUND(E8,2))-FIND(",",ROUND(E8,2)))))<2,TRIM(RIGHT(ROUND(E8,2),LEN(ROUND(E8,2))-FIND(",",ROUND(E8,2))))*10,TRIM(RIGHT(ROUND(E8,2),LEN(ROUND(E8,2))-FIND(",",ROUND(E8,2))))*1),5),1)+1,"","on","yirmi","otuz","kırk","elli","altmış","yetmiş","seksen","doksan"),"")&IF(IF(LEN(TRIM(RIGHT(ROUND(E8,2),LEN(ROUND(E8,2))-FIND(",",ROUND(E8,2)))))<2,TRIM(RIGHT(ROUND(E8,2),LEN(ROUND(E8,2))-FIND(",",ROUND(E8,2))))*10,TRIM(RIGHT(ROUND(E8,2),LEN(ROUND(E8,2))-FIND(",",ROUND(E8,2))))*1)>=10^3,CHOOSE(LEFT(RIGHT(IF(LEN(TRIM(RIGHT(ROUND(E8,2),LEN(ROUND(E8,2))-FIND(",",ROUND(E8,2)))))<2,TRIM(RIGHT(ROUND(E8,2),LEN(ROUND(E8,2))-FIND(",",ROUND(E8,2))))*10,TRIM(RIGHT(ROUND(E8,2),LEN(ROUND(E8,2))-FIND(",",ROUND(E8,2))))*1),4),1)+1,"","","iki","üç","dört","beş","altı","yedi","sekiz","dokuz"),"")&IF(IF(LEN(TRIM(RIGHT(ROUND(E8,2),LEN(ROUND(E8,2))-FIND(",",ROUND(E8,2)))))<2,TRIM(RIGHT(ROUND(E8,2),LEN(ROUND(E8,2))-FIND(",",ROUND(E8,2))))*10,TRIM(RIGHT(ROUND(E8,2),LEN(ROUND(E8,2))-FIND(",",ROUND(E8,2))))*1)>=10,CHOOSE(LEFT(RIGHT(IF(LEN(TRIM(RIGHT(ROUND(E8,2),LEN(ROUND(E8,2))-FIND(",",ROUND(E8,2)))))<2,TRIM(RIGHT(ROUND(E8,2),LEN(ROUND(E8,2))-FIND(",",ROUND(E8,2))))*10,TRIM(RIGHT(ROUND(E8,2),LEN(ROUND(E8,2))-FIND(",",ROUND(E8,2))))*1),2),1)+1,"","on","yirmi","otuz","kırk","elli","altmış","yetmiş","seksen","doksan"),"")&CHOOSE(MOD(IF(LEN(TRIM(RIGHT(ROUND(E8,2),LEN(ROUND(E8,2))-FIND(",",ROUND(E8,2)))))<2,TRIM(RIGHT(ROUND(E8,2),LEN(ROUND(E8,2))-FIND(",",ROUND(E8,2))))*10,TRIM(RIGHT(ROUND(E8,2),LEN(ROUND(E8,2))-FIND(",",ROUND(E8,2))))*1),10)+1,"","bir","iki","üç","dört","beş","altı","yedi","sekiz","dokuz")) & " Kr") -> TL | G8: =G7 -> nakden
B9: 7 | C9: 44798 | D9: 45015 | F9: =PROPER(IF(IF(LEN(SUBSTITUTE(ROUND(E9,2), ",", ""))=LEN(ROUND(E9,2)),ROUND(E9,2),TRIM(LEFT(ROUND(E9,2),FIND(",",ROUND(E9,2))-1)))*1>=10^6,CHOOSE(LEFT(RIGHT(IF(LEN(SUBSTITUTE(ROUND(E9,2), ",", ""))=LEN(ROUND(E9,2)),ROUND(E9,2),TRIM(LEFT(ROUND(E9,2),FIND(",",ROUND(E9,2))-1)))*1,7),1)+1,"","birmilyon","ikimilyon","üçmilyon","dörtmilyon","beşmilyon","altımilyon","yedimilyon","sekizmilyon","dokuzmilyon"),"")&IF(IF(LEN(SUBSTITUTE(ROUND(E9,2), ",", ""))=LEN(ROUND(E9,2)),ROUND(E9,2),TRIM(LEFT(ROUND(E9,2),FIND(",",ROUND(E9,2))-1)))*1>=10^5,CHOOSE(LEFT(RIGHT(IF(LEN(SUBSTITUTE(ROUND(E9,2), ",", ""))=LEN(ROUND(E9,2)),ROUND(E9,2),TRIM(LEFT(ROUND(E9,2),FIND(",",ROUND(E9,2))-1)))*1,6),1)+1,"","yüz","ikiyüz","üçyüz","dörtyüz","beşyüz","altıyüz","yediyüz","sekizyüz","dokuzyüz"),"")&IF(IF(LEN(SUBSTITUTE(ROUND(E9,2), ",", ""))=LEN(ROUND(E9,2)),ROUND(E9,2),TRIM(LEFT(ROUND(E9,2),FIND(",",ROUND(E9,2))-1)))*1>=10^4,CHOOSE(LEFT(RIGHT(IF(LEN(SUBSTITUTE(ROUND(E9,2), ",", ""))=LEN(ROUND(E9,2)),ROUND(E9,2),TRIM(LEFT(ROUND(E9,2),FIND(",",ROUND(E9,2))-1)))*1,5),1)+1,"","on","yirmi","otuz","kırk","elli","altmış","yetmiş","seksen","doksan"),"")&IF(IF(LEN(SUBSTITUTE(ROUND(E9,2), ",", ""))=LEN(ROUND(E9,2)),ROUND(E9,2),TRIM(LEFT(ROUND(E9,2),FIND(",",ROUND(E9,2))-1)))*1>=10^3,CHOOSE(LEFT(RIGHT(IF(LEN(SUBSTITUTE(ROUND(E9,2), ",", ""))=LEN(ROUND(E9,2)),ROUND(E9,2),TRIM(LEFT(ROUND(E9,2),FIND(",",ROUND(E9,2))-1)))*1,4),1)+1,"","","iki","üç","dört","beş","altı","yedi","sekiz","dokuz"),"")&IF(AND(IF(LEN(SUBSTITUTE(ROUND(E9,2), ",", ""))=LEN(ROUND(E9,2)),ROUND(E9,2),TRIM(LEFT(ROUND(E9,2),FIND(",",ROUND(E9,2))-1)))*1>=10^3,VALUE(LEFT(RIGHT(IF(LEN(SUBSTITUTE(ROUND(E9,2), ",", ""))=LEN(ROUND(E9,2)),ROUND(E9,2),TRIM(LEFT(ROUND(E9,2),FIND(",",ROUND(E9,2))-1)))*1,6),3))>0),IF(AND(IF(LEN(SUBSTITUTE(ROUND(E9,2), ",", ""))=LEN(ROUND(E9,2)),ROUND(E9,2),TRIM(LEFT(ROUND(E9,2),FIND(",",ROUND(E9,2))-1)))*1>1999,LEFT(RIGHT(IF(LEN(SUBSTITUTE(ROUND(E9,2), ",", ""))=LEN(ROUND(E9,2)),ROUND(E9,2),TRIM(LEFT(ROUND(E9,2),FIND(",",ROUND(E9,2))-1)))*1,4),1)="1",LEFT(RIGHT(IF(LEN(SUBSTITUTE(ROUND(E9,2), ",", ""))=LEN(ROUND(E9,2)),ROUND(E9,2),TRIM(LEFT(ROUND(E9,2),FIND(",",ROUND(E9,2))-1)))*1,6),2)<>"00"),"birbin","bin"),"")&IF(IF(LEN(SUBSTITUTE(ROUND(E9,2), ",", ""))=LEN(ROUND(E9,2)),ROUND(E9,2),TRIM(LEFT(ROUND(E9,2),FIND(",",ROUND(E9,2))-1)))*1>=100,CHOOSE(LEFT(RIGHT(IF(LEN(SUBSTITUTE(ROUND(E9,2), ",", ""))=LEN(ROUND(E9,2)),ROUND(E9,2),TRIM(LEFT(ROUND(E9,2),FIND(",",ROUND(E9,2))-1)))*1,3),1)+1,"","yüz","ikiyüz","üçyüz","dörtyüz","beşyüz","altıyüz","yediyüz","sekizyüz","dokuzyüz"),"")&IF(IF(LEN(SUBSTITUTE(ROUND(E9,2), ",", ""))=LEN(ROUND(E9,2)),ROUND(E9,2),TRIM(LEFT(ROUND(E9,2),FIND(",",ROUND(E9,2))-1)))*1>=10,CHOOSE(LEFT(RIGHT(IF(LEN(SUBSTITUTE(ROUND(E9,2), ",", ""))=LEN(ROUND(E9,2)),ROUND(E9,2),TRIM(LEFT(ROUND(E9,2),FIND(",",ROUND(E9,2))-1)))*1,2),1)+1,"","on","yirmi","otuz","kırk","elli","altmış","yetmiş","seksen","doksan"),"")&CHOOSE(MOD(IF(LEN(SUBSTITUTE(ROUND(E9,2), ",", ""))=LEN(ROUND(E9,2)),ROUND(E9,2),TRIM(LEFT(ROUND(E9,2),FIND(",",ROUND(E9,2))-1)))*1,10)+1,"","bir","iki","üç","dört","beş","altı","yedi","sekiz","dokuz")) & " TL " & IF(OR(LEN(SUBSTITUTE(E9, ",", ""))=LEN(E9),LEN(SUBSTITUTE(ROUND(E9,2), ",", ""))=LEN(ROUND(E9,2))),"", PROPER(IF(IF(LEN(TRIM(RIGHT(ROUND(E9,2),LEN(ROUND(E9,2))-FIND(",",ROUND(E9,2)))))<2,TRIM(RIGHT(ROUND(E9,2),LEN(ROUND(E9,2))-FIND(",",ROUND(E9,2))))*10,TRIM(RIGHT(ROUND(E9,2),LEN(ROUND(E9,2))-FIND(",",ROUND(E9,2))))*1)>=10^5,CHOOSE(LEFT(RIGHT(IF(LEN(TRIM(RIGHT(ROUND(E9,2),LEN(ROUND(E9,2))-FIND(",",ROUND(E9,2)))))<2,TRIM(RIGHT(ROUND(E9,2),LEN(ROUND(E9,2))-FIND(",",ROUND(E9,2))))*10,TRIM(RIGHT(ROUND(E9,2),LEN(ROUND(E9,2))-FIND(",",ROUND(E9,2))))*1),6),1)+1,"","yüz","ikiyüz","üçyüz","dörtyüz","beşyüz","altıyüz","yediyüz","sekizyüz","dokuzyüz"),"")&IF(IF(LEN(TRIM(RIGHT(ROUND(E9,2),LEN(ROUND(E9,2))-FIND(",",ROUND(E9,2)))))<2,TRIM(RIGHT(ROUND(E9,2),LEN(ROUND(E9,2))-FIND(",",ROUND(E9,2))))*10,TRIM(RIGHT(ROUND(E9,2),LEN(ROUND(E9,2))-FIND(",",ROUND(E9,2))))*1)>=10^4,CHOOSE(LEFT(RIGHT(IF(LEN(TRIM(RIGHT(ROUND(E9,2),LEN(ROUND(E9,2))-FIND(",",ROUND(E9,2)))))<2,TRIM(RIGHT(ROUND(E9,2),LEN(ROUND(E9,2))-FIND(",",ROUND(E9,2))))*10,TRIM(RIGHT(ROUND(E9,2),LEN(ROUND(E9,2))-FIND(",",ROUND(E9,2))))*1),5),1)+1,"","on","yirmi","otuz","kırk","elli","altmış","yetmiş","seksen","doksan"),"")&IF(IF(LEN(TRIM(RIGHT(ROUND(E9,2),LEN(ROUND(E9,2))-FIND(",",ROUND(E9,2)))))<2,TRIM(RIGHT(ROUND(E9,2),LEN(ROUND(E9,2))-FIND(",",ROUND(E9,2))))*10,TRIM(RIGHT(ROUND(E9,2),LEN(ROUND(E9,2))-FIND(",",ROUND(E9,2))))*1)>=10^3,CHOOSE(LEFT(RIGHT(IF(LEN(TRIM(RIGHT(ROUND(E9,2),LEN(ROUND(E9,2))-FIND(",",ROUND(E9,2)))))<2,TRIM(RIGHT(ROUND(E9,2),LEN(ROUND(E9,2))-FIND(",",ROUND(E9,2))))*10,TRIM(RIGHT(ROUND(E9,2),LEN(ROUND(E9,2))-FIND(",",ROUND(E9,2))))*1),4),1)+1,"","","iki","üç","dört","beş","altı","yedi","sekiz","dokuz"),"")&IF(IF(LEN(TRIM(RIGHT(ROUND(E9,2),LEN(ROUND(E9,2))-FIND(",",ROUND(E9,2)))))<2,TRIM(RIGHT(ROUND(E9,2),LEN(ROUND(E9,2))-FIND(",",ROUND(E9,2))))*10,TRIM(RIGHT(ROUND(E9,2),LEN(ROUND(E9,2))-FIND(",",ROUND(E9,2))))*1)>=10,CHOOSE(LEFT(RIGHT(IF(LEN(TRIM(RIGHT(ROUND(E9,2),LEN(ROUND(E9,2))-FIND(",",ROUND(E9,2)))))<2,TRIM(RIGHT(ROUND(E9,2),LEN(ROUND(E9,2))-FIND(",",ROUND(E9,2))))*10,TRIM(RIGHT(ROUND(E9,2),LEN(ROUND(E9,2))-FIND(",",ROUND(E9,2))))*1),2),1)+1,"","on","yirmi","otuz","kırk","elli","altmış","yetmiş","seksen","doksan"),"")&CHOOSE(MOD(IF(LEN(TRIM(RIGHT(ROUND(E9,2),LEN(ROUND(E9,2))-FIND(",",ROUND(E9,2)))))<2,TRIM(RIGHT(ROUND(E9,2),LEN(ROUND(E9,2))-FIND(",",ROUND(E9,2))))*10,TRIM(RIGHT(ROUND(E9,2),LEN(ROUND(E9,2))-FIND(",",ROUND(E9,2))))*1),10)+1,"","bir","iki","üç","dört","beş","altı","yedi","sekiz","dokuz")) & " Kr") -> TL | G9: =G8 -> nakden
B10: 8 | C10: 44798 | D10: 45046 | F10: =PROPER(IF(IF(LEN(SUBSTITUTE(ROUND(E10,2), ",", ""))=LEN(ROUND(E10,2)),ROUND(E10,2),TRIM(LEFT(ROUND(E10,2),FIND(",",ROUND(E10,2))-1)))*1>=10^6,CHOOSE(LEFT(RIGHT(IF(LEN(SUBSTITUTE(ROUND(E10,2), ",", ""))=LEN(ROUND(E10,2)),ROUND(E10,2),TRIM(LEFT(ROUND(E10,2),FIND(",",ROUND(E10,2))-1)))*1,7),1)+1,"","birmilyon","ikimilyon","üçmilyon","dörtmilyon","beşmilyon","altımilyon","yedimilyon","sekizmilyon","dokuzmilyon"),"")&IF(IF(LEN(SUBSTITUTE(ROUND(E10,2), ",", ""))=LEN(ROUND(E10,2)),ROUND(E10,2),TRIM(LEFT(ROUND(E10,2),FIND(",",ROUND(E10,2))-1)))*1>=10^5,CHOOSE(LEFT(RIGHT(IF(LEN(SUBSTITUTE(ROUND(E10,2), ",", ""))=LEN(ROUND(E10,2)),ROUND(E10,2),TRIM(LEFT(ROUND(E10,2),FIND(",",ROUND(E10,2))-1)))*1,6),1)+1,"","yüz","ikiyüz","üçyüz","dörtyüz","beşyüz","altıyüz","yediyüz","sekizyüz","dokuzyüz"),"")&IF(IF(LEN(SUBSTITUTE(ROUND(E10,2), ",", ""))=LEN(ROUND(E10,2)),ROUND(E10,2),TRIM(LEFT(ROUND(E10,2),FIND(",",ROUND(E10,2))-1)))*1>=10^4,CHOOSE(LEFT(RIGHT(IF(LEN(SUBSTITUTE(ROUND(E10,2), ",", ""))=LEN(ROUND(E10,2)),ROUND(E10,2),TRIM(LEFT(ROUND(E10,2),FIND(",",ROUND(E10,2))-1)))*1,5),1)+1,"","on","yirmi","otuz","kırk","elli","altmış","yetmiş","seksen","doksan"),"")&IF(IF(LEN(SUBSTITUTE(ROUND(E10,2), ",", ""))=LEN(ROUND(E10,2)),ROUND(E10,2),TRIM(LEFT(ROUND(E10,2),FIND(",",ROUND(E10,2))-1)))*1>=10^3,CHOOSE(LEFT(RIGHT(IF(LEN(SUBSTITUTE(ROUND(E10,2), ",", ""))=LEN(ROUND(E10,2)),ROUND(E10,2),TRIM(LEFT(ROUND(E10,2),FIND(",",ROUND(E10,2))-1)))*1,4),1)+1,"","","iki","üç","dört","beş","altı","yedi","sekiz","dokuz"),"")&IF(AND(IF(LEN(SUBSTITUTE(ROUND(E10,2), ",", ""))=LEN(ROUND(E10,2)),ROUND(E10,2),TRIM(LEFT(ROUND(E10,2),FIND(",",ROUND(E10,2))-1)))*1>=10^3,VALUE(LEFT(RIGHT(IF(LEN(SUBSTITUTE(ROUND(E10,2), ",", ""))=LEN(ROUND(E10,2)),ROUND(E10,2),TRIM(LEFT(ROUND(E10,2),FIND(",",ROUND(E10,2))-1)))*1,6),3))>0),IF(AND(IF(LEN(SUBSTITUTE(ROUND(E10,2), ",", ""))=LEN(ROUND(E10,2)),ROUND(E10,2),TRIM(LEFT(ROUND(E10,2),FIND(",",ROUND(E10,2))-1)))*1>1999,LEFT(RIGHT(IF(LEN(SUBSTITUTE(ROUND(E10,2), ",", ""))=LEN(ROUND(E10,2)),ROUND(E10,2),TRIM(LEFT(ROUND(E10,2),FIND(",",ROUND(E10,2))-1)))*1,4),1)="1",LEFT(RIGHT(IF(LEN(SUBSTITUTE(ROUND(E10,2), ",", ""))=LEN(ROUND(E10,2)),ROUND(E10,2),TRIM(LEFT(ROUND(E10,2),FIND(",",ROUND(E10,2))-1)))*1,6),2)<>"00"),"birbin","bin"),"")&IF(IF(LEN(SUBSTITUTE(ROUND(E10,2), ",", ""))=LEN(ROUND(E10,2)),ROUND(E10,2),TRIM(LEFT(ROUND(E10,2),FIND(",",ROUND(E10,2))-1)))*1>=100,CHOOSE(LEFT(RIGHT(IF(LEN(SUBSTITUTE(ROUND(E10,2), ",", ""))=LEN(ROUND(E10,2)),ROUND(E10,2),TRIM(LEFT(ROUND(E10,2),FIND(",",ROUND(E10,2))-1)))*1,3),1)+1,"","yüz","ikiyüz","üçyüz","dörtyüz","beşyüz","altıyüz","yediyüz","sekizyüz","dokuzyüz"),"")&IF(IF(LEN(SUBSTITUTE(ROUND(E10,2), ",", ""))=LEN(ROUND(E10,2)),ROUND(E10,2),TRIM(LEFT(ROUND(E10,2),FIND(",",ROUND(E10,2))-1)))*1>=10,CHOOSE(LEFT(RIGHT(IF(LEN(SUBSTITUTE(ROUND(E10,2), ",", ""))=LEN(ROUND(E10,2)),ROUND(E10,2),TRIM(LEFT(ROUND(E10,2),FIND(",",ROUND(E10,2))-1)))*1,2),1)+1,"","on","yirmi","otuz","kırk","elli","altmış","yetmiş","seksen","doksan"),"")&CHOOSE(MOD(IF(LEN(SUBSTITUTE(ROUND(E10,2), ",", ""))=LEN(ROUND(E10,2)),ROUND(E10,2),TRIM(LEFT(ROUND(E10,2),FIND(",",ROUND(E10,2))-1)))*1,10)+1,"","bir","iki","üç","dört","beş","altı","yedi","sekiz","dokuz")) & " TL " & IF(OR(LEN(SUBSTITUTE(E10, ",", ""))=LEN(E10),LEN(SUBSTITUTE(ROUND(E10,2), ",", ""))=LEN(ROUND(E10,2))),"", PROPER(IF(IF(LEN(TRIM(RIGHT(ROUND(E10,2),LEN(ROUND(E10,2))-FIND(",",ROUND(E10,2)))))<2,TRIM(RIGHT(ROUND(E10,2),LEN(ROUND(E10,2))-FIND(",",ROUND(E10,2))))*10,TRIM(RIGHT(ROUND(E10,2),LEN(ROUND(E10,2))-FIND(",",ROUND(E10,2))))*1)>=10^5,CHOOSE(LEFT(RIGHT(IF(LEN(TRIM(RIGHT(ROUND(E10,2),LEN(ROUND(E10,2))-FIND(",",ROUND(E10,2)))))<2,TRIM(RIGHT(ROUND(E10,2),LEN(ROUND(E10,2))-FIND(",",ROUND(E10,2))))*10,TRIM(RIGHT(ROUND(E10,2),LEN(ROUND(E10,2))-FIND(",",ROUND(E10,2))))*1),6),1)+1,"","yüz","ikiyüz","üçyüz","dörtyüz","beşyüz","altıyüz","yediyüz","sekizyüz","dokuzyüz"),"")&IF(IF(LEN(TRIM(RIGHT(ROUND(E10,2),LEN(ROUND(E10,2))-FIND(",",ROUND(E10,2)))))<2,TRIM(RIGHT(ROUND(E10,2),LEN(ROUND(E10,2))-FIND(",",ROUND(E10,2))))*10,TRIM(RIGHT(ROUND(E10,2),LEN(ROUND(E10,2))-FIND(",",ROUND(E10,2))))*1)>=10^4,CHOOSE(LEFT(RIGHT(IF(LEN(TRIM(RIGHT(ROUND(E10,2),LEN(ROUND(E10,2))-FIND(",",ROUND(E10,2)))))<2,TRIM(RIGHT(ROUND(E10,2),LEN(ROUND(E10,2))-FIND(",",ROUND(E10,2))))*10,TRIM(RIGHT(ROUND(E10,2),LEN(ROUND(E10,2))-FIND(",",ROUND(E10,2))))*1),5),1)+1,"","on","yirmi","otuz","kırk","elli","altmış","yetmiş","seksen","doksan"),"")&IF(IF(LEN(TRIM(RIGHT(ROUND(E10,2),LEN(ROUND(E10,2))-FIND(",",ROUND(E10,2)))))<2,TRIM(RIGHT(ROUND(E10,2),LEN(ROUND(E10,2))-FIND(",",ROUND(E10,2))))*10,TRIM(RIGHT(ROUND(E10,2),LEN(ROUND(E10,2))-FIND(",",ROUND(E10,2))))*1)>=10^3,CHOOSE(LEFT(RIGHT(IF(LEN(TRIM(RIGHT(ROUND(E10,2),LEN(ROUND(E10,2))-FIND(",",ROUND(E10,2)))))<2,TRIM(RIGHT(ROUND(E10,2),LEN(ROUND(E10,2))-FIND(",",ROUND(E10,2))))*10,TRIM(RIGHT(ROUND(E10,2),LEN(ROUND(E10,2))-FIND(",",ROUND(E10,2))))*1),4),1)+1,"","","iki","üç","dört","beş","altı","yedi","sekiz","dokuz"),"")&IF(IF(LEN(TRIM(RIGHT(ROUND(E10,2),LEN(ROUND(E10,2))-FIND(",",ROUND(E10,2)))))<2,TRIM(RIGHT(ROUND(E10,2),LEN(ROUND(E10,2))-FIND(",",ROUND(E10,2))))*10,TRIM(RIGHT(ROUND(E10,2),LEN(ROUND(E10,2))-FIND(",",ROUND(E10,2))))*1)>=10,CHOOSE(LEFT(RIGHT(IF(LEN(TRIM(RIGHT(ROUND(E10,2),LEN(ROUND(E10,2))-FIND(",",ROUND(E10,2)))))<2,TRIM(RIGHT(ROUND(E10,2),LEN(ROUND(E10,2))-FIND(",",ROUND(E10,2))))*10,TRIM(RIGHT(ROUND(E10,2),LEN(ROUND(E10,2))-FIND(",",ROUND(E10,2))))*1),2),1)+1,"","on","yirmi","otuz","kırk","elli","altmış","yetmiş","seksen","doksan"),"")&CHOOSE(MOD(IF(LEN(TRIM(RIGHT(ROUND(E10,2),LEN(ROUND(E10,2))-FIND(",",ROUND(E10,2)))))<2,TRIM(RIGHT(ROUND(E10,2),LEN(ROUND(E10,2))-FIND(",",ROUND(E10,2))))*10,TRIM(RIGHT(ROUND(E10,2),LEN(ROUND(E10,2))-FIND(",",ROUND(E10,2))))*1),10)+1,"","bir","iki","üç","dört","beş","altı","yedi","sekiz","dokuz")) & " Kr") -> TL | G10: =G9 -> nakden

Sheet Senet_Önizleme
C3: =$H17 &" - Taksit No: " & $J5&" " -> Metin ÇELİK – 0545 2435040 - Taksit No: - 1 -
F4: VADE | H4: TÜRK LIRASI | J4: No | L4: DÜZENLEME TARIHI
F5: =Senet_Taksit_Giriş!D3 -> 44834 | H5: ="# "&TEXT((Senet_Taksit_Giriş!E3),"#.##0,00")&" TL #" -> # 8.000,00 TL # | J5: ="- "&TEXT(INT(Senet_Taksit_Giriş!B3),"##.##0")&" -" -> - 1 - | L5: =Senet_Taksit_Giriş!C3 -> 44798
F8: =" İş bu emre muharrer senedim"&IF(Senet_Borçlu_Alacaklı_Giriş!$C$4="Gerçek Kişi","in","izin")&" mükabilinde "&IF(TEXT(F5,"dd mmmm yyyy")=" "," ",TEXT(F5,"dd mmmm yyyy"))&" tarihinde; Sayın : "&IF(Senet_Borçlu_Alacaklı_Giriş!$C$1=""," ",Senet_Borçlu_Alacaklı_Giriş!$C$1)&" veyahut emruhavalesine yukarıda yazılı Yalnız # "&Senet_Taksit_Giriş!F3&" # kayıtsız ve şartsız ödemeyi vaadederi"&IF(Senet_Borçlu_Alacaklı_Giriş!$C$4="Gerçek Kişi","m.","z.")&" Bedeli "&Senet_Taksit_Giriş!G3&" ahzolunmuştur. İş bu bono vadesinde ödenmediği taktirde; iş bu bononun düzenleme tarihinin temerrüt başlangıç tarihi olarak kabul edileceğini, müteakip bonolarında muacceliyet kesbedeceğini,"&" ihtilaf vukuunda "&Senet_Borçlu_Alacaklı_Giriş!$C$2&" mahkemelerinin selahiyetini şimdiden kabul eyleri"&IF(Senet_Borçlu_Alacaklı_Giriş!$C$4="Gerçek Kişi","m.","z.") -> İş bu emre muharrer senedimin mükabilinde 00 mmmm 2022 tarihinde; Sayın : veyahut emruhavalesine yukarıda yazılı Yalnız # Sekizbin TL # kayıtsız ve şartsız ödemeyi vaadederim. Bedeli nakden ahzolunmuştur. İş bu bono vadesinde ödenmediği taktirde; iş bu bononun düzenleme tarihinin temerrüt başlangıç tarihi olarak kabul edileceğini, müteakip bonolarında muacceliyet kesbedeceğini, ihtilaf vukuunda TOKAT mahkemelerinin selahiyetini şimdiden kabul eylerim.
F17: Borçlu İsim-Unvan | G17: : | H17: =Senet_Borçlu_Alacaklı_Giriş!C5 -> Metin ÇELİK – 0545 2435040
F18: Tc Kimlik No | G18: : | H18: =Senet_Borçlu_Alacaklı_Giriş!$C$8 -> 37471565288
F19: Adres | J19: İmza
F20: =Senet_Borçlu_Alacaklı_Giriş!$C$6 -> Doğancı Bağları Mah. 1. Cadde No:8 TOKAT
F24: ="Vergi Dairesi " -> Vergi Dairesi | G24: : | H24: =Senet_Borçlu_Alacaklı_Giriş!$C$7 -> TOKAT
F26: KEFİL İsim Unvan | G26: : | H26: =Senet_Borçlu_Alacaklı_Giriş!$C$9 -> Duran Meşe – 0531 3384526
F27: TC Kimlik No | G27: : | H27: =Senet_Borçlu_Alacaklı_Giriş!$C$12
F28: Adres | J28: İmza
F29: =Senet_Borçlu_Alacaklı_Giriş!$C$10
F33: ="Vergi Dairesi " -> Vergi Dairesi | H33: =Senet_Borçlu_Alacaklı_Giriş!$C$11

Sheet 01-2022
C1: Sanayi_G_95m2_silim
C2: Metin Çelik – 545 243 50 40
C3: Duran Meşe – 531 338 45 26
C4: 30 Eylül 2022 – 29 Eylül 2023
C5: Yıllık Ücret | D5: 48000
C6: Ödeme şekli | D6: nakit
C7: Teminat | D7: 1200
C10: KİRA HESAP ÖZETİ
C11: anlaşma | D11: 44798
C12: kira başlangıcı | D12: 45199
C13: 1. yıl oturulacak gün sayısı | D13: =D12-D11 -> 401
C14: 1. yıl günlük kira | D14: =D19/D13 -> 0
D17: tutar | E17: bakiye
A18: 44798 | C18: 2022-23 kirasından kalan 8000+1200 TL
A19: 44925 | C19: 4000 TL kiradan 800 TL teminattan ödendi | E19: =D19 -> 0
A20: 44925 | C20: 2021-22 kira bedelindn kalan | D20: 4000 | E20: =E19+D20 -> 4000
A21: 44925 | C21: elektrik teminattan kalan | D21: 400 | E21: =E20+D21 -> 4400
E22: =E21+D22 -> 4400
A23: 44956 | C23: 1000 TL kiradan | E23: =E22+D23 -> 4400
A24: 44956 | C24: 200 TL teminattan | E24: =E23+D24 -> 4400
A25: 44985 | C25: 1000 TL kiradan | E25: =E24+D25 -> 4400
A26: 44985 | C26: 200 TL teminattan | E26: =E25+D26 -> 4400
A27: 45015 | C27: 1000 TL kiradan | E27: =E26+D27 -> 4400
A28: 45046 | C28: 1000 TL kiradan | E28: =E27+D28 -> 4400
