Workbook

Sheet Sheet4
B2: SALİH KAYMAK
C4: KİRA HESAP ÖZETİ
E5: Kira Bedeli | F5: Ödeme | G5: Bakiye
B9: 2023 | C9: Nisan | E9: 2800 | F9: 2800 | G9: =G8+E9-F9 -> 0
C10: Mayıs | E10: 2800 | F10: 2800 | G10: =G9+E10-F10 -> 0
C11: Haziran | E11: 2800 | F11: 2800 | G11: =G10+E11-F11 -> 0
C12: Temmuz | E12: 2800 | F12: 2800 | G12: =G11+E12-F12 -> 0
C13: Ağustos | E13: 2800 | F13: 2800 | G13: =G12+E13-F13 -> 0
C14: Eylül | E14: 2800 | F14: 2800 | G14: =G13+E14-F14 -> 0
C15: Ekim | E15: 2800 | F15: 2800 | G15: =G14+E15-F15 -> 0
C16: Kasım | E16: 2800 | F16: 2800 | G16: =G15+E16-F16 -> 0
C17: Aralık | E17: 2800 | F17: 2800 | G17: =G16+E17-F17 -> 0
C18: Ocak | E18: 2800 | F18: 2800 | G18: =G17+E18-F18 -> 0
C19: Şubat | E19: 2800 | F19: 2800 | G19: =G18+E19-F19 -> 0
C20: Mart | E20: 2800 | F20: 2800 | G20: =G19+E20-F20 -> 0
B21: 2023 | C21: Kira Bedeli + Mart Tüfe Ort 12 | D21: 55 | E21: =F37*D21/100 -> 782.44795 | F21: =F37+E21 -> 2205.0806
B22: 2023 | C22: Kira Bedeli + Mart Tüfe | D22: 70 | E22: =F39*D22/100 -> 700 | F22: =F39+E22 -> 1700
B24: 2022 | C24: Nisan | E24: 1650 | F24: 1650 | G24: =G21+E24-F24 -> 0
C25: Mayıs | E25: 1650 | F25: 1650 | G25: =G24+E25-F25 -> 0
C26: Haziran | E26: 1650 | F26: 1650 | G26: =G25+E26-F26 -> 0
C27: Temmuz | E27: 1650 | F27: 1650 | G27: =G26+E27-F27 -> 0
C28: Ağustos | E28: 1650 | F28: 1650 | G28: =G27+E28-F28 -> 0
C29: Eylül | E29: 1650 | F29: 1650 | G29: =G28+E29-F29 -> 0
C30: Ekim | E30: 1650 | F30: 1650 | G30: =G29+E30-F30 -> 0
C31: Kasım | E31: 1650 | F31: 1650 | G31: =G30+E31-F31 -> 0
C32: Aralık | E32: 1650 | F32: 1650 | G32: =G31+E32-F32 -> 0
C33: Ocak | E33: 1650 | F33: 1650 | G33: =G32+E33-F33 -> 0
C34: Şubat | E34: 1650 | F34: 1650 | G34: =G33+E34-F34 -> 0
C35: Mart | E35: 1650 | F35: 1650 | G35: =G34+E35-F35 -> 0
B36: 2022 | C36: Kira Bedeli + Mart Tüfe Ort 12 | D36: 29.88 | E36: =F51*D36/100 -> 256.82429 | F36: =F51+E36 -> 1116.3433
B37: 2022 | C37: Kira Bedeli + Mart Tüfe | D37: 61.14 | E37: =F52*D37/100 -> 539.77758 | F37: =F52+E37 -> 1422.6326
B39: 2021 | C39: Nisan | E39: 1000 | F39: 1000 | G39: =G35+E39-F39 -> 0
C40: Mayıs | E40: 1000 | F40: 1000 | G40: =G39+E40-F40 -> 0
C41: Haziran | E41: 1000 | F41: 1000 | G41: =G40+E41-F41 -> 0
C42: Temmuz | E42: 1000 | F42: 1000 | G42: =G41+E42-F42 -> 0
C43: Ağustos | E43: 1000 | F43: 1000 | G43: =G42+E43-F43 -> 0
C44: Eylül | E44: 1000 | F44: 1000 | G44: =G43+E44-F44 -> 0
C45: Ekim | E45: 1000 | F45: 1000 | G45: =G44+E45-F45 -> 0
C46: Kasım | E46: 1000 | F46: 1000 | G46: =G45+E46-F46 -> 0
C47: Aralık | E47: 1000 | F47: 1000 | G47: =G46+E47-F47 -> 0
C48: Ocak | E48: 1000 | F48: 1000 | G48: =G47+E48-F48 -> 0
C49: Şubat | E49: 1000 | F49: 1000 | G49: =G48+E49-F49 -> 0
C50: Mart | E50: 1000 | F50: 1000 | G50: =G49+E50-F50 -> 0
B51: 2021 | C51: Kira Bedeli + Mart Tüfe Ort 12 | D51: 13.18 | E51: =F66*D51/100 -> 100.09243 | F51: =F66+E51 -> 859.51903
B52: 2021 | C52: Kira Bedeli + Mart Tüfe | D52: 16.19 | E52: =F67*D52/100 -> 123.01767 | F52: =F67+E52 -> 882.85505
B54: 2020 | C54: Nisan | E54: 900 | F54: 900 | G54: =G50+E54-F54 -> 0
C55: Mayıs | E55: 900 | F55: 900 | G55: =G54+E55-F55 -> 0
C56: Haziran | E56: 900 | F56: 900 | G56: =G55+E56-F56 -> 0
C57: Temmuz | E57: 900 | F57: 900 | G57: =G56+E57-F57 -> 0
C58: Ağustos | E58: 900 | F58: 900 | G58: =G57+E58-F58 -> 0
C59: Eylül | E59: 900 | F59: 900 | G59: =G58+E59-F59 -> 0
C60: Ekim | E60: 900 | F60: 900 | G60: =G59+E60-F60 -> 0
C61: Kasım | E61: 900 | F61: 900 | G61: =G60+E61-F61 -> 0
C62: Aralık | E62: 900 | F62: 900 | G62: =G61+E62-F62 -> 0
C63: Ocak | E63: 900 | F63: 900 | G63: =G62+E63-F63 -> 0
C64: Şubat | E64: 900 | F64: 900 | G64: =G63+E64-F64 -> 0
C65: Mart | E65: 900 | F65: 900 | G65: =G64+E65-F65 -> 0
B66: 2020 | C66: Kira Bedeli + Mart Tüfe Ort 12 | D66: 13.33 | E66: =F81*D66/100 -> 89.324598 | F66: =F81+E66 -> 759.42661
B67: 2020 | C67: Kira Bedeli + Mart Tüfe | D67: 11.86 | E67: =F82*D67/100 -> 80.562054 | F67: =F82+E67 -> 759.83738
B69: 2019 | C69: Nisan | E69: 800 | F69: 800 | G69: =G65+E69-F69 -> 0
C70: Mayıs | E70: 800 | F70: 800 | G70: =G69+E70-F70 -> 0
C71: Haziran | E71: 800 | F71: 800 | G71: =G70+E71-F71 -> 0
C72: Temmuz | E72: 800 | F72: 800 | G72: =G71+E72-F72 -> 0
C73: Ağustos | E73: 800 | F73: 800 | G73: =G72+E73-F73 -> 0
C74: Eylül | E74: 800 | F74: 800 | G74: =G73+E74-F74 -> 0
C75: Ekim | E75: 800 | F75: 800 | G75: =G74+E75-F75 -> 0
C76: Kasım | E76: 800 | F76: 800 | G76: =G75+E76-F76 -> 0
C77: Aralık | E77: 800 | F77: 800 | G77: =G76+E77-F77 -> 0
C78: Ocak | E78: 800 | F78: 800 | G78: =G77+E78-F78 -> 0
C79: Şubat | E79: 800 | F79: 800 | G79: =G78+E79-F79 -> 0
C80: Mart | E80: 800 | F80: 800 | G80: =G79+E80-F80 -> 0
B81: 2019 | C81: Kira Bedeli + Mart Tüfe Ort 12 | D81: 18.7 | E81: =F96*D81/100 -> 105.56788 | F81: =F96+E81 -> 670.10201
B82: 2019 | C82: Kira Bedeli + Mart Tüfe | D82: 19.71 | E82: =F97*D82/100 -> 111.84126 | F82: =F97+E82 -> 679.27533
B84: 2018 | C84: Nisan | E84: 625 | F84: 625 | G84: =G80+E84-F84 -> 0
C85: Mayıs | E85: 625 | F85: 625 | G85: =G84+E85-F85 -> 0
C86: Haziran | E86: 625 | F86: 625 | G86: =G85+E86-F86 -> 0
C87: Temmuz | E87: 625 | F87: 625 | G87: =G86+E87-F87 -> 0
C88: Ağustos | E88: 625 | F88: 625 | G88: =G87+E88-F88 -> 0
C89: Eylül | E89: 625 | F89: 625 | G89: =G88+E89-F89 -> 0
C90: Ekim | E90: 625 | F90: 625 | G90: =G89+E90-F90 -> 0
C91: Kasım | E91: 625 | F91: 625 | G91: =G90+E91-F91 -> 0
C92: Aralık | E92: 625 | F92: 625 | G92: =G91+E92-F92 -> 0
C93: Ocak | E93: 625 | F93: 625 | G93: =G92+E93-F93 -> 0
C94: Şubat | E94: 625 | F94: 625 | G94: =G93+E94-F94 -> 0
C95: Mart | E95: 625 | F95: 625 | G95: =G94+E95-F95 -> 0
B96: 2018 | C96: Kira Bedeli + Mart Tüfe Ort 12 | D96: 11.14 | E96: =F111*D96/100 -> 56.585479 | F96: =F111+E96 -> 564.53413
B97: 2018 | C97: Kira Bedeli + Mart Tüfe | D97: 10.23 | E97: =F112*D97/100 -> 52.661259 | F97: =F112+E97 -> 567.43407
B99: 2017 | C99: Nisan | E99: 550 | F99: 550 | G99: =G95+E99-F99 -> 0
C100: Mayıs | E100: 550 | F100: 550 | G100: =G99+E100-F100 -> 0
C101: Haziran | E101: 550 | F101: 550 | G101: =G100+E101-F101 -> 0
C102: Temmuz | E102: 550 | F102: 550 | G102: =G101+E102-F102 -> 0
C103: Ağustos | E103: 550 | F103: 550 | G103: =G102+E103-F103 -> 0
C104: Eylül | E104: 550 | F104: 550 | G104: =G103+E104-F104 -> 0
C105: Ekim | E105: 550 | F105: 550 | G105: =G104+E105-F105 -> 0
C106: Kasım | E106: 550 | F106: 550 | G106: =G105+E106-F106 -> 0
C107: Aralık | E107: 550 | F107: 550 | G107: =G106+E107-F107 -> 0
C108: Ocak | E108: 550 | F108: 550 | G108: =G107+E108-F108 -> 0
C109: Şubat | E109: 550 | F109: 550 | G109: =G108+E109-F109 -> 0
C110: Mart | E110: 550 | F110: 550 | G110: =G109+E110-F110 -> 0
B111: 2017 | C111: Kira Bedeli + Mart Tüfe Ort 12 | D111: 8.21 | E111: =F126*D111/100 -> 38.538568 | F111: =F126+E111 -> 507.94865
...

Sheet Senet Borçlu Alacaklı Giriş
B1: Alacaklı Adı Soyadı / Unvanı | C1: HACI MURAT BALCI
B2: İl | C2: TOKAT
A4: BORÇLU | B4: Kişilik | C4: Tüzel Kişi
B5: Adı Soyadı / Unvanı | C5: Bursa Fabrika Satış Mağazası – Adem Duman
B6: Adresi | C6: Hızarhane Cad. No:5 TOKAT
B7: Vergi Dairesi | C7: Tokat
B8: Vergi No/TC Kimlik No | C8: 341 3267 6260
A9: KEFİL | B9: Adı Soyadı / Unvanı | C9: Adem Duman
B10: Adresi | C10: Esentepe Mah. Şehit Ulaşar Cad. Belde Sitesi B Blk. K1: D:3 TOKAT
B11: Vergi Dairesi | C11: Tokat
B12: Vergi No/TC Kimlik No | C12: 341 3267 6260

Sheet Senet Taksit Giriş
B2: Senet No | C2: Düzenleme Tarihi | D2: Vade Tarihi | E2: Tutarı Rakamla | F2: Tutarı Yazıyla | G2: Borcun Nedeni | H2: Senet Mühteviyatı
A3: 3 | B3: 1 | C3: 44252 | D3: 44285 | E3: 2000 | F3: =PROPER(IF(IF(LEN(SUBSTITUTE(ROUND(E3,2), ",", ""))=LEN(ROUND(E3,2)),ROUND(E3,2),TRIM(LEFT(ROUND(E3,2),FIND(",",ROUND(E3,2))-1)))*1>=10^6,CHOOSE(LEFT(RIGHT(IF(LEN(SUBSTITUTE(ROUND(E3,2), ",", ""))=LEN(ROUND(E3,2)),ROUND(E3,2),TRIM(LEFT(ROUND(E3,2),FIND(",",ROUND(E3,2))-1)))*1,7),1)+1,"","birmilyon","ikimilyon","üçmilyon","dörtmilyon","beşmilyon","altımilyon","yedimilyon","sekizmilyon","dokuzmilyon"),"")&IF(IF(LEN(SUBSTITUTE(ROUND(E3,2), ",", ""))=LEN(ROUND(E3,2)),ROUND(E3,2),TRIM(LEFT(ROUND(E3,2),FIND(",",ROUND(E3,2))-1)))*1>=10^5,CHOOSE(LEFT(RIGHT(IF(LEN(SUBSTITUTE(ROUND(E3,2), ",", ""))=LEN(ROUND(E3,2)),ROUND(E3,2),TRIM(LEFT(ROUND(E3,2),FIND(",",ROUND(E3,2))-1)))*1,6),1)+1,"","yüz","ikiyüz","üçyüz","dörtyüz","beşyüz","altıyüz","yediyüz","sekizyüz","dokuzyüz"),"")&IF(IF(LEN(SUBSTITUTE(ROUND(E3,2), ",", ""))=LEN(ROUND(E3,2)),ROUND(E3,2),TRIM(LEFT(ROUND(E3,2),FIND(",",ROUND(E3,2))-1)))*1>=10^4,CHOOSE(LEFT(RIGHT(IF(LEN(SUBSTITUTE(ROUND(E3,2), ",", ""))=LEN(ROUND(E3,2)),ROUND(E3,2),TRIM(LEFT(ROUND(E3,2),FIND(",",ROUND(E3,2))-1)))*1,5),1)+1,"","on","yirmi","otuz","kırk","elli","altmış","yetmiş","seksen","doksan"),"")&IF(IF(LEN(SUBSTITUTE(ROUND(E3,2), ",", ""))=LEN(ROUND(E3,2)),ROUND(E3,2),TRIM(LEFT(ROUND(E3,2),FIND(",",ROUND(E3,2))-1)))*1>=10^3,CHOOSE(LEFT(RIGHT(IF(LEN(SUBSTITUTE(ROUND(E3,2), ",", ""))=LEN(ROUND(E3,2)),ROUND(E3,2),TRIM(LEFT(ROUND(E3,2),FIND(",",ROUND(E3,2))-1)))*1,4),1)+1,"","","iki","üç","dört","beş","altı","yedi","sekiz","dokuz"),"")&IF(AND(IF(LEN(SUBSTITUTE(ROUND(E3,2), ",", ""))=LEN(ROUND(E3,2)),ROUND(E3,2),TRIM(LEFT(ROUND(E3,2),FIND(",",ROUND(E3,2))-1)))*1>=10^3,VALUE(LEFT(RIGHT(IF(LEN(SUBSTITUTE(ROUND(E3,2), ",", ""))=LEN(ROUND(E3,2)),ROUND(E3,2),TRIM(LEFT(ROUND(E3,2),FIND(",",ROUND(E3,2))-1)))*1,6),3))>0),IF(AND(IF(LEN(SUBSTITUTE(ROUND(E3,2), ",", ""))=LEN(ROUND(E3,2)),ROUND(E3,2),TRIM(LEFT(ROUND(E3,2),FIND(",",ROUND(E3,2))-1)))*1>1999,LEFT(RIGHT(IF(LEN(SUBSTITUTE(ROUND(E3,2), ",", ""))=LEN(ROUND(E3,2)),ROUND(E3,2),TRIM(LEFT(ROUND(E3,2),FIND(",",ROUND(E3,2))-1)))*1,4),1)="1",LEFT(RIGHT(IF(LEN(SUBSTITUTE(ROUND(E3,2), ",", ""))=LEN(ROUND(E3,2)),ROUND(E3,2),TRIM(LEFT(ROUND(E3,2),FIND(",",ROUND(E3,2))-1)))*1,6),2)<>"00"),"birbin","bin"),"")&IF(IF(LEN(SUBSTITUTE(ROUND(E3,2), ",", ""))=LEN(ROUND(E3,2)),ROUND(E3,2),TRIM(LEFT(ROUND(E3,2),FIND(",",ROUND(E3,2))-1)))*1>=100,CHOOSE(LEFT(RIGHT(IF(LEN(SUBSTITUTE(ROUND(E3,2), ",", ""))=LEN(ROUND(E3,2)),ROUND(E3,2),TRIM(LEFT(ROUND(E3,2),FIND(",",ROUND(E3,2))-1)))*1,3),1)+1,"","yüz","ikiyüz","üçyüz","dörtyüz","beşyüz","altıyüz","yediyüz","sekizyüz","dokuzyüz"),"")&IF(IF(LEN(SUBSTITUTE(ROUND(E3,2), ",", ""))=LEN(ROUND(E3,2)),ROUND(E3,2),TRIM(LEFT(ROUND(E3,2),FIND(",",ROUND(E3,2))-1)))*1>=10,CHOOSE(LEFT(RIGHT(IF(LEN(SUBSTITUTE(ROUND(E3,2), ",", ""))=LEN(ROUND(E3,2)),ROUND(E3,2),TRIM(LEFT(ROUND(E3,2),FIND(",",ROUND(E3,2))-1)))*1,2),1)+1,"","on","yirmi","otuz","kırk","elli","altmış","yetmiş","seksen","doksan"),"")&CHOOSE(MOD(IF(LEN(SUBSTITUTE(ROUND(E3,2), ",", ""))=LEN(ROUND(E3,2)),ROUND(E3,2),TRIM(LEFT(ROUND(E3,2),FIND(",",ROUND(E3,2))-1)))*1,10)+1,"","bir","iki","üç","dört","beş","altı","yedi","sekiz","dokuz")) & " TL " & IF(OR(LEN(SUBSTITUTE(E3, ",", ""))=LEN(E3),LEN(SUBSTITUTE(ROUND(E3,2), ",", ""))=LEN(ROUND(E3,2))),"", PROPER(IF(IF(LEN(TRIM(RIGHT(ROUND(E3,2),LEN(ROUND(E3,2))-FIND(",",ROUND(E3,2)))))<2,TRIM(RIGHT(ROUND(E3,2),LEN(ROUND(E3,2))-FIND(",",ROUND(E3,2))))*10,TRIM(RIGHT(ROUND(E3,2),LEN(ROUND(E3,2))-FIND(",",ROUND(E3,2))))*1)>=10^5,CHOOSE(LEFT(RIGHT(IF(LEN(TRIM(RIGHT(ROUND(E3,2),LEN(ROUND(E3,2))-FIND(",",ROUND(E3,2)))))<2,TRIM(RIGHT(ROUND(E3,2),LEN(ROUND(E3,2))-FIND(",",ROUND(E3,2))))*10,TRIM(RIGHT(ROUND(E3,2),LEN(ROUND(E3,2))-FIND(",",ROUND(E3,2))))*1),6),1)+1,"","yüz","ikiyüz","üçyüz","dörtyüz","beşyüz","altıyüz","yediyüz","sekizyüz","dokuzyüz"),"")&IF(IF(LEN(TRIM(RIGHT(ROUND(E3,2),LEN(ROUND(E3,2))-FIND(",",ROUND(E3,2)))))<2,TRIM(RIGHT(ROUND(E3,2),LEN(ROUND(E3,2))-FIND(",",ROUND(E3,2))))*10,TRIM(RIGHT(ROUND(E3,2),LEN(ROUND(E3,2))-FIND(",",ROUND(E3,2))))*1)>=10^4,CHOOSE(LEFT(RIGHT(IF(LEN(TRIM(RIGHT(ROUND(E3,2),LEN(ROUND(E3,2))-FIND(",",ROUND(E3,2)))))<2,TRIM(RIGHT(ROUND(E3,2),LEN(ROUND(E3,2))-FIND(",",ROUND(E3,2))))*10,TRIM(RIGHT(ROUND(E3,2),LEN(ROUND(E3,2))-FIND(",",ROUND(E3,2))))*1),5),1)+1,"","on","yirmi","otuz","kırk","elli","altmış","yetmiş","seksen","doksan"),"")&IF(IF(LEN(TRIM(RIGHT(ROUND(E3,2),LEN(ROUND(E3,2))-FIND(",",ROUND(E3,2)))))<2,TRIM(RIGHT(ROUND(E3,2),LEN(ROUND(E3,2))-FIND(",",ROUND(E3,2))))*10,TRIM(RIGHT(ROUND(E3,2),LEN(ROUND(E3,2))-FIND(",",ROUND(E3,2))))*1)>=10^3,CHOOSE(LEFT(RIGHT(IF(LEN(TRIM(RIGHT(ROUND(E3,2),LEN(ROUND(E3,2))-FIND(",",ROUND(E3,2)))))<2,TRIM(RIGHT(ROUND(E3,2),LEN(ROUND(E3,2))-FIND(",",ROUND(E3,2))))*10,TRIM(RIGHT(ROUND(E3,2),LEN(ROUND(E3,2))-FIND(",",ROUND(E3,2))))*1),4),1)+1,"","","iki","üç","dört","beş","altı","yedi","sekiz","dokuz"),"")&IF(IF(LEN(TRIM(RIGHT(ROUND(E3,2),LEN(ROUND(E3,2))-FIND(",",ROUND(E3,2)))))<2,TRIM(RIGHT(ROUND(E3,2),LEN(ROUND(E3,2))-FIND(",",ROUND(E3,2))))*10,TRIM(RIGHT(ROUND(E3,2),LEN(ROUND(E3,2))-FIND(",",ROUND(E3,2))))*1)>=10,CHOOSE(LEFT(RIGHT(IF(LEN(TRIM(RIGHT(ROUND(E3,2),LEN(ROUND(E3,2))-FIND(",",ROUND(E3,2)))))<2,TRIM(RIGHT(ROUND(E3,2),LEN(ROUND(E3,2))-FIND(",",ROUND(E3,2))))*10,TRIM(RIGHT(ROUND(E3,2),LEN(ROUND(E3,2))-FIND(",",ROUND(E3,2))))*1),2),1)+1,"","on","yirmi","otuz","kırk","elli","altmış","yetmiş","seksen","doksan"),"")&CHOOSE(MOD(IF(LEN(TRIM(RIGHT(ROUND(E3,2),LEN(ROUND(E3,2))-FIND(",",ROUND(E3,2)))))<2,TRIM(RIGHT(ROUND(E3,2),LEN(ROUND(E3,2))-FIND(",",ROUND(E3,2))))*10,TRIM(RIGHT(ROUND(E3,2),LEN(ROUND(E3,2))-FIND(",",ROUND(E3,2))))*1),10)+1,"","bir","iki","üç","dört","beş","altı","yedi","sekiz","dokuz")) & " Kr") -> İkibin TL | G3: NAKDEN | H3: 1. Taksit
B4: 2 | C4: 44252 | D4: 44316 | E4: 2000 | F4: =PROPER(IF(IF(LEN(SUBSTITUTE(ROUND(E4,2), ",", ""))=LEN(ROUND(E4,2)),ROUND(E4,2),TRIM(LEFT(ROUND(E4,2),FIND(",",ROUND(E4,2))-1)))*1>=10^6,CHOOSE(LEFT(RIGHT(IF(LEN(SUBSTITUTE(ROUND(E4,2), ",", ""))=LEN(ROUND(E4,2)),ROUND(E4,2),TRIM(LEFT(ROUND(E4,2),FIND(",",ROUND(E4,2))-1)))*1,7),1)+1,"","birmilyon","ikimilyon","üçmilyon","dörtmilyon","beşmilyon","altımilyon","yedimilyon","sekizmilyon","dokuzmilyon"),"")&IF(IF(LEN(SUBSTITUTE(ROUND(E4,2), ",", ""))=LEN(ROUND(E4,2)),ROUND(E4,2),TRIM(LEFT(ROUND(E4,2),FIND(",",ROUND(E4,2))-1)))*1>=10^5,CHOOSE(LEFT(RIGHT(IF(LEN(SUBSTITUTE(ROUND(E4,2), ",", ""))=LEN(ROUND(E4,2)),ROUND(E4,2),TRIM(LEFT(ROUND(E4,2),FIND(",",ROUND(E4,2))-1)))*1,6),1)+1,"","yüz","ikiyüz","üçyüz","dörtyüz","beşyüz","altıyüz","yediyüz","sekizyüz","dokuzyüz"),"")&IF(IF(LEN(SUBSTITUTE(ROUND(E4,2), ",", ""))=LEN(ROUND(E4,2)),ROUND(E4,2),TRIM(LEFT(ROUND(E4,2),FIND(",",ROUND(E4,2))-1)))*1>=10^4,CHOOSE(LEFT(RIGHT(IF(LEN(SUBSTITUTE(ROUND(E4,2), ",", ""))=LEN(ROUND(E4,2)),ROUND(E4,2),TRIM(LEFT(ROUND(E4,2),FIND(",",ROUND(E4,2))-1)))*1,5),1)+1,"","on","yirmi","otuz","kırk","elli","altmış","yetmiş","seksen","doksan"),"")&IF(IF(LEN(SUBSTITUTE(ROUND(E4,2), ",", ""))=LEN(ROUND(E4,2)),ROUND(E4,2),TRIM(LEFT(ROUND(E4,2),FIND(",",ROUND(E4,2))-1)))*1>=10^3,CHOOSE(LEFT(RIGHT(IF(LEN(SUBSTITUTE(ROUND(E4,2), ",", ""))=LEN(ROUND(E4,2)),ROUND(E4,2),TRIM(LEFT(ROUND(E4,2),FIND(",",ROUND(E4,2))-1)))*1,4),1)+1,"","","iki","üç","dört","beş","altı","yedi","sekiz","dokuz"),"")&IF(AND(IF(LEN(SUBSTITUTE(ROUND(E4,2), ",", ""))=LEN(ROUND(E4,2)),ROUND(E4,2),TRIM(LEFT(ROUND(E4,2),FIND(",",ROUND(E4,2))-1)))*1>=10^3,VALUE(LEFT(RIGHT(IF(LEN(SUBSTITUTE(ROUND(E4,2), ",", ""))=LEN(ROUND(E4,2)),ROUND(E4,2),TRIM(LEFT(ROUND(E4,2),FIND(",",ROUND(E4,2))-1)))*1,6),3))>0),IF(AND(IF(LEN(SUBSTITUTE(ROUND(E4,2), ",", ""))=LEN(ROUND(E4,2)),ROUND(E4,2),TRIM(LEFT(ROUND(E4,2),FIND(",",ROUND(E4,2))-1)))*1>1999,LEFT(RIGHT(IF(LEN(SUBSTITUTE(ROUND(E4,2), ",", ""))=LEN(ROUND(E4,2)),ROUND(E4,2),TRIM(LEFT(ROUND(E4,2),FIND(",",ROUND(E4,2))-1)))*1,4),1)="1",LEFT(RIGHT(IF(LEN(SUBSTITUTE(ROUND(E4,2), ",", ""))=LEN(ROUND(E4,2)),ROUND(E4,2),TRIM(LEFT(ROUND(E4,2),FIND(",",ROUND(E4,2))-1)))*1,6),2)<>"00"),"birbin","bin"),"")&IF(IF(LEN(SUBSTITUTE(ROUND(E4,2), ",", ""))=LEN(ROUND(E4,2)),ROUND(E4,2),TRIM(LEFT(ROUND(E4,2),FIND(",",ROUND(E4,2))-1)))*1>=100,CHOOSE(LEFT(RIGHT(IF(LEN(SUBSTITUTE(ROUND(E4,2), ",", ""))=LEN(ROUND(E4,2)),ROUND(E4,2),TRIM(LEFT(ROUND(E4,2),FIND(",",ROUND(E4,2))-1)))*1,3),1)+1,"","yüz","ikiyüz","üçyüz","dörtyüz","beşyüz","altıyüz","yediyüz","sekizyüz","dokuzyüz"),"")&IF(IF(LEN(SUBSTITUTE(ROUND(E4,2), ",", ""))=LEN(ROUND(E4,2)),ROUND(E4,2),TRIM(LEFT(ROUND(E4,2),FIND(",",ROUND(E4,2))-1)))*1>=10,CHOOSE(LEFT(RIGHT(IF(LEN(SUBSTITUTE(ROUND(E4,2), ",", ""))=LEN(ROUND(E4,2)),ROUND(E4,2),TRIM(LEFT(ROUND(E4,2),FIND(",",ROUND(E4,2))-1)))*1,2),1)+1,"","on","yirmi","otuz","kırk","elli","altmış","yetmiş","seksen","doksan"),"")&CHOOSE(MOD(IF(LEN(SUBSTITUTE(ROUND(E4,2), ",", ""))=LEN(ROUND(E4,2)),ROUND(E4,2),TRIM(LEFT(ROUND(E4,2),FIND(",",ROUND(E4,2))-1)))*1,10)+1,"","bir","iki","üç","dört","beş","altı","yedi","sekiz","dokuz")) & " TL " & IF(OR(LEN(SUBSTITUTE(E4, ",", ""))=LEN(E4),LEN(SUBSTITUTE(ROUND(E4,2), ",", ""))=LEN(ROUND(E4,2))),"", PROPER(IF(IF(LEN(TRIM(RIGHT(ROUND(E4,2),LEN(ROUND(E4,2))-FIND(",",ROUND(E4,2)))))<2,TRIM(RIGHT(ROUND(E4,2),LEN(ROUND(E4,2))-FIND(",",ROUND(E4,2))))*10,TRIM(RIGHT(ROUND(E4,2),LEN(ROUND(E4,2))-FIND(",",ROUND(E4,2))))*1)>=10^5,CHOOSE(LEFT(RIGHT(IF(LEN(TRIM(RIGHT(ROUND(E4,2),LEN(ROUND(E4,2))-FIND(",",ROUND(E4,2)))))<2,TRIM(RIGHT(ROUND(E4,2),LEN(ROUND(E4,2))-FIND(",",ROUND(E4,2))))*10,TRIM(RIGHT(ROUND(E4,2),LEN(ROUND(E4,2))-FIND(",",ROUND(E4,2))))*1),6),1)+1,"","yüz","ikiyüz","üçyüz","dörtyüz","beşyüz","altıyüz","yediyüz","sekizyüz","dokuzyüz"),"")&IF(IF(LEN(TRIM(RIGHT(ROUND(E4,2),LEN(ROUND(E4,2))-FIND(",",ROUND(E4,2)))))<2,TRIM(RIGHT(ROUND(E4,2),LEN(ROUND(E4,2))-FIND(",",ROUND(E4,2))))*10,TRIM(RIGHT(ROUND(E4,2),LEN(ROUND(E4,2))-FIND(",",ROUND(E4,2))))*1)>=10^4,CHOOSE(LEFT(RIGHT(IF(LEN(TRIM(RIGHT(ROUND(E4,2),LEN(ROUND(E4,2))-FIND(",",ROUND(E4,2)))))<2,TRIM(RIGHT(ROUND(E4,2),LEN(ROUND(E4,2))-FIND(",",ROUND(E4,2))))*10,TRIM(RIGHT(ROUND(E4,2),LEN(ROUND(E4,2))-FIND(",",ROUND(E4,2))))*1),5),1)+1,"","on","yirmi","otuz","kırk","elli","altmış","yetmiş","seksen","doksan"),"")&IF(IF(LEN(TRIM(RIGHT(ROUND(E4,2),LEN(ROUND(E4,2))-FIND(",",ROUND(E4,2)))))<2,TRIM(RIGHT(ROUND(E4,2),LEN(ROUND(E4,2))-FIND(",",ROUND(E4,2))))*10,TRIM(RIGHT(ROUND(E4,2),LEN(ROUND(E4,2))-FIND(",",ROUND(E4,2))))*1)>=10^3,CHOOSE(LEFT(RIGHT(IF(LEN(TRIM(RIGHT(ROUND(E4,2),LEN(ROUND(E4,2))-FIND(",",ROUND(E4,2)))))<2,TRIM(RIGHT(ROUND(E4,2),LEN(ROUND(E4,2))-FIND(",",ROUND(E4,2))))*10,TRIM(RIGHT(ROUND(E4,2),LEN(ROUND(E4,2))-FIND(",",ROUND(E4,2))))*1),4),1)+1,"","","iki","üç","dört","beş","altı","yedi","sekiz","dokuz"),"")&IF(IF(LEN(TRIM(RIGHT(ROUND(E4,2),LEN(ROUND(E4,2))-FIND(",",ROUND(E4,2)))))<2,TRIM(RIGHT(ROUND(E4,2),LEN(ROUND(E4,2))-FIND(",",ROUND(E4,2))))*10,TRIM(RIGHT(ROUND(E4,2),LEN(ROUND(E4,2))-FIND(",",ROUND(E4,2))))*1)>=10,CHOOSE(LEFT(RIGHT(IF(LEN(TRIM(RIGHT(ROUND(E4,2),LEN(ROUND(E4,2))-FIND(",",ROUND(E4,2)))))<2,TRIM(RIGHT(ROUND(E4,2),LEN(ROUND(E4,2))-FIND(",",ROUND(E4,2))))*10,TRIM(RIGHT(ROUND(E4,2),LEN(ROUND(E4,2))-FIND(",",ROUND(E4,2))))*1),2),1)+1,"","on","yirmi","otuz","kırk","elli","altmış","yetmiş","seksen","doksan"),"")&CHOOSE(MOD(IF(LEN(TRIM(RIGHT(ROUND(E4,2),LEN(ROUND(E4,2))-FIND(",",ROUND(E4,2)))))<2,TRIM(RIGHT(ROUND(E4,2),LEN(ROUND(E4,2))-FIND(",",ROUND(E4,2))))*10,TRIM(RIGHT(ROUND(E4,2),LEN(ROUND(E4,2))-FIND(",",ROUND(E4,2))))*1),10)+1,"","bir","iki","üç","dört","beş","altı","yedi","sekiz","dokuz")) & " Kr") -> İkibin TL | G4: =G3 -> NAKDEN | H4: 2. Taksit
B5: 3 | C5: 44252 | D5: 44346 | E5: 2000 | F5: =PROPER(IF(IF(LEN(SUBSTITUTE(ROUND(E5,2), ",", ""))=LEN(ROUND(E5,2)),ROUND(E5,2),TRIM(LEFT(ROUND(E5,2),FIND(",",ROUND(E5,2))-1)))*1>=10^6,CHOOSE(LEFT(RIGHT(IF(LEN(SUBSTITUTE(ROUND(E5,2), ",", ""))=LEN(ROUND(E5,2)),ROUND(E5,2),TRIM(LEFT(ROUND(E5,2),FIND(",",ROUND(E5,2))-1)))*1,7),1)+1,"","birmilyon","ikimilyon","üçmilyon","dörtmilyon","beşmilyon","altımilyon","yedimilyon","sekizmilyon","dokuzmilyon"),"")&IF(IF(LEN(SUBSTITUTE(ROUND(E5,2), ",", ""))=LEN(ROUND(E5,2)),ROUND(E5,2),TRIM(LEFT(ROUND(E5,2),FIND(",",ROUND(E5,2))-1)))*1>=10^5,CHOOSE(LEFT(RIGHT(IF(LEN(SUBSTITUTE(ROUND(E5,2), ",", ""))=LEN(ROUND(E5,2)),ROUND(E5,2),TRIM(LEFT(ROUND(E5,2),FIND(",",ROUND(E5,2))-1)))*1,6),1)+1,"","yüz","ikiyüz","üçyüz","dörtyüz","beşyüz","altıyüz","yediyüz","sekizyüz","dokuzyüz"),"")&IF(IF(LEN(SUBSTITUTE(ROUND(E5,2), ",", ""))=LEN(ROUND(E5,2)),ROUND(E5,2),TRIM(LEFT(ROUND(E5,2),FIND(",",ROUND(E5,2))-1)))*1>=10^4,CHOOSE(LEFT(RIGHT(IF(LEN(SUBSTITUTE(ROUND(E5,2), ",", ""))=LEN(ROUND(E5,2)),ROUND(E5,2),TRIM(LEFT(ROUND(E5,2),FIND(",",ROUND(E5,2))-1)))*1,5),1)+1,"","on","yirmi","otuz","kırk","elli","altmış","yetmiş","seksen","doksan"),"")&IF(IF(LEN(SUBSTITUTE(ROUND(E5,2), ",", ""))=LEN(ROUND(E5,2)),ROUND(E5,2),TRIM(LEFT(ROUND(E5,2),FIND(",",ROUND(E5,2))-1)))*1>=10^3,CHOOSE(LEFT(RIGHT(IF(LEN(SUBSTITUTE(ROUND(E5,2), ",", ""))=LEN(ROUND(E5,2)),ROUND(E5,2),TRIM(LEFT(ROUND(E5,2),FIND(",",ROUND(E5,2))-1)))*1,4),1)+1,"","","iki","üç","dört","beş","altı","yedi","sekiz","dokuz"),"")&IF(AND(IF(LEN(SUBSTITUTE(ROUND(E5,2), ",", ""))=LEN(ROUND(E5,2)),ROUND(E5,2),TRIM(LEFT(ROUND(E5,2),FIND(",",ROUND(E5,2))-1)))*1>=10^3,VALUE(LEFT(RIGHT(IF(LEN(SUBSTITUTE(ROUND(E5,2), ",", ""))=LEN(ROUND(E5,2)),ROUND(E5,2),TRIM(LEFT(ROUND(E5,2),FIND(",",ROUND(E5,2))-1)))*1,6),3))>0),IF(AND(IF(LEN(SUBSTITUTE(ROUND(E5,2), ",", ""))=LEN(ROUND(E5,2)),ROUND(E5,2),TRIM(LEFT(ROUND(E5,2),FIND(",",ROUND(E5,2))-1)))*1>1999,LEFT(RIGHT(IF(LEN(SUBSTITUTE(ROUND(E5,2), ",", ""))=LEN(ROUND(E5,2)),ROUND(E5,2),TRIM(LEFT(ROUND(E5,2),FIND(",",ROUND(E5,2))-1)))*1,4),1)="1",LEFT(RIGHT(IF(LEN(SUBSTITUTE(ROUND(E5,2), ",", ""))=LEN(ROUND(E5,2)),ROUND(E5,2),TRIM(LEFT(ROUND(E5,2),FIND(",",ROUND(E5,2))-1)))*1,6),2)<>"00"),"birbin","bin"),"")&IF(IF(LEN(SUBSTITUTE(ROUND(E5,2), ",", ""))=LEN(ROUND(E5,2)),ROUND(E5,2),TRIM(LEFT(ROUND(E5,2),FIND(",",ROUND(E5,2))-1)))*1>=100,CHOOSE(LEFT(RIGHT(IF(LEN(SUBSTITUTE(ROUND(E5,2), ",", ""))=LEN(ROUND(E5,2)),ROUND(E5,2),TRIM(LEFT(ROUND(E5,2),FIND(",",ROUND(E5,2))-1)))*1,3),1)+1,"","yüz","ikiyüz","üçyüz","dörtyüz","beşyüz","altıyüz","yediyüz","sekizyüz","dokuzyüz"),"")&IF(IF(LEN(SUBSTITUTE(ROUND(E5,2), ",", ""))=LEN(ROUND(E5,2)),ROUND(E5,2),TRIM(LEFT(ROUND(E5,2),FIND(",",ROUND(E5,2))-1)))*1>=10,CHOOSE(LEFT(RIGHT(IF(LEN(SUBSTITUTE(ROUND(E5,2), ",", ""))=LEN(ROUND(E5,2)),ROUND(E5,2),TRIM(LEFT(ROUND(E5,2),FIND(",",ROUND(E5,2))-1)))*1,2),1)+1,"","on","yirmi","otuz","kırk","elli","altmış","yetmiş","seksen","doksan"),"")&CHOOSE(MOD(IF(LEN(SUBSTITUTE(ROUND(E5,2), ",", ""))=LEN(ROUND(E5,2)),ROUND(E5,2),TRIM(LEFT(ROUND(E5,2),FIND(",",ROUND(E5,2))-1)))*1,10)+1,"","bir","iki","üç","dört","beş","altı","yedi","sekiz","dokuz")) & " TL " & IF(OR(LEN(SUBSTITUTE(E5, ",", ""))=LEN(E5),LEN(SUBSTITUTE(ROUND(E5,2), ",", ""))=LEN(ROUND(E5,2))),"", PROPER(IF(IF(LEN(TRIM(RIGHT(ROUND(E5,2),LEN(ROUND(E5,2))-FIND(",",ROUND(E5,2)))))<2,TRIM(RIGHT(ROUND(E5,2),LEN(ROUND(E5,2))-FIND(",",ROUND(E5,2))))*10,TRIM(RIGHT(ROUND(E5,2),LEN(ROUND(E5,2))-FIND(",",ROUND(E5,2))))*1)>=10^5,CHOOSE(LEFT(RIGHT(IF(LEN(TRIM(RIGHT(ROUND(E5,2),LEN(ROUND(E5,2))-FIND(",",ROUND(E5,2)))))<2,TRIM(RIGHT(ROUND(E5,2),LEN(ROUND(E5,2))-FIND(",",ROUND(E5,2))))*10,TRIM(RIGHT(ROUND(E5,2),LEN(ROUND(E5,2))-FIND(",",ROUND(E5,2))))*1),6),1)+1,"","yüz","ikiyüz","üçyüz","dörtyüz","beşyüz","altıyüz","yediyüz","sekizyüz","dokuzyüz"),"")&IF(IF(LEN(TRIM(RIGHT(ROUND(E5,2),LEN(ROUND(E5,2))-FIND(",",ROUND(E5,2)))))<2,TRIM(RIGHT(ROUND(E5,2),LEN(ROUND(E5,2))-FIND(",",ROUND(E5,2))))*10,TRIM(RIGHT(ROUND(E5,2),LEN(ROUND(E5,2))-FIND(",",ROUND(E5,2))))*1)>=10^4,CHOOSE(LEFT(RIGHT(IF(LEN(TRIM(RIGHT(ROUND(E5,2),LEN(ROUND(E5,2))-FIND(",",ROUND(E5,2)))))<2,TRIM(RIGHT(ROUND(E5,2),LEN(ROUND(E5,2))-FIND(",",ROUND(E5,2))))*10,TRIM(RIGHT(ROUND(E5,2),LEN(ROUND(E5,2))-FIND(",",ROUND(E5,2))))*1),5),1)+1,"","on","yirmi","otuz","kırk","elli","altmış","yetmiş","seksen","doksan"),"")&IF(IF(LEN(TRIM(RIGHT(ROUND(E5,2),LEN(ROUND(E5,2))-FIND(",",ROUND(E5,2)))))<2,TRIM(RIGHT(ROUND(E5,2),LEN(ROUND(E5,2))-FIND(",",ROUND(E5,2))))*10,TRIM(RIGHT(ROUND(E5,2),LEN(ROUND(E5,2))-FIND(",",ROUND(E5,2))))*1)>=10^3,CHOOSE(LEFT(RIGHT(IF(LEN(TRIM(RIGHT(ROUND(E5,2),LEN(ROUND(E5,2))-FIND(",",ROUND(E5,2)))))<2,TRIM(RIGHT(ROUND(E5,2),LEN(ROUND(E5,2))-FIND(",",ROUND(E5,2))))*10,TRIM(RIGHT(ROUND(E5,2),LEN(ROUND(E5,2))-FIND(",",ROUND(E5,2))))*1),4),1)+1,"","","iki","üç","dört","beş","altı","yedi","sekiz","dokuz"),"")&IF(IF(LEN(TRIM(RIGHT(ROUND(E5,2),LEN(ROUND(E5,2))-FIND(",",ROUND(E5,2)))))<2,TRIM(RIGHT(ROUND(E5,2),LEN(ROUND(E5,2))-FIND(",",ROUND(E5,2))))*10,TRIM(RIGHT(ROUND(E5,2),LEN(ROUND(E5,2))-FIND(",",ROUND(E5,2))))*1)>=10,CHOOSE(LEFT(RIGHT(IF(LEN(TRIM(RIGHT(ROUND(E5,2),LEN(ROUND(E5,2))-FIND(",",ROUND(E5,2)))))<2,TRIM(RIGHT(ROUND(E5,2),LEN(ROUND(E5,2))-FIND(",",ROUND(E5,2))))*10,TRIM(RIGHT(ROUND(E5,2),LEN(ROUND(E5,2))-FIND(",",ROUND(E5,2))))*1),2),1)+1,"","on","yirmi","otuz","kırk","elli","altmış","yetmiş","seksen","doksan"),"")&CHOOSE(MOD(IF(LEN(TRIM(RIGHT(ROUND(E5,2),LEN(ROUND(E5,2))-FIND(",",ROUND(E5,2)))))<2,TRIM(RIGHT(ROUND(E5,2),LEN(ROUND(E5,2))-FIND(",",ROUND(E5,2))))*10,TRIM(RIGHT(ROUND(E5,2),LEN(ROUND(E5,2))-FIND(",",ROUND(E5,2))))*1),10)+1,"","bir","iki","üç","dört","beş","altı","yedi","sekiz","dokuz")) & " Kr") -> İkibin TL | G5: =G4 -> NAKDEN | H5: 3. Taksit
B6: 4 | C6: 44252 | D6: 44377 | E6: 2000 | F6: =PROPER(IF(IF(LEN(SUBSTITUTE(ROUND(E6,2), ",", ""))=LEN(ROUND(E6,2)),ROUND(E6,2),TRIM(LEFT(ROUND(E6,2),FIND(",",ROUND(E6,2))-1)))*1>=10^6,CHOOSE(LEFT(RIGHT(IF(LEN(SUBSTITUTE(ROUND(E6,2), ",", ""))=LEN(ROUND(E6,2)),ROUND(E6,2),TRIM(LEFT(ROUND(E6,2),FIND(",",ROUND(E6,2))-1)))*1,7),1)+1,"","birmilyon","ikimilyon","üçmilyon","dörtmilyon","beşmilyon","altımilyon","yedimilyon","sekizmilyon","dokuzmilyon"),"")&IF(IF(LEN(SUBSTITUTE(ROUND(E6,2), ",", ""))=LEN(ROUND(E6,2)),ROUND(E6,2),TRIM(LEFT(ROUND(E6,2),FIND(",",ROUND(E6,2))-1)))*1>=10^5,CHOOSE(LEFT(RIGHT(IF(LEN(SUBSTITUTE(ROUND(E6,2), ",", ""))=LEN(ROUND(E6,2)),ROUND(E6,2),TRIM(LEFT(ROUND(E6,2),FIND(",",ROUND(E6,2))-1)))*1,6),1)+1,"","yüz","ikiyüz","üçyüz","dörtyüz","beşyüz","altıyüz","yediyüz","sekizyüz","dokuzyüz"),"")&IF(IF(LEN(SUBSTITUTE(ROUND(E6,2), ",", ""))=LEN(ROUND(E6,2)),ROUND(E6,2),TRIM(LEFT(ROUND(E6,2),FIND(",",ROUND(E6,2))-1)))*1>=10^4,CHOOSE(LEFT(RIGHT(IF(LEN(SUBSTITUTE(ROUND(E6,2), ",", ""))=LEN(ROUND(E6,2)),ROUND(E6,2),TRIM(LEFT(ROUND(E6,2),FIND(",",ROUND(E6,2))-1)))*1,5),1)+1,"","on","yirmi","otuz","kırk","elli","altmış","yetmiş","seksen","doksan"),"")&IF(IF(LEN(SUBSTITUTE(ROUND(E6,2), ",", ""))=LEN(ROUND(E6,2)),ROUND(E6,2),TRIM(LEFT(ROUND(E6,2),FIND(",",ROUND(E6,2))-1)))*1>=10^3,CHOOSE(LEFT(RIGHT(IF(LEN(SUBSTITUTE(ROUND(E6,2), ",", ""))=LEN(ROUND(E6,2)),ROUND(E6,2),TRIM(LEFT(ROUND(E6,2),FIND(",",ROUND(E6,2))-1)))*1,4),1)+1,"","","iki","üç","dört","beş","altı","yedi","sekiz","dokuz"),"")&IF(AND(IF(LEN(SUBSTITUTE(ROUND(E6,2), ",", ""))=LEN(ROUND(E6,2)),ROUND(E6,2),TRIM(LEFT(ROUND(E6,2),FIND(",",ROUND(E6,2))-1)))*1>=10^3,VALUE(LEFT(RIGHT(IF(LEN(SUBSTITUTE(ROUND(E6,2), ",", ""))=LEN(ROUND(E6,2)),ROUND(E6,2),TRIM(LEFT(ROUND(E6,2),FIND(",",ROUND(E6,2))-1)))*1,6),3))>0),IF(AND(IF(LEN(SUBSTITUTE(ROUND(E6,2), ",", ""))=LEN(ROUND(E6,2)),ROUND(E6,2),TRIM(LEFT(ROUND(E6,2),FIND(",",ROUND(E6,2))-1)))*1>1999,LEFT(RIGHT(IF(LEN(SUBSTITUTE(ROUND(E6,2), ",", ""))=LEN(ROUND(E6,2)),ROUND(E6,2),TRIM(LEFT(ROUND(E6,2),FIND(",",ROUND(E6,2))-1)))*1,4),1)="1",LEFT(RIGHT(IF(LEN(SUBSTITUTE(ROUND(E6,2), ",", ""))=LEN(ROUND(E6,2)),ROUND(E6,2),TRIM(LEFT(ROUND(E6,2),FIND(",",ROUND(E6,2))-1)))*1,6),2)<>"00"),"birbin","bin"),"")&IF(IF(LEN(SUBSTITUTE(ROUND(E6,2), ",", ""))=LEN(ROUND(E6,2)),ROUND(E6,2),TRIM(LEFT(ROUND(E6,2),FIND(",",ROUND(E6,2))-1)))*1>=100,CHOOSE(LEFT(RIGHT(IF(LEN(SUBSTITUTE(ROUND(E6,2), ",", ""))=LEN(ROUND(E6,2)),ROUND(E6,2),TRIM(LEFT(ROUND(E6,2),FIND(",",ROUND(E6,2))-1)))*1,3),1)+1,"","yüz","ikiyüz","üçyüz","dörtyüz","beşyüz","altıyüz","yediyüz","sekizyüz","dokuzyüz"),"")&IF(IF(LEN(SUBSTITUTE(ROUND(E6,2), ",", ""))=LEN(ROUND(E6,2)),ROUND(E6,2),TRIM(LEFT(ROUND(E6,2),FIND(",",ROUND(E6,2))-1)))*1>=10,CHOOSE(LEFT(RIGHT(IF(LEN(SUBSTITUTE(ROUND(E6,2), ",", ""))=LEN(ROUND(E6,2)),ROUND(E6,2),TRIM(LEFT(ROUND(E6,2),FIND(",",ROUND(E6,2))-1)))*1,2),1)+1,"","on","yirmi","otuz","kırk","elli","altmış","yetmiş","seksen","doksan"),"")&CHOOSE(MOD(IF(LEN(SUBSTITUTE(ROUND(E6,2), ",", ""))=LEN(ROUND(E6,2)),ROUND(E6,2),TRIM(LEFT(ROUND(E6,2),FIND(",",ROUND(E6,2))-1)))*1,10)+1,"","bir","iki","üç","dört","beş","altı","yedi","sekiz","dokuz")) & " TL " & IF(OR(LEN(SUBSTITUTE(E6, ",", ""))=LEN(E6),LEN(SUBSTITUTE(ROUND(E6,2), ",", ""))=LEN(ROUND(E6,2))),"", PROPER(IF(IF(LEN(TRIM(RIGHT(ROUND(E6,2),LEN(ROUND(E6,2))-FIND(",",ROUND(E6,2)))))<2,TRIM(RIGHT(ROUND(E6,2),LEN(ROUND(E6,2))-FIND(",",ROUND(E6,2))))*10,TRIM(RIGHT(ROUND(E6,2),LEN(ROUND(E6,2))-FIND(",",ROUND(E6,2))))*1)>=10^5,CHOOSE(LEFT(RIGHT(IF(LEN(TRIM(RIGHT(ROUND(E6,2),LEN(ROUND(E6,2))-FIND(",",ROUND(E6,2)))))<2,TRIM(RIGHT(ROUND(E6,2),LEN(ROUND(E6,2))-FIND(",",ROUND(E6,2))))*10,TRIM(RIGHT(ROUND(E6,2),LEN(ROUND(E6,2))-FIND(",",ROUND(E6,2))))*1),6),1)+1,"","yüz","ikiyüz","üçyüz","dörtyüz","beşyüz","altıyüz","yediyüz","sekizyüz","dokuzyüz"),"")&IF(IF(LEN(TRIM(RIGHT(ROUND(E6,2),LEN(ROUND(E6,2))-FIND(",",ROUND(E6,2)))))<2,TRIM(RIGHT(ROUND(E6,2),LEN(ROUND(E6,2))-FIND(",",ROUND(E6,2))))*10,TRIM(RIGHT(ROUND(E6,2),LEN(ROUND(E6,2))-FIND(",",ROUND(E6,2))))*1)>=10^4,CHOOSE(LEFT(RIGHT(IF(LEN(TRIM(RIGHT(ROUND(E6,2),LEN(ROUND(E6,2))-FIND(",",ROUND(E6,2)))))<2,TRIM(RIGHT(ROUND(E6,2),LEN(ROUND(E6,2))-FIND(",",ROUND(E6,2))))*10,TRIM(RIGHT(ROUND(E6,2),LEN(ROUND(E6,2))-FIND(",",ROUND(E6,2))))*1),5),1)+1,"","on","yirmi","otuz","kırk","elli","altmış","yetmiş","seksen","doksan"),"")&IF(IF(LEN(TRIM(RIGHT(ROUND(E6,2),LEN(ROUND(E6,2))-FIND(",",ROUND(E6,2)))))<2,TRIM(RIGHT(ROUND(E6,2),LEN(ROUND(E6,2))-FIND(",",ROUND(E6,2))))*10,TRIM(RIGHT(ROUND(E6,2),LEN(ROUND(E6,2))-FIND(",",ROUND(E6,2))))*1)>=10^3,CHOOSE(LEFT(RIGHT(IF(LEN(TRIM(RIGHT(ROUND(E6,2),LEN(ROUND(E6,2))-FIND(",",ROUND(E6,2)))))<2,TRIM(RIGHT(ROUND(E6,2),LEN(ROUND(E6,2))-FIND(",",ROUND(E6,2))))*10,TRIM(RIGHT(ROUND(E6,2),LEN(ROUND(E6,2))-FIND(",",ROUND(E6,2))))*1),4),1)+1,"","","iki","üç","dört","beş","altı","yedi","sekiz","dokuz"),"")&IF(IF(LEN(TRIM(RIGHT(ROUND(E6,2),LEN(ROUND(E6,2))-FIND(",",ROUND(E6,2)))))<2,TRIM(RIGHT(ROUND(E6,2),LEN(ROUND(E6,2))-FIND(",",ROUND(E6,2))))*10,TRIM(RIGHT(ROUND(E6,2),LEN(ROUND(E6,2))-FIND(",",ROUND(E6,2))))*1)>=10,CHOOSE(LEFT(RIGHT(IF(LEN(TRIM(RIGHT(ROUND(E6,2),LEN(ROUND(E6,2))-FIND(",",ROUND(E6,2)))))<2,TRIM(RIGHT(ROUND(E6,2),LEN(ROUND(E6,2))-FIND(",",ROUND(E6,2))))*10,TRIM(RIGHT(ROUND(E6,2),LEN(ROUND(E6,2))-FIND(",",ROUND(E6,2))))*1),2),1)+1,"","on","yirmi","otuz","kırk","elli","altmış","yetmiş","seksen","doksan"),"")&CHOOSE(MOD(IF(LEN(TRIM(RIGHT(ROUND(E6,2),LEN(ROUND(E6,2))-FIND(",",ROUND(E6,2)))))<2,TRIM(RIGHT(ROUND(E6,2),LEN(ROUND(E6,2))-FIND(",",ROUND(E6,2))))*10,TRIM(RIGHT(ROUND(E6,2),LEN(ROUND(E6,2))-FIND(",",ROUND(E6,2))))*1),10)+1,"","bir","iki","üç","dört","beş","altı","yedi","sekiz","dokuz")) & " Kr") -> İkibin TL | G6: =G5 -> NAKDEN | H6: 4. Taksit
B7: 5 | C7: 44252 | D7: 44407 | E7: 14000 | F7: =PROPER(IF(IF(LEN(SUBSTITUTE(ROUND(E7,2), ",", ""))=LEN(ROUND(E7,2)),ROUND(E7,2),TRIM(LEFT(ROUND(E7,2),FIND(",",ROUND(E7,2))-1)))*1>=10^6,CHOOSE(LEFT(RIGHT(IF(LEN(SUBSTITUTE(ROUND(E7,2), ",", ""))=LEN(ROUND(E7,2)),ROUND(E7,2),TRIM(LEFT(ROUND(E7,2),FIND(",",ROUND(E7,2))-1)))*1,7),1)+1,"","birmilyon","ikimilyon","üçmilyon","dörtmilyon","beşmilyon","altımilyon","yedimilyon","sekizmilyon","dokuzmilyon"),"")&IF(IF(LEN(SUBSTITUTE(ROUND(E7,2), ",", ""))=LEN(ROUND(E7,2)),ROUND(E7,2),TRIM(LEFT(ROUND(E7,2),FIND(",",ROUND(E7,2))-1)))*1>=10^5,CHOOSE(LEFT(RIGHT(IF(LEN(SUBSTITUTE(ROUND(E7,2), ",", ""))=LEN(ROUND(E7,2)),ROUND(E7,2),TRIM(LEFT(ROUND(E7,2),FIND(",",ROUND(E7,2))-1)))*1,6),1)+1,"","yüz","ikiyüz","üçyüz","dörtyüz","beşyüz","altıyüz","yediyüz","sekizyüz","dokuzyüz"),"")&IF(IF(LEN(SUBSTITUTE(ROUND(E7,2), ",", ""))=LEN(ROUND(E7,2)),ROUND(E7,2),TRIM(LEFT(ROUND(E7,2),FIND(",",ROUND(E7,2))-1)))*1>=10^4,CHOOSE(LEFT(RIGHT(IF(LEN(SUBSTITUTE(ROUND(E7,2), ",", ""))=LEN(ROUND(E7,2)),ROUND(E7,2),TRIM(LEFT(ROUND(E7,2),FIND(",",ROUND(E7,2))-1)))*1,5),1)+1,"","on","yirmi","otuz","kırk","elli","altmış","yetmiş","seksen","doksan"),"")&IF(IF(LEN(SUBSTITUTE(ROUND(E7,2), ",", ""))=LEN(ROUND(E7,2)),ROUND(E7,2),TRIM(LEFT(ROUND(E7,2),FIND(",",ROUND(E7,2))-1)))*1>=10^3,CHOOSE(LEFT(RIGHT(IF(LEN(SUBSTITUTE(ROUND(E7,2), ",", ""))=LEN(ROUND(E7,2)),ROUND(E7,2),TRIM(LEFT(ROUND(E7,2),FIND(",",ROUND(E7,2))-1)))*1,4),1)+1,"","","iki","üç","dört","beş","altı","yedi","sekiz","dokuz"),"")&IF(AND(IF(LEN(SUBSTITUTE(ROUND(E7,2), ",", ""))=LEN(ROUND(E7,2)),ROUND(E7,2),TRIM(LEFT(ROUND(E7,2),FIND(",",ROUND(E7,2))-1)))*1>=10^3,VALUE(LEFT(RIGHT(IF(LEN(SUBSTITUTE(ROUND(E7,2), ",", ""))=LEN(ROUND(E7,2)),ROUND(E7,2),TRIM(LEFT(ROUND(E7,2),FIND(",",ROUND(E7,2))-1)))*1,6),3))>0),IF(AND(IF(LEN(SUBSTITUTE(ROUND(E7,2), ",", ""))=LEN(ROUND(E7,2)),ROUND(E7,2),TRIM(LEFT(ROUND(E7,2),FIND(",",ROUND(E7,2))-1)))*1>1999,LEFT(RIGHT(IF(LEN(SUBSTITUTE(ROUND(E7,2), ",", ""))=LEN(ROUND(E7,2)),ROUND(E7,2),TRIM(LEFT(ROUND(E7,2),FIND(",",ROUND(E7,2))-1)))*1,4),1)="1",LEFT(RIGHT(IF(LEN(SUBSTITUTE(ROUND(E7,2), ",", ""))=LEN(ROUND(E7,2)),ROUND(E7,2),TRIM(LEFT(ROUND(E7,2),FIND(",",ROUND(E7,2))-1)))*1,6),2)<>"00"),"birbin","bin"),"")&IF(IF(LEN(SUBSTITUTE(ROUND(E7,2), ",", ""))=LEN(ROUND(E7,2)),ROUND(E7,2),TRIM(LEFT(ROUND(E7,2),FIND(",",ROUND(E7,2))-1)))*1>=100,CHOOSE(LEFT(RIGHT(IF(LEN(SUBSTITUTE(ROUND(E7,2), ",", ""))=LEN(ROUND(E7,2)),ROUND(E7,2),TRIM(LEFT(ROUND(E7,2),FIND(",",ROUND(E7,2))-1)))*1,3),1)+1,"","yüz","ikiyüz","üçyüz","dörtyüz","beşyüz","altıyüz","yediyüz","sekizyüz","dokuzyüz"),"")&IF(IF(LEN(SUBSTITUTE(ROUND(E7,2), ",", ""))=LEN(ROUND(E7,2)),ROUND(E7,2),TRIM(LEFT(ROUND(E7,2),FIND(",",ROUND(E7,2))-1)))*1>=10,CHOOSE(LEFT(RIGHT(IF(LEN(SUBSTITUTE(ROUND(E7,2), ",", ""))=LEN(ROUND(E7,2)),ROUND(E7,2),TRIM(LEFT(ROUND(E7,2),FIND(",",ROUND(E7,2))-1)))*1,2),1)+1,"","on","yirmi","otuz","kırk","elli","altmış","yetmiş","seksen","doksan"),"")&CHOOSE(MOD(IF(LEN(SUBSTITUTE(ROUND(E7,2), ",", ""))=LEN(ROUND(E7,2)),ROUND(E7,2),TRIM(LEFT(ROUND(E7,2),FIND(",",ROUND(E7,2))-1)))*1,10)+1,"","bir","iki","üç","dört","beş","altı","yedi","sekiz","dokuz")) & " TL " & IF(OR(LEN(SUBSTITUTE(E7, ",", ""))=LEN(E7),LEN(SUBSTITUTE(ROUND(E7,2), ",", ""))=LEN(ROUND(E7,2))),"", PROPER(IF(IF(LEN(TRIM(RIGHT(ROUND(E7,2),LEN(ROUND(E7,2))-FIND(",",ROUND(E7,2)))))<2,TRIM(RIGHT(ROUND(E7,2),LEN(ROUND(E7,2))-FIND(",",ROUND(E7,2))))*10,TRIM(RIGHT(ROUND(E7,2),LEN(ROUND(E7,2))-FIND(",",ROUND(E7,2))))*1)>=10^5,CHOOSE(LEFT(RIGHT(IF(LEN(TRIM(RIGHT(ROUND(E7,2),LEN(ROUND(E7,2))-FIND(",",ROUND(E7,2)))))<2,TRIM(RIGHT(ROUND(E7,2),LEN(ROUND(E7,2))-FIND(",",ROUND(E7,2))))*10,TRIM(RIGHT(ROUND(E7,2),LEN(ROUND(E7,2))-FIND(",",ROUND(E7,2))))*1),6),1)+1,"","yüz","ikiyüz","üçyüz","dörtyüz","beşyüz","altıyüz","yediyüz","sekizyüz","dokuzyüz"),"")&IF(IF(LEN(TRIM(RIGHT(ROUND(E7,2),LEN(ROUND(E7,2))-FIND(",",ROUND(E7,2)))))<2,TRIM(RIGHT(ROUND(E7,2),LEN(ROUND(E7,2))-FIND(",",ROUND(E7,2))))*10,TRIM(RIGHT(ROUND(E7,2),LEN(ROUND(E7,2))-FIND(",",ROUND(E7,2))))*1)>=10^4,CHOOSE(LEFT(RIGHT(IF(LEN(TRIM(RIGHT(ROUND(E7,2),LEN(ROUND(E7,2))-FIND(",",ROUND(E7,2)))))<2,TRIM(RIGHT(ROUND(E7,2),LEN(ROUND(E7,2))-FIND(",",ROUND(E7,2))))*10,TRIM(RIGHT(ROUND(E7,2),LEN(ROUND(E7,2))-FIND(",",ROUND(E7,2))))*1),5),1)+1,"","on","yirmi","otuz","kırk","elli","altmış","yetmiş","seksen","doksan"),"")&IF(IF(LEN(TRIM(RIGHT(ROUND(E7,2),LEN(ROUND(E7,2))-FIND(",",ROUND(E7,2)))))<2,TRIM(RIGHT(ROUND(E7,2),LEN(ROUND(E7,2))-FIND(",",ROUND(E7,2))))*10,TRIM(RIGHT(ROUND(E7,2),LEN(ROUND(E7,2))-FIND(",",ROUND(E7,2))))*1)>=10^3,CHOOSE(LEFT(RIGHT(IF(LEN(TRIM(RIGHT(ROUND(E7,2),LEN(ROUND(E7,2))-FIND(",",ROUND(E7,2)))))<2,TRIM(RIGHT(ROUND(E7,2),LEN(ROUND(E7,2))-FIND(",",ROUND(E7,2))))*10,TRIM(RIGHT(ROUND(E7,2),LEN(ROUND(E7,2))-FIND(",",ROUND(E7,2))))*1),4),1)+1,"","","iki","üç","dört","beş","altı","yedi","sekiz","dokuz"),"")&IF(IF(LEN(TRIM(RIGHT(ROUND(E7,2),LEN(ROUND(E7,2))-FIND(",",ROUND(E7,2)))))<2,TRIM(RIGHT(ROUND(E7,2),LEN(ROUND(E7,2))-FIND(",",ROUND(E7,2))))*10,TRIM(RIGHT(ROUND(E7,2),LEN(ROUND(E7,2))-FIND(",",ROUND(E7,2))))*1)>=10,CHOOSE(LEFT(RIGHT(IF(LEN(TRIM(RIGHT(ROUND(E7,2),LEN(ROUND(E7,2))-FIND(",",ROUND(E7,2)))))<2,TRIM(RIGHT(ROUND(E7,2),LEN(ROUND(E7,2))-FIND(",",ROUND(E7,2))))*10,TRIM(RIGHT(ROUND(E7,2),LEN(ROUND(E7,2))-FIND(",",ROUND(E7,2))))*1),2),1)+1,"","on","yirmi","otuz","kırk","elli","altmış","yetmiş","seksen","doksan"),"")&CHOOSE(MOD(IF(LEN(TRIM(RIGHT(ROUND(E7,2),LEN(ROUND(E7,2))-FIND(",",ROUND(E7,2)))))<2,TRIM(RIGHT(ROUND(E7,2),LEN(ROUND(E7,2))-FIND(",",ROUND(E7,2))))*10,TRIM(RIGHT(ROUND(E7,2),LEN(ROUND(E7,2))-FIND(",",ROUND(E7,2))))*1),10)+1,"","bir","iki","üç","dört","beş","altı","yedi","sekiz","dokuz")) & " Kr") -> Ondörtbin TL | G7: =G6 -> NAKDEN | H7: 5. Taksit
B8: 6 | C8: 44252 | D8: 44438 | E8: 2000 | F8: =PROPER(IF(IF(LEN(SUBSTITUTE(ROUND(E8,2), ",", ""))=LEN(ROUND(E8,2)),ROUND(E8,2),TRIM(LEFT(ROUND(E8,2),FIND(",",ROUND(E8,2))-1)))*1>=10^6,CHOOSE(LEFT(RIGHT(IF(LEN(SUBSTITUTE(ROUND(E8,2), ",", ""))=LEN(ROUND(E8,2)),ROUND(E8,2),TRIM(LEFT(ROUND(E8,2),FIND(",",ROUND(E8,2))-1)))*1,7),1)+1,"","birmilyon","ikimilyon","üçmilyon","dörtmilyon","beşmilyon","altımilyon","yedimilyon","sekizmilyon","dokuzmilyon"),"")&IF(IF(LEN(SUBSTITUTE(ROUND(E8,2), ",", ""))=LEN(ROUND(E8,2)),ROUND(E8,2),TRIM(LEFT(ROUND(E8,2),FIND(",",ROUND(E8,2))-1)))*1>=10^5,CHOOSE(LEFT(RIGHT(IF(LEN(SUBSTITUTE(ROUND(E8,2), ",", ""))=LEN(ROUND(E8,2)),ROUND(E8,2),TRIM(LEFT(ROUND(E8,2),FIND(",",ROUND(E8,2))-1)))*1,6),1)+1,"","yüz","ikiyüz","üçyüz","dörtyüz","beşyüz","altıyüz","yediyüz","sekizyüz","dokuzyüz"),"")&IF(IF(LEN(SUBSTITUTE(ROUND(E8,2), ",", ""))=LEN(ROUND(E8,2)),ROUND(E8,2),TRIM(LEFT(ROUND(E8,2),FIND(",",ROUND(E8,2))-1)))*1>=10^4,CHOOSE(LEFT(RIGHT(IF(LEN(SUBSTITUTE(ROUND(E8,2), ",", ""))=LEN(ROUND(E8,2)),ROUND(E8,2),TRIM(LEFT(ROUND(E8,2),FIND(",",ROUND(E8,2))-1)))*1,5),1)+1,"","on","yirmi","otuz","kırk","elli","altmış","yetmiş","seksen","doksan"),"")&IF(IF(LEN(SUBSTITUTE(ROUND(E8,2), ",", ""))=LEN(ROUND(E8,2)),ROUND(E8,2),TRIM(LEFT(ROUND(E8,2),FIND(",",ROUND(E8,2))-1)))*1>=10^3,CHOOSE(LEFT(RIGHT(IF(LEN(SUBSTITUTE(ROUND(E8,2), ",", ""))=LEN(ROUND(E8,2)),ROUND(E8,2),TRIM(LEFT(ROUND(E8,2),FIND(",",ROUND(E8,2))-1)))*1,4),1)+1,"","","iki","üç","dört","beş","altı","yedi","sekiz","dokuz"),"")&IF(AND(IF(LEN(SUBSTITUTE(ROUND(E8,2), ",", ""))=LEN(ROUND(E8,2)),ROUND(E8,2),TRIM(LEFT(ROUND(E8,2),FIND(",",ROUND(E8,2))-1)))*1>=10^3,VALUE(LEFT(RIGHT(IF(LEN(SUBSTITUTE(ROUND(E8,2), ",", ""))=LEN(ROUND(E8,2)),ROUND(E8,2),TRIM(LEFT(ROUND(E8,2),FIND(",",ROUND(E8,2))-1)))*1,6),3))>0),IF(AND(IF(LEN(SUBSTITUTE(ROUND(E8,2), ",", ""))=LEN(ROUND(E8,2)),ROUND(E8,2),TRIM(LEFT(ROUND(E8,2),FIND(",",ROUND(E8,2))-1)))*1>1999,LEFT(RIGHT(IF(LEN(SUBSTITUTE(ROUND(E8,2), ",", ""))=LEN(ROUND(E8,2)),ROUND(E8,2),TRIM(LEFT(ROUND(E8,2),FIND(",",ROUND(E8,2))-1)))*1,4),1)="1",LEFT(RIGHT(IF(LEN(SUBSTITUTE(ROUND(E8,2), ",", ""))=LEN(ROUND(E8,2)),ROUND(E8,2),TRIM(LEFT(ROUND(E8,2),FIND(",",ROUND(E8,2))-1)))*1,6),2)<>"00"),"birbin","bin"),"")&IF(IF(LEN(SUBSTITUTE(ROUND(E8,2), ",", ""))=LEN(ROUND(E8,2)),ROUND(E8,2),TRIM(LEFT(ROUND(E8,2),FIND(",",ROUND(E8,2))-1)))*1>=100,CHOOSE(LEFT(RIGHT(IF(LEN(SUBSTITUTE(ROUND(E8,2), ",", ""))=LEN(ROUND(E8,2)),ROUND(E8,2),TRIM(LEFT(ROUND(E8,2),FIND(",",ROUND(E8,2))-1)))*1,3),1)+1,"","yüz","ikiyüz","üçyüz","dörtyüz","beşyüz","altıyüz","yediyüz","sekizyüz","dokuzyüz"),"")&IF(IF(LEN(SUBSTITUTE(ROUND(E8,2), ",", ""))=LEN(ROUND(E8,2)),ROUND(E8,2),TRIM(LEFT(ROUND(E8,2),FIND(",",ROUND(E8,2))-1)))*1>=10,CHOOSE(LEFT(RIGHT(IF(LEN(SUBSTITUTE(ROUND(E8,2), ",", ""))=LEN(ROUND(E8,2)),ROUND(E8,2),TRIM(LEFT(ROUND(E8,2),FIND(",",ROUND(E8,2))-1)))*1,2),1)+1,"","on","yirmi","otuz","kırk","elli","altmış","yetmiş","seksen","doksan"),"")&CHOOSE(MOD(IF(LEN(SUBSTITUTE(ROUND(E8,2), ",", ""))=LEN(ROUND(E8,2)),ROUND(E8,2),TRIM(LEFT(ROUND(E8,2),FIND(",",ROUND(E8,2))-1)))*1,10)+1,"","bir","iki","üç","dört","beş","altı","yedi","sekiz","dokuz")) & " TL " & IF(OR(LEN(SUBSTITUTE(E8, ",", ""))=LEN(E8),LEN(SUBSTITUTE(ROUND(E8,2), ",", ""))=LEN(ROUND(E8,2))),"", PROPER(IF(IF(LEN(TRIM(RIGHT(ROUND(E8,2),LEN(ROUND(E8,2))-FIND(",",ROUND(E8,2)))))<2,TRIM(RIGHT(ROUND(E8,2),LEN(ROUND(E8,2))-FIND(",",ROUND(E8,2))))*10,TRIM(RIGHT(ROUND(E8,2),LEN(ROUND(E8,2))-FIND(",",ROUND(E8,2))))*1)>=10^5,CHOOSE(LEFT(RIGHT(IF(LEN(TRIM(RIGHT(ROUND(E8,2),LEN(ROUND(E8,2))-FIND(",",ROUND(E8,2)))))<2,TRIM(RIGHT(ROUND(E8,2),LEN(ROUND(E8,2))-FIND(",",ROUND(E8,2))))*10,TRIM(RIGHT(ROUND(E8,2),LEN(ROUND(E8,2))-FIND(",",ROUND(E8,2))))*1),6),1)+1,"","yüz","ikiyüz","üçyüz","dörtyüz","beşyüz","altıyüz","yediyüz","sekizyüz","dokuzyüz"),"")&IF(IF(LEN(TRIM(RIGHT(ROUND(E8,2),LEN(ROUND(E8,2))-FIND(",",ROUND(E8,2)))))<2,TRIM(RIGHT(ROUND(E8,2),LEN(ROUND(E8,2))-FIND(",",ROUND(E8,2))))*10,TRIM(RIGHT(ROUND(E8,2),LEN(ROUND(E8,2))-FIND(",",ROUND(E8,2))))*1)>=10^4,CHOOSE(LEFT(RIGHT(IF(LEN(TRIM(RIGHT(ROUND(E8,2),LEN(ROUND(E8,2))-FIND(",",ROUND(E8,2)))))<2,TRIM(RIGHT(ROUND(E8,2),LEN(ROUND(E8,2))-FIND(",",ROUND(E8,2))))*10,TRIM(RIGHT(ROUND(E8,2),LEN(ROUND(E8,2))-FIND(",",ROUND(E8,2))))*1),5),1)+1,"","on","yirmi","otuz","kırk","elli","altmış","yetmiş","seksen","doksan"),"")&IF(IF(LEN(TRIM(RIGHT(ROUND(E8,2),LEN(ROUND(E8,2))-FIND(",",ROUND(E8,2)))))<2,TRIM(RIGHT(ROUND(E8,2),LEN(ROUND(E8,2))-FIND(",",ROUND(E8,2))))*10,TRIM(RIGHT(ROUND(E8,2),LEN(ROUND(E8,2))-FIND(",",ROUND(E8,2))))*1)>=10^3,CHOOSE(LEFT(RIGHT(IF(LEN(TRIM(RIGHT(ROUND(E8,2),LEN(ROUND(E8,2))-FIND(",",ROUND(E8,2)))))<2,TRIM(RIGHT(ROUND(E8,2),LEN(ROUND(E8,2))-FIND(",",ROUND(E8,2))))*10,TRIM(RIGHT(ROUND(E8,2),LEN(ROUND(E8,2))-FIND(",",ROUND(E8,2))))*1),4),1)+1,"","","iki","üç","dört","beş","altı","yedi","sekiz","dokuz"),"")&IF(IF(LEN(TRIM(RIGHT(ROUND(E8,2),LEN(ROUND(E8,2))-FIND(",",ROUND(E8,2)))))<2,TRIM(RIGHT(ROUND(E8,2),LEN(ROUND(E8,2))-FIND(",",ROUND(E8,2))))*10,TRIM(RIGHT(ROUND(E8,2),LEN(ROUND(E8,2))-FIND(",",ROUND(E8,2))))*1)>=10,CHOOSE(LEFT(RIGHT(IF(LEN(TRIM(RIGHT(ROUND(E8,2),LEN(ROUND(E8,2))-FIND(",",ROUND(E8,2)))))<2,TRIM(RIGHT(ROUND(E8,2),LEN(ROUND(E8,2))-FIND(",",ROUND(E8,2))))*10,TRIM(RIGHT(ROUND(E8,2),LEN(ROUND(E8,2))-FIND(",",ROUND(E8,2))))*1),2),1)+1,"","on","yirmi","otuz","kırk","elli","altmış","yetmiş","seksen","doksan"),"")&CHOOSE(MOD(IF(LEN(TRIM(RIGHT(ROUND(E8,2),LEN(ROUND(E8,2))-FIND(",",ROUND(E8,2)))))<2,TRIM(RIGHT(ROUND(E8,2),LEN(ROUND(E8,2))-FIND(",",ROUND(E8,2))))*10,TRIM(RIGHT(ROUND(E8,2),LEN(ROUND(E8,2))-FIND(",",ROUND(E8,2))))*1),10)+1,"","bir","iki","üç","dört","beş","altı","yedi","sekiz","dokuz")) & " Kr") -> İkibin TL | G8: =G7 -> NAKDEN | H8: 6. Taksit
B9: 7 | C9: 44252 | D9: 44469 | E9: 2000 | F9: =PROPER(IF(IF(LEN(SUBSTITUTE(ROUND(E9,2), ",", ""))=LEN(ROUND(E9,2)),ROUND(E9,2),TRIM(LEFT(ROUND(E9,2),FIND(",",ROUND(E9,2))-1)))*1>=10^6,CHOOSE(LEFT(RIGHT(IF(LEN(SUBSTITUTE(ROUND(E9,2), ",", ""))=LEN(ROUND(E9,2)),ROUND(E9,2),TRIM(LEFT(ROUND(E9,2),FIND(",",ROUND(E9,2))-1)))*1,7),1)+1,"","birmilyon","ikimilyon","üçmilyon","dörtmilyon","beşmilyon","altımilyon","yedimilyon","sekizmilyon","dokuzmilyon"),"")&IF(IF(LEN(SUBSTITUTE(ROUND(E9,2), ",", ""))=LEN(ROUND(E9,2)),ROUND(E9,2),TRIM(LEFT(ROUND(E9,2),FIND(",",ROUND(E9,2))-1)))*1>=10^5,CHOOSE(LEFT(RIGHT(IF(LEN(SUBSTITUTE(ROUND(E9,2), ",", ""))=LEN(ROUND(E9,2)),ROUND(E9,2),TRIM(LEFT(ROUND(E9,2),FIND(",",ROUND(E9,2))-1)))*1,6),1)+1,"","yüz","ikiyüz","üçyüz","dörtyüz","beşyüz","altıyüz","yediyüz","sekizyüz","dokuzyüz"),"")&IF(IF(LEN(SUBSTITUTE(ROUND(E9,2), ",", ""))=LEN(ROUND(E9,2)),ROUND(E9,2),TRIM(LEFT(ROUND(E9,2),FIND(",",ROUND(E9,2))-1)))*1>=10^4,CHOOSE(LEFT(RIGHT(IF(LEN(SUBSTITUTE(ROUND(E9,2), ",", ""))=LEN(ROUND(E9,2)),ROUND(E9,2),TRIM(LEFT(ROUND(E9,2),FIND(",",ROUND(E9,2))-1)))*1,5),1)+1,"","on","yirmi","otuz","kırk","elli","altmış","yetmiş","seksen","doksan"),"")&IF(IF(LEN(SUBSTITUTE(ROUND(E9,2), ",", ""))=LEN(ROUND(E9,2)),ROUND(E9,2),TRIM(LEFT(ROUND(E9,2),FIND(",",ROUND(E9,2))-1)))*1>=10^3,CHOOSE(LEFT(RIGHT(IF(LEN(SUBSTITUTE(ROUND(E9,2), ",", ""))=LEN(ROUND(E9,2)),ROUND(E9,2),TRIM(LEFT(ROUND(E9,2),FIND(",",ROUND(E9,2))-1)))*1,4),1)+1,"","","iki","üç","dört","beş","altı","yedi","sekiz","dokuz"),"")&IF(AND(IF(LEN(SUBSTITUTE(ROUND(E9,2), ",", ""))=LEN(ROUND(E9,2)),ROUND(E9,2),TRIM(LEFT(ROUND(E9,2),FIND(",",ROUND(E9,2))-1)))*1>=10^3,VALUE(LEFT(RIGHT(IF(LEN(SUBSTITUTE(ROUND(E9,2), ",", ""))=LEN(ROUND(E9,2)),ROUND(E9,2),TRIM(LEFT(ROUND(E9,2),FIND(",",ROUND(E9,2))-1)))*1,6),3))>0),IF(AND(IF(LEN(SUBSTITUTE(ROUND(E9,2), ",", ""))=LEN(ROUND(E9,2)),ROUND(E9,2),TRIM(LEFT(ROUND(E9,2),FIND(",",ROUND(E9,2))-1)))*1>1999,LEFT(RIGHT(IF(LEN(SUBSTITUTE(ROUND(E9,2), ",", ""))=LEN(ROUND(E9,2)),ROUND(E9,2),TRIM(LEFT(ROUND(E9,2),FIND(",",ROUND(E9,2))-1)))*1,4),1)="1",LEFT(RIGHT(IF(LEN(SUBSTITUTE(ROUND(E9,2), ",", ""))=LEN(ROUND(E9,2)),ROUND(E9,2),TRIM(LEFT(ROUND(E9,2),FIND(",",ROUND(E9,2))-1)))*1,6),2)<>"00"),"birbin","bin"),"")&IF(IF(LEN(SUBSTITUTE(ROUND(E9,2), ",", ""))=LEN(ROUND(E9,2)),ROUND(E9,2),TRIM(LEFT(ROUND(E9,2),FIND(",",ROUND(E9,2))-1)))*1>=100,CHOOSE(LEFT(RIGHT(IF(LEN(SUBSTITUTE(ROUND(E9,2), ",", ""))=LEN(ROUND(E9,2)),ROUND(E9,2),TRIM(LEFT(ROUND(E9,2),FIND(",",ROUND(E9,2))-1)))*1,3),1)+1,"","yüz","ikiyüz","üçyüz","dörtyüz","beşyüz","altıyüz","yediyüz","sekizyüz","dokuzyüz"),"")&IF(IF(LEN(SUBSTITUTE(ROUND(E9,2), ",", ""))=LEN(ROUND(E9,2)),ROUND(E9,2),TRIM(LEFT(ROUND(E9,2),FIND(",",ROUND(E9,2))-1)))*1>=10,CHOOSE(LEFT(RIGHT(IF(LEN(SUBSTITUTE(ROUND(E9,2), ",", ""))=LEN(ROUND(E9,2)),ROUND(E9,2),TRIM(LEFT(ROUND(E9,2),FIND(",",ROUND(E9,2))-1)))*1,2),1)+1,"","on","yirmi","otuz","kırk","elli","altmış","yetmiş","seksen","doksan"),"")&CHOOSE(MOD(IF(LEN(SUBSTITUTE(ROUND(E9,2), ",", ""))=LEN(ROUND(E9,2)),ROUND(E9,2),TRIM(LEFT(ROUND(E9,2),FIND(",",ROUND(E9,2))-1)))*1,10)+1,"","bir","iki","üç","dört","beş","altı","yedi","sekiz","dokuz")) & " TL " & IF(OR(LEN(SUBSTITUTE(E9, ",", ""))=LEN(E9),LEN(SUBSTITUTE(ROUND(E9,2), ",", ""))=LEN(ROUND(E9,2))),"", PROPER(IF(IF(LEN(TRIM(RIGHT(ROUND(E9,2),LEN(ROUND(E9,2))-FIND(",",ROUND(E9,2)))))<2,TRIM(RIGHT(ROUND(E9,2),LEN(ROUND(E9,2))-FIND(",",ROUND(E9,2))))*10,TRIM(RIGHT(ROUND(E9,2),LEN(ROUND(E9,2))-FIND(",",ROUND(E9,2))))*1)>=10^5,CHOOSE(LEFT(RIGHT(IF(LEN(TRIM(RIGHT(ROUND(E9,2),LEN(ROUND(E9,2))-FIND(",",ROUND(E9,2)))))<2,TRIM(RIGHT(ROUND(E9,2),LEN(ROUND(E9,2))-FIND(",",ROUND(E9,2))))*10,TRIM(RIGHT(ROUND(E9,2),LEN(ROUND(E9,2))-FIND(",",ROUND(E9,2))))*1),6),1)+1,"","yüz","ikiyüz","üçyüz","dörtyüz","beşyüz","altıyüz","yediyüz","sekizyüz","dokuzyüz"),"")&IF(IF(LEN(TRIM(RIGHT(ROUND(E9,2),LEN(ROUND(E9,2))-FIND(",",ROUND(E9,2)))))<2,TRIM(RIGHT(ROUND(E9,2),LEN(ROUND(E9,2))-FIND(",",ROUND(E9,2))))*10,TRIM(RIGHT(ROUND(E9,2),LEN(ROUND(E9,2))-FIND(",",ROUND(E9,2))))*1)>=10^4,CHOOSE(LEFT(RIGHT(IF(LEN(TRIM(RIGHT(ROUND(E9,2),LEN(ROUND(E9,2))-FIND(",",ROUND(E9,2)))))<2,TRIM(RIGHT(ROUND(E9,2),LEN(ROUND(E9,2))-FIND(",",ROUND(E9,2))))*10,TRIM(RIGHT(ROUND(E9,2),LEN(ROUND(E9,2))-FIND(",",ROUND(E9,2))))*1),5),1)+1,"","on","yirmi","otuz","kırk","elli","altmış","yetmiş","seksen","doksan"),"")&IF(IF(LEN(TRIM(RIGHT(ROUND(E9,2),LEN(ROUND(E9,2))-FIND(",",ROUND(E9,2)))))<2,TRIM(RIGHT(ROUND(E9,2),LEN(ROUND(E9,2))-FIND(",",ROUND(E9,2))))*10,TRIM(RIGHT(ROUND(E9,2),LEN(ROUND(E9,2))-FIND(",",ROUND(E9,2))))*1)>=10^3,CHOOSE(LEFT(RIGHT(IF(LEN(TRIM(RIGHT(ROUND(E9,2),LEN(ROUND(E9,2))-FIND(",",ROUND(E9,2)))))<2,TRIM(RIGHT(ROUND(E9,2),LEN(ROUND(E9,2))-FIND(",",ROUND(E9,2))))*10,TRIM(RIGHT(ROUND(E9,2),LEN(ROUND(E9,2))-FIND(",",ROUND(E9,2))))*1),4),1)+1,"","","iki","üç","dört","beş","altı","yedi","sekiz","dokuz"),"")&IF(IF(LEN(TRIM(RIGHT(ROUND(E9,2),LEN(ROUND(E9,2))-FIND(",",ROUND(E9,2)))))<2,TRIM(RIGHT(ROUND(E9,2),LEN(ROUND(E9,2))-FIND(",",ROUND(E9,2))))*10,TRIM(RIGHT(ROUND(E9,2),LEN(ROUND(E9,2))-FIND(",",ROUND(E9,2))))*1)>=10,CHOOSE(LEFT(RIGHT(IF(LEN(TRIM(RIGHT(ROUND(E9,2),LEN(ROUND(E9,2))-FIND(",",ROUND(E9,2)))))<2,TRIM(RIGHT(ROUND(E9,2),LEN(ROUND(E9,2))-FIND(",",ROUND(E9,2))))*10,TRIM(RIGHT(ROUND(E9,2),LEN(ROUND(E9,2))-FIND(",",ROUND(E9,2))))*1),2),1)+1,"","on","yirmi","otuz","kırk","elli","altmış","yetmiş","seksen","doksan"),"")&CHOOSE(MOD(IF(LEN(TRIM(RIGHT(ROUND(E9,2),LEN(ROUND(E9,2))-FIND(",",ROUND(E9,2)))))<2,TRIM(RIGHT(ROUND(E9,2),LEN(ROUND(E9,2))-FIND(",",ROUND(E9,2))))*10,TRIM(RIGHT(ROUND(E9,2),LEN(ROUND(E9,2))-FIND(",",ROUND(E9,2))))*1),10)+1,"","bir","iki","üç","dört","beş","altı","yedi","sekiz","dokuz")) & " Kr") -> İkibin TL | G9: =G8 -> NAKDEN | H9: 7. Taksit
B10: 8 | C10: 44252 | D10: 44499 | E10: 2000 | F10: =PROPER(IF(IF(LEN(SUBSTITUTE(ROUND(E10,2), ",", ""))=LEN(ROUND(E10,2)),ROUND(E10,2),TRIM(LEFT(ROUND(E10,2),FIND(",",ROUND(E10,2))-1)))*1>=10^6,CHOOSE(LEFT(RIGHT(IF(LEN(SUBSTITUTE(ROUND(E10,2), ",", ""))=LEN(ROUND(E10,2)),ROUND(E10,2),TRIM(LEFT(ROUND(E10,2),FIND(",",ROUND(E10,2))-1)))*1,7),1)+1,"","birmilyon","ikimilyon","üçmilyon","dörtmilyon","beşmilyon","altımilyon","yedimilyon","sekizmilyon","dokuzmilyon"),"")&IF(IF(LEN(SUBSTITUTE(ROUND(E10,2), ",", ""))=LEN(ROUND(E10,2)),ROUND(E10,2),TRIM(LEFT(ROUND(E10,2),FIND(",",ROUND(E10,2))-1)))*1>=10^5,CHOOSE(LEFT(RIGHT(IF(LEN(SUBSTITUTE(ROUND(E10,2), ",", ""))=LEN(ROUND(E10,2)),ROUND(E10,2),TRIM(LEFT(ROUND(E10,2),FIND(",",ROUND(E10,2))-1)))*1,6),1)+1,"","yüz","ikiyüz","üçyüz","dörtyüz","beşyüz","altıyüz","yediyüz","sekizyüz","dokuzyüz"),"")&IF(IF(LEN(SUBSTITUTE(ROUND(E10,2), ",", ""))=LEN(ROUND(E10,2)),ROUND(E10,2),TRIM(LEFT(ROUND(E10,2),FIND(",",ROUND(E10,2))-1)))*1>=10^4,CHOOSE(LEFT(RIGHT(IF(LEN(SUBSTITUTE(ROUND(E10,2), ",", ""))=LEN(ROUND(E10,2)),ROUND(E10,2),TRIM(LEFT(ROUND(E10,2),FIND(",",ROUND(E10,2))-1)))*1,5),1)+1,"","on","yirmi","otuz","kırk","elli","altmış","yetmiş","seksen","doksan"),"")&IF(IF(LEN(SUBSTITUTE(ROUND(E10,2), ",", ""))=LEN(ROUND(E10,2)),ROUND(E10,2),TRIM(LEFT(ROUND(E10,2),FIND(",",ROUND(E10,2))-1)))*1>=10^3,CHOOSE(LEFT(RIGHT(IF(LEN(SUBSTITUTE(ROUND(E10,2), ",", ""))=LEN(ROUND(E10,2)),ROUND(E10,2),TRIM(LEFT(ROUND(E10,2),FIND(",",ROUND(E10,2))-1)))*1,4),1)+1,"","","iki","üç","dört","beş","altı","yedi","sekiz","dokuz"),"")&IF(AND(IF(LEN(SUBSTITUTE(ROUND(E10,2), ",", ""))=LEN(ROUND(E10,2)),ROUND(E10,2),TRIM(LEFT(ROUND(E10,2),FIND(",",ROUND(E10,2))-1)))*1>=10^3,VALUE(LEFT(RIGHT(IF(LEN(SUBSTITUTE(ROUND(E10,2), ",", ""))=LEN(ROUND(E10,2)),ROUND(E10,2),TRIM(LEFT(ROUND(E10,2),FIND(",",ROUND(E10,2))-1)))*1,6),3))>0),IF(AND(IF(LEN(SUBSTITUTE(ROUND(E10,2), ",", ""))=LEN(ROUND(E10,2)),ROUND(E10,2),TRIM(LEFT(ROUND(E10,2),FIND(",",ROUND(E10,2))-1)))*1>1999,LEFT(RIGHT(IF(LEN(SUBSTITUTE(ROUND(E10,2), ",", ""))=LEN(ROUND(E10,2)),ROUND(E10,2),TRIM(LEFT(ROUND(E10,2),FIND(",",ROUND(E10,2))-1)))*1,4),1)="1",LEFT(RIGHT(IF(LEN(SUBSTITUTE(ROUND(E10,2), ",", ""))=LEN(ROUND(E10,2)),ROUND(E10,2),TRIM(LEFT(ROUND(E10,2),FIND(",",ROUND(E10,2))-1)))*1,6),2)<>"00"),"birbin","bin"),"")&IF(IF(LEN(SUBSTITUTE(ROUND(E10,2), ",", ""))=LEN(ROUND(E10,2)),ROUND(E10,2),TRIM(LEFT(ROUND(E10,2),FIND(",",ROUND(E10,2))-1)))*1>=100,CHOOSE(LEFT(RIGHT(IF(LEN(SUBSTITUTE(ROUND(E10,2), ",", ""))=LEN(ROUND(E10,2)),ROUND(E10,2),TRIM(LEFT(ROUND(E10,2),FIND(",",ROUND(E10,2))-1)))*1,3),1)+1,"","yüz","ikiyüz","üçyüz","dörtyüz","beşyüz","altıyüz","yediyüz","sekizyüz","dokuzyüz"),"")&IF(IF(LEN(SUBSTITUTE(ROUND(E10,2), ",", ""))=LEN(ROUND(E10,2)),ROUND(E10,2),TRIM(LEFT(ROUND(E10,2),FIND(",",ROUND(E10,2))-1)))*1>=10,CHOOSE(LEFT(RIGHT(IF(LEN(SUBSTITUTE(ROUND(E10,2), ",", ""))=LEN(ROUND(E10,2)),ROUND(E10,2),TRIM(LEFT(ROUND(E10,2),FIND(",",ROUND(E10,2))-1)))*1,2),1)+1,"","on","yirmi","otuz","kırk","elli","altmış","yetmiş","seksen","doksan"),"")&CHOOSE(MOD(IF(LEN(SUBSTITUTE(ROUND(E10,2), ",", ""))=LEN(ROUND(E10,2)),ROUND(E10,2),TRIM(LEFT(ROUND(E10,2),FIND(",",ROUND(E10,2))-1)))*1,10)+1,"","bir","iki","üç","dört","beş","altı","yedi","sekiz","dokuz")) & " TL " & IF(OR(LEN(SUBSTITUTE(E10, ",", ""))=LEN(E10),LEN(SUBSTITUTE(ROUND(E10,2), ",", ""))=LEN(ROUND(E10,2))),"", PROPER(IF(IF(LEN(TRIM(RIGHT(ROUND(E10,2),LEN(ROUND(E10,2))-FIND(",",ROUND(E10,2)))))<2,TRIM(RIGHT(ROUND(E10,2),LEN(ROUND(E10,2))-FIND(",",ROUND(E10,2))))*10,TRIM(RIGHT(ROUND(E10,2),LEN(ROUND(E10,2))-FIND(",",ROUND(E10,2))))*1)>=10^5,CHOOSE(LEFT(RIGHT(IF(LEN(TRIM(RIGHT(ROUND(E10,2),LEN(ROUND(E10,2))-FIND(",",ROUND(E10,2)))))<2,TRIM(RIGHT(ROUND(E10,2),LEN(ROUND(E10,2))-FIND(",",ROUND(E10,2))))*10,TRIM(RIGHT(ROUND(E10,2),LEN(ROUND(E10,2))-FIND(",",ROUND(E10,2))))*1),6),1)+1,"","yüz","ikiyüz","üçyüz","dörtyüz","beşyüz","altıyüz","yediyüz","sekizyüz","dokuzyüz"),"")&IF(IF(LEN(TRIM(RIGHT(ROUND(E10,2),LEN(ROUND(E10,2))-FIND(",",ROUND(E10,2)))))<2,TRIM(RIGHT(ROUND(E10,2),LEN(ROUND(E10,2))-FIND(",",ROUND(E10,2))))*10,TRIM(RIGHT(ROUND(E10,2),LEN(ROUND(E10,2))-FIND(",",ROUND(E10,2))))*1)>=10^4,CHOOSE(LEFT(RIGHT(IF(LEN(TRIM(RIGHT(ROUND(E10,2),LEN(ROUND(E10,2))-FIND(",",ROUND(E10,2)))))<2,TRIM(RIGHT(ROUND(E10,2),LEN(ROUND(E10,2))-FIND(",",ROUND(E10,2))))*10,TRIM(RIGHT(ROUND(E10,2),LEN(ROUND(E10,2))-FIND(",",ROUND(E10,2))))*1),5),1)+1,"","on","yirmi","otuz","kırk","elli","altmış","yetmiş","seksen","doksan"),"")&IF(IF(LEN(TRIM(RIGHT(ROUND(E10,2),LEN(ROUND(E10,2))-FIND(",",ROUND(E10,2)))))<2,TRIM(RIGHT(ROUND(E10,2),LEN(ROUND(E10,2))-FIND(",",ROUND(E10,2))))*10,TRIM(RIGHT(ROUND(E10,2),LEN(ROUND(E10,2))-FIND(",",ROUND(E10,2))))*1)>=10^3,CHOOSE(LEFT(RIGHT(IF(LEN(TRIM(RIGHT(ROUND(E10,2),LEN(ROUND(E10,2))-FIND(",",ROUND(E10,2)))))<2,TRIM(RIGHT(ROUND(E10,2),LEN(ROUND(E10,2))-FIND(",",ROUND(E10,2))))*10,TRIM(RIGHT(ROUND(E10,2),LEN(ROUND(E10,2))-FIND(",",ROUND(E10,2))))*1),4),1)+1,"","","iki","üç","dört","beş","altı","yedi","sekiz","dokuz"),"")&IF(IF(LEN(TRIM(RIGHT(ROUND(E10,2),LEN(ROUND(E10,2))-FIND(",",ROUND(E10,2)))))<2,TRIM(RIGHT(ROUND(E10,2),LEN(ROUND(E10,2))-FIND(",",ROUND(E10,2))))*10,TRIM(RIGHT(ROUND(E10,2),LEN(ROUND(E10,2))-FIND(",",ROUND(E10,2))))*1)>=10,CHOOSE(LEFT(RIGHT(IF(LEN(TRIM(RIGHT(ROUND(E10,2),LEN(ROUND(E10,2))-FIND(",",ROUND(E10,2)))))<2,TRIM(RIGHT(ROUND(E10,2),LEN(ROUND(E10,2))-FIND(",",ROUND(E10,2))))*10,TRIM(RIGHT(ROUND(E10,2),LEN(ROUND(E10,2))-FIND(",",ROUND(E10,2))))*1),2),1)+1,"","on","yirmi","otuz","kırk","elli","altmış","yetmiş","seksen","doksan"),"")&CHOOSE(MOD(IF(LEN(TRIM(RIGHT(ROUND(E10,2),LEN(ROUND(E10,2))-FIND(",",ROUND(E10,2)))))<2,TRIM(RIGHT(ROUND(E10,2),LEN(ROUND(E10,2))-FIND(",",ROUND(E10,2))))*10,TRIM(RIGHT(ROUND(E10,2),LEN(ROUND(E10,2))-FIND(",",ROUND(E10,2))))*1),10)+1,"","bir","iki","üç","dört","beş","altı","yedi","sekiz","dokuz")) & " Kr") -> İkibin TL | G10: =G9 -> NAKDEN | H10: 8. Taksit
B11: 9 | C11: 44252 | D11: 44530 | E11: 2000 | F11: =PROPER(IF(IF(LEN(SUBSTITUTE(ROUND(E11,2), ",", ""))=LEN(ROUND(E11,2)),ROUND(E11,2),TRIM(LEFT(ROUND(E11,2),FIND(",",ROUND(E11,2))-1)))*1>=10^6,CHOOSE(LEFT(RIGHT(IF(LEN(SUBSTITUTE(ROUND(E11,2), ",", ""))=LEN(ROUND(E11,2)),ROUND(E11,2),TRIM(LEFT(ROUND(E11,2),FIND(",",ROUND(E11,2))-1)))*1,7),1)+1,"","birmilyon","ikimilyon","üçmilyon","dörtmilyon","beşmilyon","altımilyon","yedimilyon","sekizmilyon","dokuzmilyon"),"")&IF(IF(LEN(SUBSTITUTE(ROUND(E11,2), ",", ""))=LEN(ROUND(E11,2)),ROUND(E11,2),TRIM(LEFT(ROUND(E11,2),FIND(",",ROUND(E11,2))-1)))*1>=10^5,CHOOSE(LEFT(RIGHT(IF(LEN(SUBSTITUTE(ROUND(E11,2), ",", ""))=LEN(ROUND(E11,2)),ROUND(E11,2),TRIM(LEFT(ROUND(E11,2),FIND(",",ROUND(E11,2))-1)))*1,6),1)+1,"","yüz","ikiyüz","üçyüz","dörtyüz","beşyüz","altıyüz","yediyüz","sekizyüz","dokuzyüz"),"")&IF(IF(LEN(SUBSTITUTE(ROUND(E11,2), ",", ""))=LEN(ROUND(E11,2)),ROUND(E11,2),TRIM(LEFT(ROUND(E11,2),FIND(",",ROUND(E11,2))-1)))*1>=10^4,CHOOSE(LEFT(RIGHT(IF(LEN(SUBSTITUTE(ROUND(E11,2), ",", ""))=LEN(ROUND(E11,2)),ROUND(E11,2),TRIM(LEFT(ROUND(E11,2),FIND(",",ROUND(E11,2))-1)))*1,5),1)+1,"","on","yirmi","otuz","kırk","elli","altmış","yetmiş","seksen","doksan"),"")&IF(IF(LEN(SUBSTITUTE(ROUND(E11,2), ",", ""))=LEN(ROUND(E11,2)),ROUND(E11,2),TRIM(LEFT(ROUND(E11,2),FIND(",",ROUND(E11,2))-1)))*1>=10^3,CHOOSE(LEFT(RIGHT(IF(LEN(SUBSTITUTE(ROUND(E11,2), ",", ""))=LEN(ROUND(E11,2)),ROUND(E11,2),TRIM(LEFT(ROUND(E11,2),FIND(",",ROUND(E11,2))-1)))*1,4),1)+1,"","","iki","üç","dört","beş","altı","yedi","sekiz","dokuz"),"")&IF(AND(IF(LEN(SUBSTITUTE(ROUND(E11,2), ",", ""))=LEN(ROUND(E11,2)),ROUND(E11,2),TRIM(LEFT(ROUND(E11,2),FIND(",",ROUND(E11,2))-1)))*1>=10^3,VALUE(LEFT(RIGHT(IF(LEN(SUBSTITUTE(ROUND(E11,2), ",", ""))=LEN(ROUND(E11,2)),ROUND(E11,2),TRIM(LEFT(ROUND(E11,2),FIND(",",ROUND(E11,2))-1)))*1,6),3))>0),IF(AND(IF(LEN(SUBSTITUTE(ROUND(E11,2), ",", ""))=LEN(ROUND(E11,2)),ROUND(E11,2),TRIM(LEFT(ROUND(E11,2),FIND(",",ROUND(E11,2))-1)))*1>1999,LEFT(RIGHT(IF(LEN(SUBSTITUTE(ROUND(E11,2), ",", ""))=LEN(ROUND(E11,2)),ROUND(E11,2),TRIM(LEFT(ROUND(E11,2),FIND(",",ROUND(E11,2))-1)))*1,4),1)="1",LEFT(RIGHT(IF(LEN(SUBSTITUTE(ROUND(E11,2), ",", ""))=LEN(ROUND(E11,2)),ROUND(E11,2),TRIM(LEFT(ROUND(E11,2),FIND(",",ROUND(E11,2))-1)))*1,6),2)<>"00"),"birbin","bin"),"")&IF(IF(LEN(SUBSTITUTE(ROUND(E11,2), ",", ""))=LEN(ROUND(E11,2)),ROUND(E11,2),TRIM(LEFT(ROUND(E11,2),FIND(",",ROUND(E11,2))-1)))*1>=100,CHOOSE(LEFT(RIGHT(IF(LEN(SUBSTITUTE(ROUND(E11,2), ",", ""))=LEN(ROUND(E11,2)),ROUND(E11,2),TRIM(LEFT(ROUND(E11,2),FIND(",",ROUND(E11,2))-1)))*1,3),1)+1,"","yüz","ikiyüz","üçyüz","dörtyüz","beşyüz","altıyüz","yediyüz","sekizyüz","dokuzyüz"),"")&IF(IF(LEN(SUBSTITUTE(ROUND(E11,2), ",", ""))=LEN(ROUND(E11,2)),ROUND(E11,2),TRIM(LEFT(ROUND(E11,2),FIND(",",ROUND(E11,2))-1)))*1>=10,CHOOSE(LEFT(RIGHT(IF(LEN(SUBSTITUTE(ROUND(E11,2), ",", ""))=LEN(ROUND(E11,2)),ROUND(E11,2),TRIM(LEFT(ROUND(E11,2),FIND(",",ROUND(E11,2))-1)))*1,2),1)+1,"","on","yirmi","otuz","kırk","elli","altmış","yetmiş","seksen","doksan"),"")&CHOOSE(MOD(IF(LEN(SUBSTITUTE(ROUND(E11,2), ",", ""))=LEN(ROUND(E11,2)),ROUND(E11,2),TRIM(LEFT(ROUND(E11,2),FIND(",",ROUND(E11,2))-1)))*1,10)+1,"","bir","iki","üç","dört","beş","altı","yedi","sekiz","dokuz")) & " TL " & IF(OR(LEN(SUBSTITUTE(E11, ",", ""))=LEN(E11),LEN(SUBSTITUTE(ROUND(E11,2), ",", ""))=LEN(ROUND(E11,2))),"", PROPER(IF(IF(LEN(TRIM(RIGHT(ROUND(E11,2),LEN(ROUND(E11,2))-FIND(",",ROUND(E11,2)))))<2,TRIM(RIGHT(ROUND(E11,2),LEN(ROUND(E11,2))-FIND(",",ROUND(E11,2))))*10,TRIM(RIGHT(ROUND(E11,2),LEN(ROUND(E11,2))-FIND(",",ROUND(E11,2))))*1)>=10^5,CHOOSE(LEFT(RIGHT(IF(LEN(TRIM(RIGHT(ROUND(E11,2),LEN(ROUND(E11,2))-FIND(",",ROUND(E11,2)))))<2,TRIM(RIGHT(ROUND(E11,2),LEN(ROUND(E11,2))-FIND(",",ROUND(E11,2))))*10,TRIM(RIGHT(ROUND(E11,2),LEN(ROUND(E11,2))-FIND(",",ROUND(E11,2))))*1),6),1)+1,"","yüz","ikiyüz","üçyüz","dörtyüz","beşyüz","altıyüz","yediyüz","sekizyüz","dokuzyüz"),"")&IF(IF(LEN(TRIM(RIGHT(ROUND(E11,2),LEN(ROUND(E11,2))-FIND(",",ROUND(E11,2)))))<2,TRIM(RIGHT(ROUND(E11,2),LEN(ROUND(E11,2))-FIND(",",ROUND(E11,2))))*10,TRIM(RIGHT(ROUND(E11,2),LEN(ROUND(E11,2))-FIND(",",ROUND(E11,2))))*1)>=10^4,CHOOSE(LEFT(RIGHT(IF(LEN(TRIM(RIGHT(ROUND(E11,2),LEN(ROUND(E11,2))-FIND(",",ROUND(E11,2)))))<2,TRIM(RIGHT(ROUND(E11,2),LEN(ROUND(E11,2))-FIND(",",ROUND(E11,2))))*10,TRIM(RIGHT(ROUND(E11,2),LEN(ROUND(E11,2))-FIND(",",ROUND(E11,2))))*1),5),1)+1,"","on","yirmi","otuz","kırk","elli","altmış","yetmiş","seksen","doksan"),"")&IF(IF(LEN(TRIM(RIGHT(ROUND(E11,2),LEN(ROUND(E11,2))-FIND(",",ROUND(E11,2)))))<2,TRIM(RIGHT(ROUND(E11,2),LEN(ROUND(E11,2))-FIND(",",ROUND(E11,2))))*10,TRIM(RIGHT(ROUND(E11,2),LEN(ROUND(E11,2))-FIND(",",ROUND(E11,2))))*1)>=10^3,CHOOSE(LEFT(RIGHT(IF(LEN(TRIM(RIGHT(ROUND(E11,2),LEN(ROUND(E11,2))-FIND(",",ROUND(E11,2)))))<2,TRIM(RIGHT(ROUND(E11,2),LEN(ROUND(E11,2))-FIND(",",ROUND(E11,2))))*10,TRIM(RIGHT(ROUND(E11,2),LEN(ROUND(E11,2))-FIND(",",ROUND(E11,2))))*1),4),1)+1,"","","iki","üç","dört","beş","altı","yedi","sekiz","dokuz"),"")&IF(IF(LEN(TRIM(RIGHT(ROUND(E11,2),LEN(ROUND(E11,2))-FIND(",",ROUND(E11,2)))))<2,TRIM(RIGHT(ROUND(E11,2),LEN(ROUND(E11,2))-FIND(",",ROUND(E11,2))))*10,TRIM(RIGHT(ROUND(E11,2),LEN(ROUND(E11,2))-FIND(",",ROUND(E11,2))))*1)>=10,CHOOSE(LEFT(RIGHT(IF(LEN(TRIM(RIGHT(ROUND(E11,2),LEN(ROUND(E11,2))-FIND(",",ROUND(E11,2)))))<2,TRIM(RIGHT(ROUND(E11,2),LEN(ROUND(E11,2))-FIND(",",ROUND(E11,2))))*10,TRIM(RIGHT(ROUND(E11,2),LEN(ROUND(E11,2))-FIND(",",ROUND(E11,2))))*1),2),1)+1,"","on","yirmi","otuz","kırk","elli","altmış","yetmiş","seksen","doksan"),"")&CHOOSE(MOD(IF(LEN(TRIM(RIGHT(ROUND(E11,2),LEN(ROUND(E11,2))-FIND(",",ROUND(E11,2)))))<2,TRIM(RIGHT(ROUND(E11,2),LEN(ROUND(E11,2))-FIND(",",ROUND(E11,2))))*10,TRIM(RIGHT(ROUND(E11,2),LEN(ROUND(E11,2))-FIND(",",ROUND(E11,2))))*1),10)+1,"","bir","iki","üç","dört","beş","altı","yedi","sekiz","dokuz")) & " Kr") -> İkibin TL | G11: =G10 -> NAKDEN | H11: 9. Taksit
B12: 10 | C12: 44252 | D12: 44560 | E12: 2000 | F12: =PROPER(IF(IF(LEN(SUBSTITUTE(ROUND(E12,2), ",", ""))=LEN(ROUND(E12,2)),ROUND(E12,2),TRIM(LEFT(ROUND(E12,2),FIND(",",ROUND(E12,2))-1)))*1>=10^6,CHOOSE(LEFT(RIGHT(IF(LEN(SUBSTITUTE(ROUND(E12,2), ",", ""))=LEN(ROUND(E12,2)),ROUND(E12,2),TRIM(LEFT(ROUND(E12,2),FIND(",",ROUND(E12,2))-1)))*1,7),1)+1,"","birmilyon","ikimilyon","üçmilyon","dörtmilyon","beşmilyon","altımilyon","yedimilyon","sekizmilyon","dokuzmilyon"),"")&IF(IF(LEN(SUBSTITUTE(ROUND(E12,2), ",", ""))=LEN(ROUND(E12,2)),ROUND(E12,2),TRIM(LEFT(ROUND(E12,2),FIND(",",ROUND(E12,2))-1)))*1>=10^5,CHOOSE(LEFT(RIGHT(IF(LEN(SUBSTITUTE(ROUND(E12,2), ",", ""))=LEN(ROUND(E12,2)),ROUND(E12,2),TRIM(LEFT(ROUND(E12,2),FIND(",",ROUND(E12,2))-1)))*1,6),1)+1,"","yüz","ikiyüz","üçyüz","dörtyüz","beşyüz","altıyüz","yediyüz","sekizyüz","dokuzyüz"),"")&IF(IF(LEN(SUBSTITUTE(ROUND(E12,2), ",", ""))=LEN(ROUND(E12,2)),ROUND(E12,2),TRIM(LEFT(ROUND(E12,2),FIND(",",ROUND(E12,2))-1)))*1>=10^4,CHOOSE(LEFT(RIGHT(IF(LEN(SUBSTITUTE(ROUND(E12,2), ",", ""))=LEN(ROUND(E12,2)),ROUND(E12,2),TRIM(LEFT(ROUND(E12,2),FIND(",",ROUND(E12,2))-1)))*1,5),1)+1,"","on","yirmi","otuz","kırk","elli","altmış","yetmiş","seksen","doksan"),"")&IF(IF(LEN(SUBSTITUTE(ROUND(E12,2), ",", ""))=LEN(ROUND(E12,2)),ROUND(E12,2),TRIM(LEFT(ROUND(E12,2),FIND(",",ROUND(E12,2))-1)))*1>=10^3,CHOOSE(LEFT(RIGHT(IF(LEN(SUBSTITUTE(ROUND(E12,2), ",", ""))=LEN(ROUND(E12,2)),ROUND(E12,2),TRIM(LEFT(ROUND(E12,2),FIND(",",ROUND(E12,2))-1)))*1,4),1)+1,"","","iki","üç","dört","beş","altı","yedi","sekiz","dokuz"),"")&IF(AND(IF(LEN(SUBSTITUTE(ROUND(E12,2), ",", ""))=LEN(ROUND(E12,2)),ROUND(E12,2),TRIM(LEFT(ROUND(E12,2),FIND(",",ROUND(E12,2))-1)))*1>=10^3,VALUE(LEFT(RIGHT(IF(LEN(SUBSTITUTE(ROUND(E12,2), ",", ""))=LEN(ROUND(E12,2)),ROUND(E12,2),TRIM(LEFT(ROUND(E12,2),FIND(",",ROUND(E12,2))-1)))*1,6),3))>0),IF(AND(IF(LEN(SUBSTITUTE(ROUND(E12,2), ",", ""))=LEN(ROUND(E12,2)),ROUND(E12,2),TRIM(LEFT(ROUND(E12,2),FIND(",",ROUND(E12,2))-1)))*1>1999,LEFT(RIGHT(IF(LEN(SUBSTITUTE(ROUND(E12,2), ",", ""))=LEN(ROUND(E12,2)),ROUND(E12,2),TRIM(LEFT(ROUND(E12,2),FIND(",",ROUND(E12,2))-1)))*1,4),1)="1",LEFT(RIGHT(IF(LEN(SUBSTITUTE(ROUND(E12,2), ",", ""))=LEN(ROUND(E12,2)),ROUND(E12,2),TRIM(LEFT(ROUND(E12,2),FIND(",",ROUND(E12,2))-1)))*1,6),2)<>"00"),"birbin","bin"),"")&IF(IF(LEN(SUBSTITUTE(ROUND(E12,2), ",", ""))=LEN(ROUND(E12,2)),ROUND(E12,2),TRIM(LEFT(ROUND(E12,2),FIND(",",ROUND(E12,2))-1)))*1>=100,CHOOSE(LEFT(RIGHT(IF(LEN(SUBSTITUTE(ROUND(E12,2), ",", ""))=LEN(ROUND(E12,2)),ROUND(E12,2),TRIM(LEFT(ROUND(E12,2),FIND(",",ROUND(E12,2))-1)))*1,3),1)+1,"","yüz","ikiyüz","üçyüz","dörtyüz","beşyüz","altıyüz","yediyüz","sekizyüz","dokuzyüz"),"")&IF(IF(LEN(SUBSTITUTE(ROUND(E12,2), ",", ""))=LEN(ROUND(E12,2)),ROUND(E12,2),TRIM(LEFT(ROUND(E12,2),FIND(",",ROUND(E12,2))-1)))*1>=10,CHOOSE(LEFT(RIGHT(IF(LEN(SUBSTITUTE(ROUND(E12,2), ",", ""))=LEN(ROUND(E12,2)),ROUND(E12,2),TRIM(LEFT(ROUND(E12,2),FIND(",",ROUND(E12,2))-1)))*1,2),1)+1,"","on","yirmi","otuz","kırk","elli","altmış","yetmiş","seksen","doksan"),"")&CHOOSE(MOD(IF(LEN(SUBSTITUTE(ROUND(E12,2), ",", ""))=LEN(ROUND(E12,2)),ROUND(E12,2),TRIM(LEFT(ROUND(E12,2),FIND(",",ROUND(E12,2))-1)))*1,10)+1,"","bir","iki","üç","dört","beş","altı","yedi","sekiz","dokuz")) & " TL " & IF(OR(LEN(SUBSTITUTE(E12, ",", ""))=LEN(E12),LEN(SUBSTITUTE(ROUND(E12,2), ",", ""))=LEN(ROUND(E12,2))),"", PROPER(IF(IF(LEN(TRIM(RIGHT(ROUND(E12,2),LEN(ROUND(E12,2))-FIND(",",ROUND(E12,2)))))<2,TRIM(RIGHT(ROUND(E12,2),LEN(ROUND(E12,2))-FIND(",",ROUND(E12,2))))*10,TRIM(RIGHT(ROUND(E12,2),LEN(ROUND(E12,2))-FIND(",",ROUND(E12,2))))*1)>=10^5,CHOOSE(LEFT(RIGHT(IF(LEN(TRIM(RIGHT(ROUND(E12,2),LEN(ROUND(E12,2))-FIND(",",ROUND(E12,2)))))<2,TRIM(RIGHT(ROUND(E12,2),LEN(ROUND(E12,2))-FIND(",",ROUND(E12,2))))*10,TRIM(RIGHT(ROUND(E12,2),LEN(ROUND(E12,2))-FIND(",",ROUND(E12,2))))*1),6),1)+1,"","yüz","ikiyüz","üçyüz","dörtyüz","beşyüz","altıyüz","yediyüz","sekizyüz","dokuzyüz"),"")&IF(IF(LEN(TRIM(RIGHT(ROUND(E12,2),LEN(ROUND(E12,2))-FIND(",",ROUND(E12,2)))))<2,TRIM(RIGHT(ROUND(E12,2),LEN(ROUND(E12,2))-FIND(",",ROUND(E12,2))))*10,TRIM(RIGHT(ROUND(E12,2),LEN(ROUND(E12,2))-FIND(",",ROUND(E12,2))))*1)>=10^4,CHOOSE(LEFT(RIGHT(IF(LEN(TRIM(RIGHT(ROUND(E12,2),LEN(ROUND(E12,2))-FIND(",",ROUND(E12,2)))))<2,TRIM(RIGHT(ROUND(E12,2),LEN(ROUND(E12,2))-FIND(",",ROUND(E12,2))))*10,TRIM(RIGHT(ROUND(E12,2),LEN(ROUND(E12,2))-FIND(",",ROUND(E12,2))))*1),5),1)+1,"","on","yirmi","otuz","kırk","elli","altmış","yetmiş","seksen","doksan"),"")&IF(IF(LEN(TRIM(RIGHT(ROUND(E12,2),LEN(ROUND(E12,2))-FIND(",",ROUND(E12,2)))))<2,TRIM(RIGHT(ROUND(E12,2),LEN(ROUND(E12,2))-FIND(",",ROUND(E12,2))))*10,TRIM(RIGHT(ROUND(E12,2),LEN(ROUND(E12,2))-FIND(",",ROUND(E12,2))))*1)>=10^3,CHOOSE(LEFT(RIGHT(IF(LEN(TRIM(RIGHT(ROUND(E12,2),LEN(ROUND(E12,2))-FIND(",",ROUND(E12,2)))))<2,TRIM(RIGHT(ROUND(E12,2),LEN(ROUND(E12,2))-FIND(",",ROUND(E12,2))))*10,TRIM(RIGHT(ROUND(E12,2),LEN(ROUND(E12,2))-FIND(",",ROUND(E12,2))))*1),4),1)+1,"","","iki","üç","dört","beş","altı","yedi","sekiz","dokuz"),"")&IF(IF(LEN(TRIM(RIGHT(ROUND(E12,2),LEN(ROUND(E12,2))-FIND(",",ROUND(E12,2)))))<2,TRIM(RIGHT(ROUND(E12,2),LEN(ROUND(E12,2))-FIND(",",ROUND(E12,2))))*10,TRIM(RIGHT(ROUND(E12,2),LEN(ROUND(E12,2))-FIND(",",ROUND(E12,2))))*1)>=10,CHOOSE(LEFT(RIGHT(IF(LEN(TRIM(RIGHT(ROUND(E12,2),LEN(ROUND(E12,2))-FIND(",",ROUND(E12,2)))))<2,TRIM(RIGHT(ROUND(E12,2),LEN(ROUND(E12,2))-FIND(",",ROUND(E12,2))))*10,TRIM(RIGHT(ROUND(E12,2),LEN(ROUND(E12,2))-FIND(",",ROUND(E12,2))))*1),2),1)+1,"","on","yirmi","otuz","kırk","elli","altmış","yetmiş","seksen","doksan"),"")&CHOOSE(MOD(IF(LEN(TRIM(RIGHT(ROUND(E12,2),LEN(ROUND(E12,2))-FIND(",",ROUND(E12,2)))))<2,TRIM(RIGHT(ROUND(E12,2),LEN(ROUND(E12,2))-FIND(",",ROUND(E12,2))))*10,TRIM(RIGHT(ROUND(E12,2),LEN(ROUND(E12,2))-FIND(",",ROUND(E12,2))))*1),10)+1,"","bir","iki","üç","dört","beş","altı","yedi","sekiz","dokuz")) & " Kr") -> İkibin TL | G12: =G11 -> NAKDEN | H12: 10. Taksit
B13: 11 | C13: 44252 | D13: 44591 | E13: 2000 | F13: =PROPER(IF(IF(LEN(SUBSTITUTE(ROUND(E13,2), ",", ""))=LEN(ROUND(E13,2)),ROUND(E13,2),TRIM(LEFT(ROUND(E13,2),FIND(",",ROUND(E13,2))-1)))*1>=10^6,CHOOSE(LEFT(RIGHT(IF(LEN(SUBSTITUTE(ROUND(E13,2), ",", ""))=LEN(ROUND(E13,2)),ROUND(E13,2),TRIM(LEFT(ROUND(E13,2),FIND(",",ROUND(E13,2))-1)))*1,7),1)+1,"","birmilyon","ikimilyon","üçmilyon","dörtmilyon","beşmilyon","altımilyon","yedimilyon","sekizmilyon","dokuzmilyon"),"")&IF(IF(LEN(SUBSTITUTE(ROUND(E13,2), ",", ""))=LEN(ROUND(E13,2)),ROUND(E13,2),TRIM(LEFT(ROUND(E13,2),FIND(",",ROUND(E13,2))-1)))*1>=10^5,CHOOSE(LEFT(RIGHT(IF(LEN(SUBSTITUTE(ROUND(E13,2), ",", ""))=LEN(ROUND(E13,2)),ROUND(E13,2),TRIM(LEFT(ROUND(E13,2),FIND(",",ROUND(E13,2))-1)))*1,6),1)+1,"","yüz","ikiyüz","üçyüz","dörtyüz","beşyüz","altıyüz","yediyüz","sekizyüz","dokuzyüz"),"")&IF(IF(LEN(SUBSTITUTE(ROUND(E13,2), ",", ""))=LEN(ROUND(E13,2)),ROUND(E13,2),TRIM(LEFT(ROUND(E13,2),FIND(",",ROUND(E13,2))-1)))*1>=10^4,CHOOSE(LEFT(RIGHT(IF(LEN(SUBSTITUTE(ROUND(E13,2), ",", ""))=LEN(ROUND(E13,2)),ROUND(E13,2),TRIM(LEFT(ROUND(E13,2),FIND(",",ROUND(E13,2))-1)))*1,5),1)+1,"","on","yirmi","otuz","kırk","elli","altmış","yetmiş","seksen","doksan"),"")&IF(IF(LEN(SUBSTITUTE(ROUND(E13,2), ",", ""))=LEN(ROUND(E13,2)),ROUND(E13,2),TRIM(LEFT(ROUND(E13,2),FIND(",",ROUND(E13,2))-1)))*1>=10^3,CHOOSE(LEFT(RIGHT(IF(LEN(SUBSTITUTE(ROUND(E13,2), ",", ""))=LEN(ROUND(E13,2)),ROUND(E13,2),TRIM(LEFT(ROUND(E13,2),FIND(",",ROUND(E13,2))-1)))*1,4),1)+1,"","","iki","üç","dört","beş","altı","yedi","sekiz","dokuz"),"")&IF(AND(IF(LEN(SUBSTITUTE(ROUND(E13,2), ",", ""))=LEN(ROUND(E13,2)),ROUND(E13,2),TRIM(LEFT(ROUND(E13,2),FIND(",",ROUND(E13,2))-1)))*1>=10^3,VALUE(LEFT(RIGHT(IF(LEN(SUBSTITUTE(ROUND(E13,2), ",", ""))=LEN(ROUND(E13,2)),ROUND(E13,2),TRIM(LEFT(ROUND(E13,2),FIND(",",ROUND(E13,2))-1)))*1,6),3))>0),IF(AND(IF(LEN(SUBSTITUTE(ROUND(E13,2), ",", ""))=LEN(ROUND(E13,2)),ROUND(E13,2),TRIM(LEFT(ROUND(E13,2),FIND(",",ROUND(E13,2))-1)))*1>1999,LEFT(RIGHT(IF(LEN(SUBSTITUTE(ROUND(E13,2), ",", ""))=LEN(ROUND(E13,2)),ROUND(E13,2),TRIM(LEFT(ROUND(E13,2),FIND(",",ROUND(E13,2))-1)))*1,4),1)="1",LEFT(RIGHT(IF(LEN(SUBSTITUTE(ROUND(E13,2), ",", ""))=LEN(ROUND(E13,2)),ROUND(E13,2),TRIM(LEFT(ROUND(E13,2),FIND(",",ROUND(E13,2))-1)))*1,6),2)<>"00"),"birbin","bin"),"")&IF(IF(LEN(SUBSTITUTE(ROUND(E13,2), ",", ""))=LEN(ROUND(E13,2)),ROUND(E13,2),TRIM(LEFT(ROUND(E13,2),FIND(",",ROUND(E13,2))-1)))*1>=100,CHOOSE(LEFT(RIGHT(IF(LEN(SUBSTITUTE(ROUND(E13,2), ",", ""))=LEN(ROUND(E13,2)),ROUND(E13,2),TRIM(LEFT(ROUND(E13,2),FIND(",",ROUND(E13,2))-1)))*1,3),1)+1,"","yüz","ikiyüz","üçyüz","dörtyüz","beşyüz","altıyüz","yediyüz","sekizyüz","dokuzyüz"),"")&IF(IF(LEN(SUBSTITUTE(ROUND(E13,2), ",", ""))=LEN(ROUND(E13,2)),ROUND(E13,2),TRIM(LEFT(ROUND(E13,2),FIND(",",ROUND(E13,2))-1)))*1>=10,CHOOSE(LEFT(RIGHT(IF(LEN(SUBSTITUTE(ROUND(E13,2), ",", ""))=LEN(ROUND(E13,2)),ROUND(E13,2),TRIM(LEFT(ROUND(E13,2),FIND(",",ROUND(E13,2))-1)))*1,2),1)+1,"","on","yirmi","otuz","kırk","elli","altmış","yetmiş","seksen","doksan"),"")&CHOOSE(MOD(IF(LEN(SUBSTITUTE(ROUND(E13,2), ",", ""))=LEN(ROUND(E13,2)),ROUND(E13,2),TRIM(LEFT(ROUND(E13,2),FIND(",",ROUND(E13,2))-1)))*1,10)+1,"","bir","iki","üç","dört","beş","altı","yedi","sekiz","dokuz")) & " TL " & IF(OR(LEN(SUBSTITUTE(E13, ",", ""))=LEN(E13),LEN(SUBSTITUTE(ROUND(E13,2), ",", ""))=LEN(ROUND(E13,2))),"", PROPER(IF(IF(LEN(TRIM(RIGHT(ROUND(E13,2),LEN(ROUND(E13,2))-FIND(",",ROUND(E13,2)))))<2,TRIM(RIGHT(ROUND(E13,2),LEN(ROUND(E13,2))-FIND(",",ROUND(E13,2))))*10,TRIM(RIGHT(ROUND(E13,2),LEN(ROUND(E13,2))-FIND(",",ROUND(E13,2))))*1)>=10^5,CHOOSE(LEFT(RIGHT(IF(LEN(TRIM(RIGHT(ROUND(E13,2),LEN(ROUND(E13,2))-FIND(",",ROUND(E13,2)))))<2,TRIM(RIGHT(ROUND(E13,2),LEN(ROUND(E13,2))-FIND(",",ROUND(E13,2))))*10,TRIM(RIGHT(ROUND(E13,2),LEN(ROUND(E13,2))-FIND(",",ROUND(E13,2))))*1),6),1)+1,"","yüz","ikiyüz","üçyüz","dörtyüz","beşyüz","altıyüz","yediyüz","sekizyüz","dokuzyüz"),"")&IF(IF(LEN(TRIM(RIGHT(ROUND(E13,2),LEN(ROUND(E13,2))-FIND(",",ROUND(E13,2)))))<2,TRIM(RIGHT(ROUND(E13,2),LEN(ROUND(E13,2))-FIND(",",ROUND(E13,2))))*10,TRIM(RIGHT(ROUND(E13,2),LEN(ROUND(E13,2))-FIND(",",ROUND(E13,2))))*1)>=10^4,CHOOSE(LEFT(RIGHT(IF(LEN(TRIM(RIGHT(ROUND(E13,2),LEN(ROUND(E13,2))-FIND(",",ROUND(E13,2)))))<2,TRIM(RIGHT(ROUND(E13,2),LEN(ROUND(E13,2))-FIND(",",ROUND(E13,2))))*10,TRIM(RIGHT(ROUND(E13,2),LEN(ROUND(E13,2))-FIND(",",ROUND(E13,2))))*1),5),1)+1,"","on","yirmi","otuz","kırk","elli","altmış","yetmiş","seksen","doksan"),"")&IF(IF(LEN(TRIM(RIGHT(ROUND(E13,2),LEN(ROUND(E13,2))-FIND(",",ROUND(E13,2)))))<2,TRIM(RIGHT(ROUND(E13,2),LEN(ROUND(E13,2))-FIND(",",ROUND(E13,2))))*10,TRIM(RIGHT(ROUND(E13,2),LEN(ROUND(E13,2))-FIND(",",ROUND(E13,2))))*1)>=10^3,CHOOSE(LEFT(RIGHT(IF(LEN(TRIM(RIGHT(ROUND(E13,2),LEN(ROUND(E13,2))-FIND(",",ROUND(E13,2)))))<2,TRIM(RIGHT(ROUND(E13,2),LEN(ROUND(E13,2))-FIND(",",ROUND(E13,2))))*10,TRIM(RIGHT(ROUND(E13,2),LEN(ROUND(E13,2))-FIND(",",ROUND(E13,2))))*1),4),1)+1,"","","iki","üç","dört","beş","altı","yedi","sekiz","dokuz"),"")&IF(IF(LEN(TRIM(RIGHT(ROUND(E13,2),LEN(ROUND(E13,2))-FIND(",",ROUND(E13,2)))))<2,TRIM(RIGHT(ROUND(E13,2),LEN(ROUND(E13,2))-FIND(",",ROUND(E13,2))))*10,TRIM(RIGHT(ROUND(E13,2),LEN(ROUND(E13,2))-FIND(",",ROUND(E13,2))))*1)>=10,CHOOSE(LEFT(RIGHT(IF(LEN(TRIM(RIGHT(ROUND(E13,2),LEN(ROUND(E13,2))-FIND(",",ROUND(E13,2)))))<2,TRIM(RIGHT(ROUND(E13,2),LEN(ROUND(E13,2))-FIND(",",ROUND(E13,2))))*10,TRIM(RIGHT(ROUND(E13,2),LEN(ROUND(E13,2))-FIND(",",ROUND(E13,2))))*1),2),1)+1,"","on","yirmi","otuz","kırk","elli","altmış","yetmiş","seksen","doksan"),"")&CHOOSE(MOD(IF(LEN(TRIM(RIGHT(ROUND(E13,2),LEN(ROUND(E13,2))-FIND(",",ROUND(E13,2)))))<2,TRIM(RIGHT(ROUND(E13,2),LEN(ROUND(E13,2))-FIND(",",ROUND(E13,2))))*10,TRIM(RIGHT(ROUND(E13,2),LEN(ROUND(E13,2))-FIND(",",ROUND(E13,2))))*1),10)+1,"","bir","iki","üç","dört","beş","altı","yedi","sekiz","dokuz")) & " Kr") -> İkibin TL | G13: =G12 -> NAKDEN | H13: 11. Taksit
B14: 12 | C14: 44252 | D14: 44620 | E14: 2000 | F14: =PROPER(IF(IF(LEN(SUBSTITUTE(ROUND(E14,2), ",", ""))=LEN(ROUND(E14,2)),ROUND(E14,2),TRIM(LEFT(ROUND(E14,2),FIND(",",ROUND(E14,2))-1)))*1>=10^6,CHOOSE(LEFT(RIGHT(IF(LEN(SUBSTITUTE(ROUND(E14,2), ",", ""))=LEN(ROUND(E14,2)),ROUND(E14,2),TRIM(LEFT(ROUND(E14,2),FIND(",",ROUND(E14,2))-1)))*1,7),1)+1,"","birmilyon","ikimilyon","üçmilyon","dörtmilyon","beşmilyon","altımilyon","yedimilyon","sekizmilyon","dokuzmilyon"),"")&IF(IF(LEN(SUBSTITUTE(ROUND(E14,2), ",", ""))=LEN(ROUND(E14,2)),ROUND(E14,2),TRIM(LEFT(ROUND(E14,2),FIND(",",ROUND(E14,2))-1)))*1>=10^5,CHOOSE(LEFT(RIGHT(IF(LEN(SUBSTITUTE(ROUND(E14,2), ",", ""))=LEN(ROUND(E14,2)),ROUND(E14,2),TRIM(LEFT(ROUND(E14,2),FIND(",",ROUND(E14,2))-1)))*1,6),1)+1,"","yüz","ikiyüz","üçyüz","dörtyüz","beşyüz","altıyüz","yediyüz","sekizyüz","dokuzyüz"),"")&IF(IF(LEN(SUBSTITUTE(ROUND(E14,2), ",", ""))=LEN(ROUND(E14,2)),ROUND(E14,2),TRIM(LEFT(ROUND(E14,2),FIND(",",ROUND(E14,2))-1)))*1>=10^4,CHOOSE(LEFT(RIGHT(IF(LEN(SUBSTITUTE(ROUND(E14,2), ",", ""))=LEN(ROUND(E14,2)),ROUND(E14,2),TRIM(LEFT(ROUND(E14,2),FIND(",",ROUND(E14,2))-1)))*1,5),1)+1,"","on","yirmi","otuz","kırk","elli","altmış","yetmiş","seksen","doksan"),"")&IF(IF(LEN(SUBSTITUTE(ROUND(E14,2), ",", ""))=LEN(ROUND(E14,2)),ROUND(E14,2),TRIM(LEFT(ROUND(E14,2),FIND(",",ROUND(E14,2))-1)))*1>=10^3,CHOOSE(LEFT(RIGHT(IF(LEN(SUBSTITUTE(ROUND(E14,2), ",", ""))=LEN(ROUND(E14,2)),ROUND(E14,2),TRIM(LEFT(ROUND(E14,2),FIND(",",ROUND(E14,2))-1)))*1,4),1)+1,"","","iki","üç","dört","beş","altı","yedi","sekiz","dokuz"),"")&IF(AND(IF(LEN(SUBSTITUTE(ROUND(E14,2), ",", ""))=LEN(ROUND(E14,2)),ROUND(E14,2),TRIM(LEFT(ROUND(E14,2),FIND(",",ROUND(E14,2))-1)))*1>=10^3,VALUE(LEFT(RIGHT(IF(LEN(SUBSTITUTE(ROUND(E14,2), ",", ""))=LEN(ROUND(E14,2)),ROUND(E14,2),TRIM(LEFT(ROUND(E14,2),FIND(",",ROUND(E14,2))-1)))*1,6),3))>0),IF(AND(IF(LEN(SUBSTITUTE(ROUND(E14,2), ",", ""))=LEN(ROUND(E14,2)),ROUND(E14,2),TRIM(LEFT(ROUND(E14,2),FIND(",",ROUND(E14,2))-1)))*1>1999,LEFT(RIGHT(IF(LEN(SUBSTITUTE(ROUND(E14,2), ",", ""))=LEN(ROUND(E14,2)),ROUND(E14,2),TRIM(LEFT(ROUND(E14,2),FIND(",",ROUND(E14,2))-1)))*1,4),1)="1",LEFT(RIGHT(IF(LEN(SUBSTITUTE(ROUND(E14,2), ",", ""))=LEN(ROUND(E14,2)),ROUND(E14,2),TRIM(LEFT(ROUND(E14,2),FIND(",",ROUND(E14,2))-1)))*1,6),2)<>"00"),"birbin","bin"),"")&IF(IF(LEN(SUBSTITUTE(ROUND(E14,2), ",", ""))=LEN(ROUND(E14,2)),ROUND(E14,2),TRIM(LEFT(ROUND(E14,2),FIND(",",ROUND(E14,2))-1)))*1>=100,CHOOSE(LEFT(RIGHT(IF(LEN(SUBSTITUTE(ROUND(E14,2), ",", ""))=LEN(ROUND(E14,2)),ROUND(E14,2),TRIM(LEFT(ROUND(E14,2),FIND(",",ROUND(E14,2))-1)))*1,3),1)+1,"","yüz","ikiyüz","üçyüz","dörtyüz","beşyüz","altıyüz","yediyüz","sekizyüz","dokuzyüz"),"")&IF(IF(LEN(SUBSTITUTE(ROUND(E14,2), ",", ""))=LEN(ROUND(E14,2)),ROUND(E14,2),TRIM(LEFT(ROUND(E14,2),FIND(",",ROUND(E14,2))-1)))*1>=10,CHOOSE(LEFT(RIGHT(IF(LEN(SUBSTITUTE(ROUND(E14,2), ",", ""))=LEN(ROUND(E14,2)),ROUND(E14,2),TRIM(LEFT(ROUND(E14,2),FIND(",",ROUND(E14,2))-1)))*1,2),1)+1,"","on","yirmi","otuz","kırk","elli","altmış","yetmiş","seksen","doksan"),"")&CHOOSE(MOD(IF(LEN(SUBSTITUTE(ROUND(E14,2), ",", ""))=LEN(ROUND(E14,2)),ROUND(E14,2),TRIM(LEFT(ROUND(E14,2),FIND(",",ROUND(E14,2))-1)))*1,10)+1,"","bir","iki","üç","dört","beş","altı","yedi","sekiz","dokuz")) & " TL " & IF(OR(LEN(SUBSTITUTE(E14, ",", ""))=LEN(E14),LEN(SUBSTITUTE(ROUND(E14,2), ",", ""))=LEN(ROUND(E14,2))),"", PROPER(IF(IF(LEN(TRIM(RIGHT(ROUND(E14,2),LEN(ROUND(E14,2))-FIND(",",ROUND(E14,2)))))<2,TRIM(RIGHT(ROUND(E14,2),LEN(ROUND(E14,2))-FIND(",",ROUND(E14,2))))*10,TRIM(RIGHT(ROUND(E14,2),LEN(ROUND(E14,2))-FIND(",",ROUND(E14,2))))*1)>=10^5,CHOOSE(LEFT(RIGHT(IF(LEN(TRIM(RIGHT(ROUND(E14,2),LEN(ROUND(E14,2))-FIND(",",ROUND(E14,2)))))<2,TRIM(RIGHT(ROUND(E14,2),LEN(ROUND(E14,2))-FIND(",",ROUND(E14,2))))*10,TRIM(RIGHT(ROUND(E14,2),LEN(ROUND(E14,2))-FIND(",",ROUND(E14,2))))*1),6),1)+1,"","yüz","ikiyüz","üçyüz","dörtyüz","beşyüz","altıyüz","yediyüz","sekizyüz","dokuzyüz"),"")&IF(IF(LEN(TRIM(RIGHT(ROUND(E14,2),LEN(ROUND(E14,2))-FIND(",",ROUND(E14,2)))))<2,TRIM(RIGHT(ROUND(E14,2),LEN(ROUND(E14,2))-FIND(",",ROUND(E14,2))))*10,TRIM(RIGHT(ROUND(E14,2),LEN(ROUND(E14,2))-FIND(",",ROUND(E14,2))))*1)>=10^4,CHOOSE(LEFT(RIGHT(IF(LEN(TRIM(RIGHT(ROUND(E14,2),LEN(ROUND(E14,2))-FIND(",",ROUND(E14,2)))))<2,TRIM(RIGHT(ROUND(E14,2),LEN(ROUND(E14,2))-FIND(",",ROUND(E14,2))))*10,TRIM(RIGHT(ROUND(E14,2),LEN(ROUND(E14,2))-FIND(",",ROUND(E14,2))))*1),5),1)+1,"","on","yirmi","otuz","kırk","elli","altmış","yetmiş","seksen","doksan"),"")&IF(IF(LEN(TRIM(RIGHT(ROUND(E14,2),LEN(ROUND(E14,2))-FIND(",",ROUND(E14,2)))))<2,TRIM(RIGHT(ROUND(E14,2),LEN(ROUND(E14,2))-FIND(",",ROUND(E14,2))))*10,TRIM(RIGHT(ROUND(E14,2),LEN(ROUND(E14,2))-FIND(",",ROUND(E14,2))))*1)>=10^3,CHOOSE(LEFT(RIGHT(IF(LEN(TRIM(RIGHT(ROUND(E14,2),LEN(ROUND(E14,2))-FIND(",",ROUND(E14,2)))))<2,TRIM(RIGHT(ROUND(E14,2),LEN(ROUND(E14,2))-FIND(",",ROUND(E14,2))))*10,TRIM(RIGHT(ROUND(E14,2),LEN(ROUND(E14,2))-FIND(",",ROUND(E14,2))))*1),4),1)+1,"","","iki","üç","dört","beş","altı","yedi","sekiz","dokuz"),"")&IF(IF(LEN(TRIM(RIGHT(ROUND(E14,2),LEN(ROUND(E14,2))-FIND(",",ROUND(E14,2)))))<2,TRIM(RIGHT(ROUND(E14,2),LEN(ROUND(E14,2))-FIND(",",ROUND(E14,2))))*10,TRIM(RIGHT(ROUND(E14,2),LEN(ROUND(E14,2))-FIND(",",ROUND(E14,2))))*1)>=10,CHOOSE(LEFT(RIGHT(IF(LEN(TRIM(RIGHT(ROUND(E14,2),LEN(ROUND(E14,2))-FIND(",",ROUND(E14,2)))))<2,TRIM(RIGHT(ROUND(E14,2),LEN(ROUND(E14,2))-FIND(",",ROUND(E14,2))))*10,TRIM(RIGHT(ROUND(E14,2),LEN(ROUND(E14,2))-FIND(",",ROUND(E14,2))))*1),2),1)+1,"","on","yirmi","otuz","kırk","elli","altmış","yetmiş","seksen","doksan"),"")&CHOOSE(MOD(IF(LEN(TRIM(RIGHT(ROUND(E14,2),LEN(ROUND(E14,2))-FIND(",",ROUND(E14,2)))))<2,TRIM(RIGHT(ROUND(E14,2),LEN(ROUND(E14,2))-FIND(",",ROUND(E14,2))))*10,TRIM(RIGHT(ROUND(E14,2),LEN(ROUND(E14,2))-FIND(",",ROUND(E14,2))))*1),10)+1,"","bir","iki","üç","dört","beş","altı","yedi","sekiz","dokuz")) & " Kr") -> İkibin TL | G14: =G13 -> NAKDEN | H14: 12. Taksit

Sheet Senet Önizleme
D2: Senedin | E2: =$D9 &" - Taksit No: " & $D4&" " -> Bursa Fabrika Satış Mağazası – Adem Duman - Taksit No: # 1 # | G2: Ödeme Günü | I2: Türk Lirası | J2: Kuruş | M2: No | O2: Düzenleme Tarihi
D3: No: | G3: =D17 -> 44285 | I3: =D6 -> # 2.000 TL # | J3: =D7 -> # Krş # | M3: =D4 -> # 1 # | O3: =D19 -> 44252
D4: ="# "&TEXT(INT('Senet Taksit Giriş'!B3),"##.##0")&" #" -> # 1 #
D5: Tutarı | F5: =" İş bu emre muharrer senedim"&IF('Senet Borçlu Alacaklı Giriş'!$C$4="Gerçek Kişi","in","izin")&" mükabilinde "&TEXT(G3,"dd mmmm yyyy")&" tarihinde Sayın : "&'Senet Borçlu Alacaklı Giriş'!$C$1&" 'ya veyahut emruhavalesine yukarıda yazılı Yalnız # "&'Senet Taksit Giriş'!F3&" # ödeyeceği"&IF('Senet Borçlu Alacaklı Giriş'!$C$4="Gerçek Kişi","m.","z.")&" Bedeli "&'Senet Taksit Giriş'!G3&" ahzolunmuştur. İş bu bono vadesinde ödenmediği taktirde; iş bu bononun düzenleme tarihinin temerrüt başlangıç tarihi olarak kabul edileceğini, müteakip bonolarında muacceliyet kesbedeceğini,"&" ihtilaf vukuunda "&'Senet Borçlu Alacaklı Giriş'!$C$2&" mahkemelerinin selahiyetini şimdiden kabul eyleri"&IF('Senet Borçlu Alacaklı Giriş'!$C$4="Gerçek Kişi","m.","z.") -> İş bu emre muharrer senedimizin mükabilinde 00 mmmm 2021 tarihinde Sayın : HACI MURAT BALCI 'ya veyahut emruhavalesine yukarıda yazılı Yalnız # İkibin TL # ödeyeceğiz. Bedeli NAKDEN ahzolunmuştur. İş bu bono vadesinde ödenmediği taktirde; iş bu bononun düzenleme tarihinin temerrüt başlangıç tarihi olarak kabul edileceğini, müteakip bonolarında muacceliyet kesbedeceğini, ihtilaf vukuunda TOKAT mahkemelerinin selahiyetini şimdiden kabul eyleriz.
D6: ="# "&TEXT(INT('Senet Taksit Giriş'!E3),"##.##0")&" TL #" -> # 2.000 TL #
D7: ="# "&TEXT(('Senet Taksit Giriş'!E3-INT('Senet Taksit Giriş'!E3))*100,"##.##")&" Krş #" -> # Krş #
D8: Borçlu:
D9: ='Senet Borçlu Alacaklı Giriş'!C5 -> Bursa Fabrika Satış Mağazası – Adem Duman
F10: ÖDEYECEK | G10: ="İsim : "&$D9 -> İsim : Bursa Fabrika Satış Mağazası – Adem Duman
G11: ="Adres : " &'Senet Borçlu Alacaklı Giriş'!$C$6 -> Adres : Hızarhane Cad. No:5 TOKAT
L12: İmza
G13: ="Vergi Dairesi : "&'Senet Borçlu Alacaklı Giriş'!$C$7 -> Vergi Dairesi : Tokat
G14: ="Vergi No / TC Kimlik No : "&'Senet Borçlu Alacaklı Giriş'!$C$8 -> Vergi No / TC Kimlik No : 341 3267 6260
F15: KEFİL | G15: ="İsim Unvan : "&'Senet Borçlu Alacaklı Giriş'!$C$9 -> İsim Unvan : Adem Duman
D16: Vade | G16: ="Adres : " &'Senet Borçlu Alacaklı Giriş'!$C$10 -> Adres : Esentepe Mah. Şehit Ulaşar Cad. Belde Sitesi B Blk. K1: D:3 TOKAT
D17: ='Senet Taksit Giriş'!D3 -> 44285 | L17: İmza
D18: Tarih | G18: ="Vergi Dairesi : "&'Senet Borçlu Alacaklı Giriş'!$C$11 -> Vergi Dairesi : Tokat
D19: ='Senet Taksit Giriş'!C3 -> 44252 | G19: ="Vergi No / TC Kimlik No : "&'Senet Borçlu Alacaklı Giriş'!$C$12 -> Vergi No / TC Kimlik No : 341 3267 6260
D23: Senedin | E23: =$D30 &" - Taksit No: " & $D25&" " -> Bursa Fabrika Satış Mağazası – Adem Duman - Taksit No: # 2 # | G23: Ödeme Günü | I23: Türk Lirası | J23: Kuruş | M23: No | O23: Düzenleme Tarihi
D24: No: | G24: =D38 -> 44316 | I24: =D27 -> # 2.000 TL # | J24: =D28 -> # Krş # | M24: =D25 -> # 2 # | O24: =D40 -> 44252
D25: ="# "&TEXT(INT('Senet Taksit Giriş'!B4),"##.##0")&" #" -> # 2 #
D26: Tutarı | F26: =" İş bu emre muharrer senedim"&IF('Senet Borçlu Alacaklı Giriş'!$C$4="Gerçek Kişi","in","izin")&" mükabilinde "&TEXT(G24,"dd mmmm yyyy")&" tarihinde Sayın : "&'Senet Borçlu Alacaklı Giriş'!$C$1&" 'ya veyahut emruhavalesine yukarıda yazılı Yalnız # "&'Senet Taksit Giriş'!F4&" # ödeyeceği"&IF('Senet Borçlu Alacaklı Giriş'!$C$4="Gerçek Kişi","m.","z.")&" Bedeli "&'Senet Taksit Giriş'!G4&" ahzolunmuştur. İş bu bono vadesinde ödenmediği taktirde; iş bu bononun düzenleme tarihinin temerrüt başlangıç tarihi olarak kabul edileceğini, müteakip bonolarında muacceliyet kesbedeceğini,"&" ihtilaf vukuunda "&'Senet Borçlu Alacaklı Giriş'!$C$2&" mahkemelerinin selahiyetini şimdiden kabul eyleri"&IF('Senet Borçlu Alacaklı Giriş'!$C$4="Gerçek Kişi","m.","z.") -> İş bu emre muharrer senedimizin mükabilinde 00 mmmm 2021 tarihinde Sayın : HACI MURAT BALCI 'ya veyahut emruhavalesine yukarıda yazılı Yalnız # İkibin TL # ödeyeceğiz. Bedeli NAKDEN ahzolunmuştur. İş bu bono vadesinde ödenmediği taktirde; iş bu bononun düzenleme tarihinin temerrüt başlangıç tarihi olarak kabul edileceğini, müteakip bonolarında muacceliyet kesbedeceğini, ihtilaf vukuunda TOKAT mahkemelerinin selahiyetini şimdiden kabul eyleriz.
D27: ="# "&TEXT(INT('Senet Taksit Giriş'!E4),"##.##0")&" TL #" -> # 2.000 TL #
D28: ="# "&TEXT(('Senet Taksit Giriş'!E24-INT('Senet Taksit Giriş'!E24))*100,"##.##")&" Krş #" -> # Krş #
D29: Borçlu:
D30: =$D$9 -> Bursa Fabrika Satış Mağazası – Adem Duman
F31: ÖDEYECEK | G31: ="İsim : "&$D30 -> İsim : Bursa Fabrika Satış Mağazası – Adem Duman
G32: ="Adres : " &'Senet Borçlu Alacaklı Giriş'!$C$6 -> Adres : Hızarhane Cad. No:5 TOKAT
L33: İmza
G34: ="Vergi Dairesi : "&'Senet Borçlu Alacaklı Giriş'!$C$7 -> Vergi Dairesi : Tokat
G35: ="Vergi No / TC Kimlik No : "&'Senet Borçlu Alacaklı Giriş'!$C$8 -> Vergi No / TC Kimlik No : 341 3267 6260
F36: KEFİL | G36: ="İsim Unvan : "&'Senet Borçlu Alacaklı Giriş'!$C$9 -> İsim Unvan : Adem Duman
D37: Vade | G37: ="Adres : " &'Senet Borçlu Alacaklı Giriş'!$C$10 -> Adres : Esentepe Mah. Şehit Ulaşar Cad. Belde Sitesi B Blk. K1: D:3 TOKAT
D38: ='Senet Taksit Giriş'!D4 -> 44316 | L38: İmza
D39: Tarih | G39: ="Vergi Dairesi : "&'Senet Borçlu Alacaklı Giriş'!$C$11 -> Vergi Dairesi : Tokat
D40: ='Senet Taksit Giriş'!C4 -> 44252 | G40: ="Vergi No / TC Kimlik No : "&'Senet Borçlu Alacaklı Giriş'!$C$12 -> Vergi No / TC Kimlik No : 341 3267 6260
D44: Senedin | E44: =$D51 &" - Taksit No: " & $D46&" " -> Bursa Fabrika Satış Mağazası – Adem Duman - Taksit No: # 3 # | G44: Ödeme Günü | I44: Türk Lirası | J44: Kuruş | M44: No | O44: Düzenleme Tarihi
D45: No: | G45: =D59 -> 44346 | I45: =D48 -> # 2.000 TL # | J45: =D49 -> # Krş # | M45: =D46 -> # 3 # | O45: =D61 -> 44252
D46: ="# "&TEXT(INT('Senet Taksit Giriş'!B5),"##.##0")&" #" -> # 3 #
D47: Tutarı | F47: =" İş bu emre muharrer senedim"&IF('Senet Borçlu Alacaklı Giriş'!$C$4="Gerçek Kişi","in","izin")&" mükabilinde "&TEXT(G45,"dd mmmm yyyy")&" tarihinde Sayın : "&'Senet Borçlu Alacaklı Giriş'!$C$1&" 'ya veyahut emruhavalesine yukarıda yazılı Yalnız # "&'Senet Taksit Giriş'!F5&" # ödeyeceği"&IF('Senet Borçlu Alacaklı Giriş'!$C$4="Gerçek Kişi","m.","z.")&" Bedeli "&'Senet Taksit Giriş'!G5&" ahzolunmuştur. İş bu bono vadesinde ödenmediği taktirde; iş bu bononun düzenleme tarihinin temerrüt başlangıç tarihi olarak kabul edileceğini, müteakip bonolarında muacceliyet kesbedeceğini,"&" ihtilaf vukuunda "&'Senet Borçlu Alacaklı Giriş'!$C$2&" mahkemelerinin selahiyetini şimdiden kabul eyleri"&IF('Senet Borçlu Alacaklı Giriş'!$C$4="Gerçek Kişi","m.","z.") -> İş bu emre muharrer senedimizin mükabilinde 00 mmmm 2021 tarihinde Sayın : HACI MURAT BALCI 'ya veyahut emruhavalesine yukarıda yazılı Yalnız # İkibin TL # ödeyeceğiz. Bedeli NAKDEN ahzolunmuştur. İş bu bono vadesinde ödenmediği taktirde; iş bu bononun düzenleme tarihinin temerrüt başlangıç tarihi olarak kabul edileceğini, müteakip bonolarında muacceliyet kesbedeceğini, ihtilaf vukuunda TOKAT mahkemelerinin selahiyetini şimdiden kabul eyleriz.
D48: ="# "&TEXT(INT('Senet Taksit Giriş'!E5),"##.##0")&" TL #" -> # 2.000 TL #
D49: ="# "&TEXT(('Senet Taksit Giriş'!E46-INT('Senet Taksit Giriş'!E46))*100,"##.##")&" Krş #" -> # Krş #
D50: Borçlu:
D51: =$D$9 -> Bursa Fabrika Satış Mağazası – Adem Duman
F52: ÖDEYECEK | G52: ="İsim : "&$D51 -> İsim : Bursa Fabrika Satış Mağazası – Adem Duman
G53: ="Adres : " &'Senet Borçlu Alacaklı Giriş'!$C$6 -> Adres : Hızarhane Cad. No:5 TOKAT
L54: İmza
G55: ="Vergi Dairesi : "&'Senet Borçlu Alacaklı Giriş'!$C$7 -> Vergi Dairesi : Tokat
G56: ="Vergi No / TC Kimlik No : "&'Senet Borçlu Alacaklı Giriş'!$C$8 -> Vergi No / TC Kimlik No : 341 3267 6260
F57: KEFİL | G57: ="İsim Unvan : "&'Senet Borçlu Alacaklı Giriş'!$C$9 -> İsim Unvan : Adem Duman
D58: Vade | G58: ="Adres : " &'Senet Borçlu Alacaklı Giriş'!$C$10 -> Adres : Esentepe Mah. Şehit Ulaşar Cad. Belde Sitesi B Blk. K1: D:3 TOKAT
D59: ='Senet Taksit Giriş'!D5 -> 44346 | L59: İmza
D60: Tarih | G60: ="Vergi Dairesi : "&'Senet Borçlu Alacaklı Giriş'!$C$11 -> Vergi Dairesi : Tokat
D61: ='Senet Taksit Giriş'!C5 -> 44252 | G61: ="Vergi No / TC Kimlik No : "&'Senet Borçlu Alacaklı Giriş'!$C$12 -> Vergi No / TC Kimlik No : 341 3267 6260
D64: Senedin | E64: =$D71 &" - Taksit No: " & $D66&" " -> Bursa Fabrika Satış Mağazası – Adem Duman - Taksit No: # 4 # | G64: Ödeme Günü | I64: Türk Lirası | J64: Kuruş | M64: No | O64: Düzenleme Tarihi
D65: No: | G65: =D79 -> 44377 | I65: =D68 -> # 2.000 TL # | J65: =D69 -> # Krş # | M65: =D66 -> # 4 # | O65: =D81 -> 44252
D66: ="# "&TEXT(INT('Senet Taksit Giriş'!B6),"##.##0")&" #" -> # 4 #
D67: Tutarı | F67: =" İş bu emre muharrer senedim"&IF('Senet Borçlu Alacaklı Giriş'!$C$4="Gerçek Kişi","in","izin")&" mükabilinde "&TEXT(G65,"dd mmmm yyyy")&" tarihinde Sayın : "&'Senet Borçlu Alacaklı Giriş'!$C$1&" 'ya veyahut emruhavalesine yukarıda yazılı Yalnız # "&'Senet Taksit Giriş'!F6&" # ödeyeceği"&IF('Senet Borçlu Alacaklı Giriş'!$C$4="Gerçek Kişi","m.","z.")&" Bedeli "&'Senet Taksit Giriş'!G6&" ahzolunmuştur. İş bu bono vadesinde ödenmediği taktirde; iş bu bononun düzenleme tarihinin temerrüt başlangıç tarihi olarak kabul edileceğini, müteakip bonolarında muacceliyet kesbedeceğini,"&" ihtilaf vukuunda "&'Senet Borçlu Alacaklı Giriş'!$C$2&" mahkemelerinin selahiyetini şimdiden kabul eyleri"&IF('Senet Borçlu Alacaklı Giriş'!$C$4="Gerçek Kişi","m.","z.") -> İş bu emre muharrer senedimizin mükabilinde 00 mmmm 2021 tarihinde Sayın : HACI MURAT BALCI 'ya veyahut emruhavalesine yukarıda yazılı Yalnız # İkibin TL # ödeyeceğiz. Bedeli NAKDEN ahzolunmuştur. İş bu bono vadesinde ödenmediği taktirde; iş bu bononun düzenleme tarihinin temerrüt başlangıç tarihi olarak kabul edileceğini, müteakip bonolarında muacceliyet kesbedeceğini, ihtilaf vukuunda TOKAT mahkemelerinin selahiyetini şimdiden kabul eyleriz.
D68: ="# "&TEXT(INT('Senet Taksit Giriş'!E6),"##.##0")&" TL #" -> # 2.000 TL #
D69: ="# "&TEXT(('Senet Taksit Giriş'!E68-INT('Senet Taksit Giriş'!E68))*100,"##.##")&" Krş #" -> # Krş #
D70: Borçlu:
D71: =$D$9 -> Bursa Fabrika Satış Mağazası – Adem Duman
F72: ÖDEYECEK | G72: ="İsim : "&$D71 -> İsim : Bursa Fabrika Satış Mağazası – Adem Duman
G73: ="Adres : " &'Senet Borçlu Alacaklı Giriş'!$C$6 -> Adres : Hızarhane Cad. No:5 TOKAT
L74: İmza
G75: ="Vergi Dairesi : "&'Senet Borçlu Alacaklı Giriş'!$C$7 -> Vergi Dairesi : Tokat
G76: ="Vergi No / TC Kimlik No : "&'Senet Borçlu Alacaklı Giriş'!$C$8 -> Vergi No / TC Kimlik No : 341 3267 6260
F77: KEFİL | G77: ="İsim Unvan : "&'Senet Borçlu Alacaklı Giriş'!$C$9 -> İsim Unvan : Adem Duman
D78: Vade | G78: ="Adres : " &'Senet Borçlu Alacaklı Giriş'!$C$10 -> Adres : Esentepe Mah. Şehit Ulaşar Cad. Belde Sitesi B Blk. K1: D:3 TOKAT
D79: ='Senet Taksit Giriş'!D6 -> 44377 | L79: İmza
D80: Tarih | G80: ="Vergi Dairesi : "&'Senet Borçlu Alacaklı Giriş'!$C$11 -> Vergi Dairesi : Tokat
D81: ='Senet Taksit Giriş'!C6 -> 44252 | G81: ="Vergi No / TC Kimlik No : "&'Senet Borçlu Alacaklı Giriş'!$C$12 -> Vergi No / TC Kimlik No : 341 3267 6260
D85: Senedin | E85: =$D92 &" - Taksit No: " & $D87&" " -> Bursa Fabrika Satış Mağazası – Adem Duman - Taksit No: # 5 # | G85: Ödeme Günü | I85: Türk Lirası | J85: Kuruş | M85: No | O85: Düzenleme Tarihi
D86: No: | G86: =D100 -> 44407 | I86: =D89 -> # 14.000 TL # | J86: =D90 -> # Krş # | M86: =D87 -> # 5 # | O86: =D102 -> 44252
D87: ="# "&TEXT(INT('Senet Taksit Giriş'!B7),"##.##0")&" #" -> # 5 #
D88: Tutarı | F88: =" İş bu emre muharrer senedim"&IF('Senet Borçlu Alacaklı Giriş'!$C$4="Gerçek Kişi","in","izin")&" mükabilinde "&TEXT(G86,"dd mmmm yyyy")&" tarihinde Sayın : "&'Senet Borçlu Alacaklı Giriş'!$C$1&" 'ya veyahut emruhavalesine yukarıda yazılı Yalnız # "&'Senet Taksit Giriş'!F7&" # ödeyeceği"&IF('Senet Borçlu Alacaklı Giriş'!$C$4="Gerçek Kişi","m.","z.")&" Bedeli "&'Senet Taksit Giriş'!G7&" ahzolunmuştur. İş bu bono vadesinde ödenmediği taktirde; iş bu bononun düzenleme tarihinin temerrüt başlangıç tarihi olarak kabul edileceğini, müteakip bonolarında muacceliyet kesbedeceğini,"&" ihtilaf vukuunda "&'Senet Borçlu Alacaklı Giriş'!$C$2&" mahkemelerinin selahiyetini şimdiden kabul eyleri"&IF('Senet Borçlu Alacaklı Giriş'!$C$4="Gerçek Kişi","m.","z.") -> İş bu emre muharrer senedimizin mükabilinde 00 mmmm 2021 tarihinde Sayın : HACI MURAT BALCI 'ya veyahut emruhavalesine yukarıda yazılı Yalnız # Ondörtbin TL # ödeyeceğiz. Bedeli NAKDEN ahzolunmuştur. İş bu bono vadesinde ödenmediği taktirde; iş bu bononun düzenleme tarihinin temerrüt başlangıç tarihi olarak kabul edileceğini, müteakip bonolarında muacceliyet kesbedeceğini, ihtilaf vukuunda TOKAT mahkemelerinin selahiyetini şimdiden kabul eyleriz.
D89: ="# "&TEXT(INT('Senet Taksit Giriş'!E7),"##.##0")&" TL #" -> # 14.000 TL #
D90: ="# "&TEXT(('Senet Taksit Giriş'!E90-INT('Senet Taksit Giriş'!E90))*100,"##.##")&" Krş #" -> # Krş #
D91: Borçlu:
D92: =$D$9 -> Bursa Fabrika Satış Mağazası – Adem Duman
F93: ÖDEYECEK | G93: ="İsim : "&$D92 -> İsim : Bursa Fabrika Satış Mağazası – Adem Duman
G94: ="Adres : " &'Senet Borçlu Alacaklı Giriş'!$C$6 -> Adres : Hızarhane Cad. No:5 TOKAT
L95: İmza
G96: ="Vergi Dairesi : "&'Senet Borçlu Alacaklı Giriş'!$C$7 -> Vergi Dairesi : Tokat
G97: ="Vergi No / TC Kimlik No : "&'Senet Borçlu Alacaklı Giriş'!$C$8 -> Vergi No / TC Kimlik No : 341 3267 6260
F98: KEFİL | G98: ="İsim Unvan : "&'Senet Borçlu Alacaklı Giriş'!$C$9 -> İsim Unvan : Adem Duman
D99: Vade | G99: ="Adres : " &'Senet Borçlu Alacaklı Giriş'!$C$10 -> Adres : Esentepe Mah. Şehit Ulaşar Cad. Belde Sitesi B Blk. K1: D:3 TOKAT
D100: ='Senet Taksit Giriş'!D7 -> 44407 | L100: İmza
D101: Tarih | G101: ="Vergi Dairesi : "&'Senet Borçlu Alacaklı Giriş'!$C$11 -> Vergi Dairesi : Tokat
D102: ='Senet Taksit Giriş'!C7 -> 44252 | G102: ="Vergi No / TC Kimlik No : "&'Senet Borçlu Alacaklı Giriş'!$C$12 -> Vergi No / TC Kimlik No : 341 3267 6260
D106: Senedin | E106: =$D113 &" - Taksit No: " & $D108&" " -> Bursa Fabrika Satış Mağazası – Adem Duman - Taksit No: # 6 # | G106: Ödeme Günü | I106: Türk Lirası | J106: Kuruş | M106: No | O106: Düzenleme Tarihi
D107: No: | G107: =D121 -> 44438 | I107: =D110 -> # 2.000 TL # | J107: =D111 -> # Krş # | M107: =D108 -> # 6 # | O107: =D123 -> 44252
D108: ="# "&TEXT(INT('Senet Taksit Giriş'!B8),"##.##0")&" #" -> # 6 #
D109: Tutarı | F109: =" İş bu emre muharrer senedim"&IF('Senet Borçlu Alacaklı Giriş'!$C$4="Gerçek Kişi","in","izin")&" mükabilinde "&TEXT(G107,"dd mmmm yyyy")&" tarihinde Sayın : "&'Senet Borçlu Alacaklı Giriş'!$C$1&" 'ya veyahut emruhavalesine yukarıda yazılı Yalnız # "&'Senet Taksit Giriş'!F8&" # ödeyeceği"&IF('Senet Borçlu Alacaklı Giriş'!$C$4="Gerçek Kişi","m.","z.")&" Bedeli "&'Senet Taksit Giriş'!G8&" ahzolunmuştur. İş bu bono vadesinde ödenmediği taktirde; iş bu bononun düzenleme tarihinin temerrüt başlangıç tarihi olarak kabul edileceğini, müteakip bonolarında muacceliyet kesbedeceğini,"&" ihtilaf vukuunda "&'Senet Borçlu Alacaklı Giriş'!$C$2&" mahkemelerinin selahiyetini şimdiden kabul eyleri"&IF('Senet Borçlu Alacaklı Giriş'!$C$4="Gerçek Kişi","m.","z.") -> İş bu emre muharrer senedimizin mükabilinde 00 mmmm 2021 tarihinde Sayın : HACI MURAT BALCI 'ya veyahut emruhavalesine yukarıda yazılı Yalnız # İkibin TL # ödeyeceğiz. Bedeli NAKDEN ahzolunmuştur. İş bu bono vadesinde ödenmediği taktirde; iş bu bononun düzenleme tarihinin temerrüt başlangıç tarihi olarak kabul edileceğini, müteakip bonolarında muacceliyet kesbedeceğini, ihtilaf vukuunda TOKAT mahkemelerinin selahiyetini şimdiden kabul eyleriz.
D110: ="# "&TEXT(INT('Senet Taksit Giriş'!E8),"##.##0")&" TL #" -> # 2.000 TL #
D111: ="# "&TEXT(('Senet Taksit Giriş'!E111-INT('Senet Taksit Giriş'!E111))*100,"##.##")&" Krş #" -> # Krş #
D112: Borçlu:
D113: =$D$9 -> Bursa Fabrika Satış Mağazası – Adem Duman
F114: ÖDEYECEK | G114: ="İsim : "&$D113 -> İsim : Bursa Fabrika Satış Mağazası – Adem Duman
G115: ="Adres : " &'Senet Borçlu Alacaklı Giriş'!$C$6 -> Adres : Hızarhane Cad. No:5 TOKAT
...

Sheet Sheet5
B2: ADEM DUMAN - 2022-2023 Kira ödemesi
B3: Ödeme Tablosu
B4: 44438 | C4: Nakit 3000 TL
B5: 31.09.2021 | C5: Senet 3000 TL
B6: 44499 | C6: Senet 3000 TL
B7: 44530 | C7: Senet 3000 TL
B8: 44560 | C8: Senet 3000 TL
B9: 44591 | C9: Senet 3000 TL
B10: 44620 | C10: Senet 3000 TL
B11: 44650 | C11: Senet 3000 TL
B12: 44681 | C12: Senet 3000 TL
B13: 44711 | C13: Senet 3000 TL
B14: 44742 | C14: Senet 3000 TL
B15: 44772 | C15: Senet 3000 TL
B17: Yapılan Ödemeler | E17: Toplam Ödeme
C18: Ödenecek | D18: Ödenen
B19: 44438 | C19: ödendi | D19: 2000 | E19: =D19+E18 -> 2000
B20: 31.09.2021 | C20: ödendi | D20: 2000 | E20: =D20+E19 -> 4000
B21: 44499 | C21: ödendi | D21: 2000 | E21: =D21+E20 -> 6000
B22: 44530 | C22: ödendi | D22: 2000 | E22: =D22+E21 -> 8000
B23: 44560 | C23: ödendi | D23: 2000 | E23: =D23+E22 -> 10000
B24: 44591 | C24: ödendi | D24: 2000 | E24: =D24+E23 -> 12000
B25: 44620 | C25: ödendi | D25: 3000 | E25: =D25+E24 -> 15000
B26: 44650 | C26: 3000 | E26: =D26+E25 -> 15000
B27: 44681 | C27: 3000 | E27: =D27+E26 -> 15000
B28: 44711 | C28: 5000 | E28: =D28+E27 -> 15000
B29: 44742 | C29: 5000 | E29: =D29+E28 -> 15000
A30: 2022 sonu | B30: 44772 | C30: 5000 | E30: =D30+E29 -> 15000
A31: 2023 kirası | B31: 44803
B32: 44834
B33: 44864
B34: 44895
