Workbook

Sheet 02_26
F1: GİRİŞ | G1: ÇIKIŞ | H1: BAKİYE
A2: - OCAK 2026 | C2: TOPLAM | D2: =SUM(D4:D21) -> 17494.51 | E2: =SUM(E4:E21) -> -59229.72 | F2: =SUM(F4:F21) -> 0 | G2: =SUM(G4:G21) -> -41629.72 | H2: =F2+G2 -> -41629.72
H4: =H3+F4+G4 -> 0
H5: =H4+F5+G5 -> 0
B6: KK 4876 İşbank | E6: =E24 -> -41629.72 | G6: =E6 -> -41629.72 | H6: =H5+F6+G6 -> -41629.72
B7: KK 5165 Denizbank | E7: =E77 -> 0 | G7: =E7 -> 0 | H7: =H6+F7+G7 -> -41629.72
B8: Elektrik 9522138254 Sanayi | E8: 0 | H8: =H7+F8+G8 -> -41629.72
B9: Doğalgaz 800004222954 Kümbet D10 | E9: -1000 | H9: =H8+F9+G9 -> -41629.72
B10: Doğalgaz 800004222959 Kümbet D09 | E10: -200 | H10: =H9+F10+G10 -> -41629.72
B11: maaş | D11: 17494.51 | H11: =H10+F11+G11 -> -41629.72
B12: umut | E12: -7500 | H12: =H11+F12+G12 -> -41629.72
B13: Genel Masraf | E13: -7500 | H13: =H12+F13+G13 -> -41629.72
B14: Elektrik 5847500300 Kümbet D09 | E14: -600 | H14: =H13+F14+G14 -> -41629.72
B15: Elektrik 8222520300 Kümbet D10 | E15: -800 | H15: =H14+F15+G15 -> -41629.72
H16: =H15+F16+G16 -> -41629.72
H17: =H16+F17+G17 -> -41629.72
H18: =H17+F18+G18 -> -41629.72
H19: =H18+F19+G19 -> -41629.72
H20: =H19+F20+G20 -> -41629.72
B24: İşbank 4876 KK | E24: =SUM(E25:E44) -> -41629.72
E26: HESAP KESİM
B27: şubat
A28: 45880 | B28: ajet ist | C28: 5126 | D28: 6 -6 | E28: -854.33
A29: 45880 | B29: euroka tcross sigorta | C29: 16598.9 | D29: 6 -9 | E29: -1844.32
A30: 45901 | B30: AJET İSTANBUL | C30: 2307 | D30: 5 -6 | E30: -384.5
B31: ikea | C31: 2400 | D31: 2 -3 | E31: -800
B32: ikea | C32: 2118.97 | D32: 2 -3 | E32: -706.32
B33: ikea dolap | C33: 25999 | D33: 2 -9 | E33: -2888.78
B34: ikea | C34: 2160 | D34: 2 -3 | E34: -720
B35: ikea | C35: 425.46 | D35: 2 -3 | E35: -141.82
B36: motomax kask eldiven | C36: 7680 | D36: 2 -6 | E36: -1280
B37: decathlon ayakkabı atila-hc | C37: 4992.2 | D37: 2 -6 | E37: -832.03
D44: KALAN TAKSİTLİ BORÇ TOPLAMI | E44: =SUM(E46:E74) -> -31177.62
B45: mart
A46: 45880 | B46: euroka tcross sigorta | C46: 16598.9 | D46: 7 -9 | E46: -1844.32
A47: 45901 | B47: AJET İSTANBUL | C47: 2307 | D47: 6 -6 | E47: -384.5
B48: ikea | C48: 2400 | D48: 3 -3 | E48: -800
B49: ikea | C49: 2118.97 | D49: 3 -3 | E49: -706.32
B50: ikea dolap | C50: 25999 | D50: 3 -9 | E50: -2888.78
B51: ikea | C51: 2160 | D51: 3 -3 | E51: -720
B52: ikea | C52: 425.46 | D52: 3 -3 | E52: -141.82
B53: motomax kask eldiven | C53: 7680 | D53: 3 -6 | E53: -1280
B54: decathlon ayakkabı atila-hc | C54: 4992.2 | D54: 3 -6 | E54: -832.03
B56: misan
A57: 45880 | B57: euroka tcross sigorta | C57: 16598.9 | D57: 8 -9 | E57: -1844.32
B58: ikea dolap | C58: 25999 | D58: 4 -9 | E58: -2888.78
B59: motomax kask eldiven | C59: 7680 | D59: 4 -6 | E59: -1280
B60: decathlon ayakkabı atila-hc | C60: 4992.2 | D60: 4 -6 | E60: -832.03
B62: mayıs
A63: 45880 | B63: euroka tcross sigorta | C63: 16598.9 | D63: 9 -9 | E63: -1844.32
B64: ikea dolap | C64: 25999 | D64: 5 -9 | E64: -2888.78
B65: motomax kask eldiven | C65: 7680 | D65: 5 -6 | E65: -1280
B66: decathlon ayakkabı atila-hc | C66: 4992.2 | D66: 5 -6 | E66: -832.03
B68: hzrn
B69: ikea dolap | C69: 25999 | D69: 6 -9 | E69: -2888.78
B70: motomax kask eldiven | C70: 7680 | D70: 6 -6 | E70: -1280
B71: decathlon ayakkabı atila-hc | C71: 4992.2 | D71: 6 -6 | E71: -832.03
B73: tmmz
B74: ikea dolap | C74: 25999 | D74: 7 -9 | E74: -2888.78
B77: Denizbank 5165 kk | E77: =SUM(E78:E86) -> 0
E84: HESAP KESİM

Sheet 01_26
F1: GİRİŞ | G1: ÇIKIŞ | H1: BAKİYE
A2: - OCAK 2026 | C2: TOPLAM | D2: =SUM(D4:D21) -> 17494.51 | E2: =SUM(E4:E21) -> -62635.78 | F2: =SUM(F4:F21) -> 0 | G2: =SUM(G4:G21) -> -45035.78 | H2: =F2+G2 -> -45035.78
H4: =H3+F4+G4 -> 0
H5: =H4+F5+G5 -> 0
B6: KK 4876 İşbank | E6: =E24 -> -45035.78 | G6: =E6 -> -45035.78 | H6: =H5+F6+G6 -> -45035.78
B7: KK 5165 Denizbank | E7: =E120 -> 0 | G7: =E7 -> 0 | H7: =H6+F7+G7 -> -45035.78
B8: Elektrik 9522138254 Sanayi | E8: 0 | H8: =H7+F8+G8 -> -45035.78
B9: Doğalgaz 800004222954 Kümbet D10 | E9: -1000 | H9: =H8+F9+G9 -> -45035.78
B10: Doğalgaz 800004222959 Kümbet D09 | E10: -200 | H10: =H9+F10+G10 -> -45035.78
B11: maaş | D11: 17494.51 | H11: =H10+F11+G11 -> -45035.78
B12: umut | E12: -7500 | H12: =H11+F12+G12 -> -45035.78
B13: Genel Masraf | E13: -7500 | H13: =H12+F13+G13 -> -45035.78
B14: Elektrik 5847500300 Kümbet D09 | E14: -600 | H14: =H13+F14+G14 -> -45035.78
B15: Elektrik 8222520300 Kümbet D10 | E15: -800 | H15: =H14+F15+G15 -> -45035.78
H16: =H15+F16+G16 -> -45035.78
H17: =H16+F17+G17 -> -45035.78
H18: =H17+F18+G18 -> -45035.78
H19: =H18+F19+G19 -> -45035.78
H20: =H19+F20+G20 -> -45035.78
B24: İşbank 4876 KK | E24: =SUM(E25:E69) -> -45035.78
A27: 45880 | B27: ajet ist | C27: 5126 | D27: 5 -6 | E27: -854.33
A28: 45880 | B28: euroka tcross sigorta | C28: 16598.9 | D28: 5 -9 | E28: -1844.32
B29: ajet ist | C29: 2307 | D29: 4 -6 | E29: -384.5
B30: ikea | C30: 2400 | D30: 1 -3 | E30: -800
B31: ikea | C31: 2118.97 | D31: 1 -3 | E31: -706.32
B32: ikea dolap | C32: 25999 | D32: 1 -9 | E32: -2888.78
B33: ikea | C33: 2160 | D33: 1 -3 | E33: -720
B34: ikea | C34: 425.46 | D34: 1 -3 | E34: -141.82
B35: motomax kask eldiven | C35: 7680 | D35: 1 -6 | E35: -1280
B36: decathlon ayakkabı atila-hc | C36: 4992.2 | D36: 1 -6 | E36: -832.03
A38: 45988 | B38: ceyda habek malatyalı ali | E38: -530
B39: nish oyopark | E39: -120
B40: otopark | E40: -150
A41: 45990 | B41: mrkt | E41: -679.85
B42: depo avm | E42: -240
B43: balcan ayşe yemek | E43: -780
A44: 45991 | B44: habu döner | E44: -1190
B45: poaş mazot transporter | E45: -3830.09
B46: ceyda habek malatyalı ali | E46: -750
B47: mrkt | E47: -466.35
B48: ceyda habek malatyalı ali | E48: -500
B49: kğçyal batarya | E49: -3848.9
B50: ceyda habek malatyalı ali | E50: -250
B51: ceyda habek malatyalı ali | E51: -500
B52: dechatlon | E52: -195
B53: sandalye 4 adet çilingiroğlu | E53: -12716
D54: 57440,48+
A55: 45997 | B55: kabak | E55: -226
B56: avansas toner | E56: -360
B57: tvk dnr | E57: -250
B58: almus yemk | E58: -500
B59: et | E59: -1000
B60: su | E60: -480
B61: pzrstn | E61: -160
B62: mrkt | E62: -32.5
B63: mrkt | E63: -374.55
A64: 46007 | B64: robotistan pic0 2wh | E64: -1722.44
B65: infotek waveshare | E65: -1265.56
A66: 46007 | B66: amazon ax900 ble+wifi | E66: -948.69
B67: mrkt | E67: -117.75
A68: 46009 | B68: mrkt | E68: -307.5
A69: 46010 | B69: mrkt | E69: -92.5
E70: HESAP KESİM
D75: KALAN TAKSİTLİ BORÇ TOPLAMI | E75: =SUM(E76:E117) -> -41629.72
B76: şubat
A77: 45880 | B77: ajet ist | C77: 5126 | D77: 6 -6 | E77: -854.33
A78: 45880 | B78: euroka tcross sigorta | C78: 16598.9 | D78: 6 -9 | E78: -1844.32
A79: 45901 | B79: AJET İSTANBUL | C79: 2307 | D79: 5 -6 | E79: -384.5
B80: ikea | C80: 2400 | D80: 2 -3 | E80: -800
B81: ikea | C81: 2118.97 | D81: 2 -3 | E81: -706.32
B82: ikea dolap | C82: 25999 | D82: 2 -9 | E82: -2888.78
B83: ikea | C83: 2160 | D83: 2 -3 | E83: -720
B84: ikea | C84: 425.46 | D84: 2 -3 | E84: -141.82
B85: motomax kask eldiven | C85: 7680 | D85: 2 -6 | E85: -1280
B86: decathlon ayakkabı atila-hc | C86: 4992.2 | D86: 2 -6 | E86: -832.03
B88: mart
A89: 45880 | B89: euroka tcross sigorta | C89: 16598.9 | D89: 7 -9 | E89: -1844.32
A90: 45901 | B90: AJET İSTANBUL | C90: 2307 | D90: 6 -6 | E90: -384.5
B91: ikea | C91: 2400 | D91: 3 -3 | E91: -800
B92: ikea | C92: 2118.97 | D92: 3 -3 | E92: -706.32
B93: ikea dolap | C93: 25999 | D93: 3 -9 | E93: -2888.78
B94: ikea | C94: 2160 | D94: 3 -3 | E94: -720
B95: ikea | C95: 425.46 | D95: 3 -3 | E95: -141.82
B96: motomax kask eldiven | C96: 7680 | D96: 3 -6 | E96: -1280
B97: decathlon ayakkabı atila-hc | C97: 4992.2 | D97: 3 -6 | E97: -832.03
B99: misan
A100: 45880 | B100: euroka tcross sigorta | C100: 16598.9 | D100: 8 -9 | E100: -1844.32
B101: ikea dolap | C101: 25999 | D101: 4 -9 | E101: -2888.78
B102: motomax kask eldiven | C102: 7680 | D102: 4 -6 | E102: -1280
B103: decathlon ayakkabı atila-hc | C103: 4992.2 | D103: 4 -6 | E103: -832.03
B105: mayıs
A106: 45880 | B106: euroka tcross sigorta | C106: 16598.9 | D106: 9 -9 | E106: -1844.32
B107: ikea dolap | C107: 25999 | D107: 5 -9 | E107: -2888.78
B108: motomax kask eldiven | C108: 7680 | D108: 5 -6 | E108: -1280
B109: decathlon ayakkabı atila-hc | C109: 4992.2 | D109: 5 -6 | E109: -832.03
B111: hzrn
B112: ikea dolap | C112: 25999 | D112: 6 -9 | E112: -2888.78
B113: motomax kask eldiven | C113: 7680 | D113: 6 -6 | E113: -1280
B114: decathlon ayakkabı atila-hc | C114: 4992.2 | D114: 6 -6 | E114: -832.03
B116: tmmz
...

Sheet GNLK-_2025
C1: TAHMİNİ | F1: GERÇEKLEŞEN | K1: NZN | L1: HC | N1: NY
A2: -2024 | B2: GİRİŞ | C2: ÇIKIŞ | D2: BAKİYE | E2: GİRİŞ | F2: ÇIKIŞ | G2: BAKİYE | J2: kR | K2: 0.235384 | L2: =1-K2 -> 0.764616 | M2: Hc 1/1 | N2: =#REF!/1000 -> #REF!
A3: Ocak | B3: ='01_25'!D2 -> 398664 | C3: ='01_25'!E2 -> -55562.4 | D3: =B3+C3 -> 343101.6 | E3: ='01_25'!F2 -> 320054.88 | F3: ='01_25'!G2 -> -59018.87 | G3: =E3+F3 -> 261036.01 | I3: dgs | J3: 180 | M3: =J3 -> 180 | N3: ='01_25'!E133/1000 -> 0.96499
A4: Şubat | B4: ='02_25'!D2 -> 45000 | C4: ='02_25'!E2 -> -75400.4 | D4: =B4+C4+D3 -> 312701.2 | E4: ='02_25'!F2 -> 30054.88 | F4: ='02_25'!G2 -> -96628.72 | G4: =E4+F4+G3 -> 194462.17 | I4: sF | J4: 235 | K4: =J4*$K$2 -> 55.31524 | L4: =J4-K4 -> 179.68476 | N4: ='02_25'!E130/1000 -> 16.2
A5: Mart | B5: ='03_25'!D2 -> 30000 | C5: ='03_25'!E2 -> -79968.85 | D5: =B5+C5+D4 -> 262732.35 | E5: ='03_25'!F2 -> 32994.19 | F5: ='03_25'!G2 -> -186074.7 | G5: =E5+F5+G4 -> 41381.66 | I5: tzg | M5: =J5 -> 0 | N5: ='03_25'!E146/1000 -> 0
A6: Nisan | B6: ='04_25'!D2 -> 15000 | C6: ='04_25'!E2 -> -191614.26 | D6: =B6+C6+D5 -> 86118.09 | E6: ='04_25'!F2 -> 15054.88 | F6: ='04_25'!G2 -> -191809.25 | G6: =E6+F6+G5 -> -135372.71 | I6: maaş ocak-haziran | M6: =E18/1000 -> 15 | N6: ='04_25'!E117/1000 -> 32.55
A7: Mayıs | B7: ='05_25'!D2 -> 15000 | C7: ='05_25'!E2 -> -59780.37 | D7: =B7+C7+D6 -> 41337.72 | E7: ='05_25'!F2 -> 19054.88 | F7: ='05_25'!G2 -> -60755.16 | G7: =E7+F7+G6 -> -177072.99 | I7: maaş temmuz-aralık | M7: =E19/1000 -> #REF! | N7: ='05_25'!E115/1000 -> 1.159
A8: Hazrn | B8: ='06_25'!D2 -> 15000 | C8: ='06_25'!E2 -> -76228.43 | D8: =B8+C8+D7 -> -19890.71 | E8: ='06_25'!F2 -> 15054.88 | F8: ='06_25'!G2 -> -109005.52 | G8: =E8+F8+G7 -> -271023.63 | I8: lise | J8: 225 | M8: =J8/4 -> 56.25 | N8: ='06_25'!E141/1000 -> 0.87226
A9: Temmz | B9: ='07_25'!D2 -> 15000 | C9: ='07_25'!E2 -> -93124.89 | D9: =B9+C9+D8 -> -98015.6 | E9: ='07_25'!F2 -> 17494.51 | F9: ='07_25'!G2 -> -127505.39 | G9: =E9+F9+G8 -> -381034.51 | I9: sE | J9: 204 | K9: =J9*$K$2 -> 48.018336 | L9: =J9-K9 -> 155.98166 | N9: ='07_25'!E180/1000 -> 0.87226
A10: Ağusts | B10: ='08_25'!D2 -> 17494.51 | C10: ='08_25'!E2 -> -95750 | D10: =B10+C10+D9 -> -176271.09 | E10: ='08_25'!F2 -> 17564.53 | F10: ='08_25'!G2 -> -99089.92 | G10: =E10+F10+G9 -> -462559.9 | I10: ap | J10: 0 | M10: =J10*0.13 -> 0 | N10: ='08_25'!E187/1000 -> 0
A11: Eylül | B11: ='09_25'!D2 -> 17494.51 | C11: ='09_25'!E2 -> -79785.7 | D11: =B11+C11+D10 -> -238562.28 | E11: ='09_25'!F2 -> 57500 | F11: ='09_25'!G2 -> -93673.89 | G11: =E11+F11+G10 -> -498733.79 | I11: sG | J11: 0 | K11: =J11*$K$2 -> 0 | L11: =J11-K11 -> 0 | N11: ='09_25'!E165/1000 -> 0
A12: Ekim | B12: ='10_25'!D2 -> 17494.51 | C12: ='10_25'!E2 -> -54105.36 | D12: =B12+C12+D11 -> -275173.13 | E12: ='10_25'!F2 -> 17564.53 | F12: ='10_25'!G2 -> -54899.36 | G12: =E12+F12+G11 -> -536068.62 | I12: sA | J12: 0 | K12: =J12*$K$2 -> 0 | L12: =J12-K12 -> 0 | N12: ='10_25'!E137/1000 -> 0
A13: Kasım | B13: ='11_25'!D2 -> 17494.51 | C13: ='11_25'!E2 -> -73331.92 | D13: =B13+C13+D12 -> -331010.54 | E13: ='11_25'!F2 -> 17564.53 | F13: ='11_25'!G2 -> -20914.86 | G13: =E13+F13+G12 -> -555713.48 | I13: sCD | J13: 219 | K13: =J13*$K$2 -> 51.549096 | L13: =J13-K13 -> 167.4509 | N13: ='11_25'!E120/1000 -> 0
A14: Aralık | B14: ='12_25'!D2 -> 17494.51 | C14: ='12_25'!E2 -> -76440.48 | D14: =B14+C14+D13 -> -381122.17 | E14: ='12_25'!F2 -> 373564.53 | F14: ='12_25'!G2 -> -155436.73 | G14: =E14+F14+G13 -> -570902.56 | I14: sB | J14: 290 | K14: =J14*$K$2 -> 68.26136 | L14: =J14-K14 -> 221.73864 | N14: ='12_25'!E213/1000 -> 0
A15: TPLM | B15: =SUM(B3:B14) -> 621136.55 | C15: =SUM(C3:C14) -> -1002258.7 | D15: =B15+C15 -> -381122.17 | E15: =SUM(E3:E14) -> 933521.22 | F15: =SUM(F3:F14) -> -1113294.7 | G15: =E15+F15 -> -570902.56 | J15: =SUM(J3:J14) -> 1353 | K15: =SUM(K4:K14) -> 223.14403 | L15: =SUM(L4:L14) -> 724.85597 | M15: =M10+M8+M6+M5+M3+M7 -> #REF!
A16: 12 | B16: =B15/A16 -> 51761.379 | C16: =C15/A16 -> -83521.56 | E16: =E15/A16 -> 77793.435 | F16: =F15/A16 -> -92774.56 | G16: =G15/A16 -> -47575.213 | J16: =J15/12 -> 112.75 | K16: =K15/12 -> 18.595336 | L16: =L15/12 -> 60.404664 | M16: =M15/12 -> #REF! | N16: =AVERAGE(N2:N15) -> #REF!
K17: TPLM | L17: =L15+M15 -> #REF!
D18: ocak-haziran maaş toplamı | E18: ='01_25'!F32+'02_25'!F14+'02_25'!F26+'03_25'!F18+'04_25'!F41+'05_25'!F19+'06_25'!F22+'06_25'!F34+'04_25'!F14 -> 15000 | K18: AYLK | M18: =L17/12 -> #REF!
D19: temmuz-aralık maaş toplamı | E19: ='07_25'!F25+'08_25'!F20+'09_25'!F19+'10_25'!F25+'11_25'!#REF!+'12_25'!F22 -> #REF!
D20: Toplam ;Emekli maaşı | E20: =SUM(E18:E19) -> #REF!
B21: 44896
B22: 6986.25 | C22: 0.375785 | D22: 0.4925919
B23: =B22*C22 -> 2625.328 | C23: ocak artış % | D23: =B22*D22 -> 3441.3702
B24: =SUM(B22:B23) -> 9611.578 | C24: ocak 23 maaş | D24: =D23+B22 -> 10427.62
C25: =(D27/D25)-1 -> #DIV/0!
C26: temmuz artış
C27: temmuz 23 maaş | D27: 13006.38

Sheet PERI_25
B2: 2025 | C2: hesaba yazılmayan | D2: hacı ödeme | E2: peri ödeme | F2: BAKİYE
F3: peri_2024-f65
A4: 45657 | B4: 2024 den devir PERİ BORÇLU | F4: 257330
F5: =F4 -> 257330
A6: 45667 | B6: 4 ad çeyrek *5000 | D6: 20000 | F6: =F5+D6-E6 -> 277330
A7: 45672 | B7: bankadan havale | E7: 25000 | F7: =F6+D7-E7 -> 252330
A8: 45672 | B8: Taksit 6/12 - 36500 peri havale | E8: 31000 | F8: =F7+D8-E8 -> 221330
A9: 45709 | B9: peri havale | E9: 26000 | F9: =F8+D9-E9 -> 195330
A10: 45741 | B10: peri havale | E10: 36000 | F10: =F9+D10-E10 -> 159330
A11: 45762 | B11: Taksit 9/12 - 36500 | E11: 36500 | F11: =F10+D11-E11 -> 122830
A12: 45792 | B12: Taksit 10/12 - 36500 | E12: 35000 | F12: =F11+D12-E12 -> 87830
A13: 45823 | B13: Taksit 11/12 - 36500 | E13: 25000 | F13: =F12+D13-E13 -> 62830
A14: 45728 | B14: audi buji örkç | D14: 1400 | F14: =F13+D14-E14 -> 64230
A15: 45728 | B15: audi buji 1800 bobin 650 antfrz 600 işç "1000 | D15: 4150 | F15: =F14+D15-E15 -> 68380
A16: 45728 | B16: elektrikçi adnan işçilik iş havale | D16: 1500 | F16: =F15+D16-E16 -> 69880
A17: 45739 | B17: toyota benz sivas peri | D17: 1200 | F17: =F16+D17-E17 -> 71080
A18: 45733 | B18: audi yağ hava-yağ filt | D18: 1400 | F18: =F17+D18-E18 -> 72480
B19: akü 6*625 | D19: 3750 | F19: =F18+D19-E19 -> 76230
A20: 45772 | B20: klima | D20: 700 | F20: =F19+D20-E20 -> 76930
A21: 45772 | B21: silecek | D21: 700 | F21: =F20+D21-E21 -> 77630
A22: 45772 | B22: antifiriz vs | D22: 1200 | F22: =F21+D22-E22 -> 78830
A23: 45772 | B23: klima | D23: 700 | F23: =F22+D23-E23 -> 79530
A24: 45772 | B24: silecek | D24: 700 | F24: =F23+D24-E24 -> 80230
A25: 45772 | B25: antifiriz vs | D25: 1200 | F25: =F24+D25-E25 -> 81430
A26: 45829 | B26: fren disk ön 4000 trw | D26: 6500 | F26: =F25+D26-E26 -> 87930
A27: 45829 | B27: fren balata ön arka 800 trw | F27: =F26+D27-E27 -> 87930
A28: 45829 | B28: fren disk arka torna 1200 TL trw | F28: =F27+D28-E28 -> 87930
A29: 45829 | B29: sağ rotil febi | F29: =F28+D29-E29 -> 87930
A30: 45853 | B30: Taksit 12/12 - 36500 | E30: 36000 | F30: =F29+D30-E30 -> 51930
A31: 45884 | E31: 26000 | F31: =F30+D31-E31 -> 25930
A32: 45890 | E32: 11000 | F32: =F31+D32-E32 -> 14930
B33: KALAN BAKİYE | F33: =F32+D33-E33 -> 14930
F34: =F33+D34-E34 -> 14930
A35: 45733 | B35: audi turbo soğ radyt örkç | D35: 2500 | F35: =F34+D35-E35 -> 17430
A36: 45740 | B36: audi zincir iş havale | D36: 8500 | F36: =F35+D36-E36 -> 25930
A37: 45740 | B37: audi motor iş havale | D37: 90000 | F37: =F36+D37-E37 -> 115930
A38: 45743 | B38: motor nakliye volkan çetiner | D38: 1600 | F38: =F37+D38-E38 -> 117530
A39: 45829 | B39: motor-fren işçilik | D39: 30000 | F39: =F38+D39-E39 -> 147530
A40: 45761 | B40: motor kulakları yağ çubuğu kk | D40: 4500 | F40: =F39+D40-E40 -> 152030
A42: 45902 | B42: hesabı pervine attım | D42: altın gr | E42: 3500 | F42: =F40/E42 -> 43.437143
B43: 152000 i param yok ben ödemem dedi
B44: tamam dedim
A45: 46022 | D45: altın gr | E45: 6000 | F45: =F42*E45 -> 260622.86
B47: ,
A48: 45534 | B48: 36500/2626 TLgr=166,10-13,90=152,20 | C48: =36500/2626 -> 13.899467 | D48: gr
A49: 45565 | B49: 36000/2801 TLgr=152,2-12,85=139,35 | C49: =36000/2801 -> 12.852553 | D49: gr
A50: 45595 | B50: 36000/2905 TLgr=139,35-12,39=126,95 | C50: =36000/2905 -> 12.392427 | D50: gr
A51: 45626 | B51: 35800/2898 TLgr=126,96-12,35=114,60 | C51: =35800/2898 -> 12.353347 | D51: gr
A52: 45641 | B52: 38000/2970 TLgr=114,60-12,79=101,81 | C52: =38000/2970 -> 12.794613 | D52: gr
B53: 35800/2898 TLgr=101,81-12,35=89,45 | C53: =35800/2898 -> 12.353347 | D53: gr
A54: 45672 | B54: 36000/3045 TLgr=89,45-11,82=77,83 | C54: =36000/3045 -> 11.82266 | D54: gr
A55: 45709 | B55: 26000/3413 TLgr=77,83-7,62= 70,01 | C55: =26000/3413 -> 7.6179314 | D55: gr
A56: 45741 | B56: 36000/3650 TLgr=70,01-9,86= 60,15 | C56: =36000/3650 -> 9.8630137 | D56: gr
A57: 45762 | B57: 36500/3950 TLgr=60,15-9,24 = 50,91 | C57: =36000/3650 -> 9.8630137 | D57: gr
A58: 45804 | B58: 35000/4150 TLgr=50,91 - 8,43 = 427,47 | C58: =35000/4150 -> 8.4337349 | D58: gr
A59: 45823 | B59: 36500/4250 TLgr=42,47 - 8,59 = 33,89 | C59: =36500/4250 -> 8.5882353
A60: 45853 | B60: 36000/4300 TLgr=33,89 - 8,37 = 25,51 | C60: =25000/4300 -> 5.8139535
A61: 45890 | B61: 36000/4300 TLgr=25,51 - 8,37 = 17,14 | C61: =25000/4300 -> 5.8139535
A63: 45902 | B63: gram altın darphane altın.s1 | C63: 17.14 | D63: 5100
D64: =D63*C63 -> 87414 | E64: yaseminin arabada pervine verdiğim altın değer kaybı
C66: ÖDEME | D66: xau TL/gr | E66: ödeme/gr | F66: Tplm gr
C67: 438000 | D67: -2637 | F67: =C67/D67 -> -166.09784
A68: 45534 | C68: 36500 | D68: 2626 | E68: =C68/D68 -> 13.899467 | F68: =F67+E68 -> -152.19837
A69: 45565 | C69: 36000 | D69: 2801 | E69: =C69/D69 -> 12.852553 | F69: =F68+E69 -> -139.34582
A70: 45595 | C70: 36000 | D70: 2905 | E70: =C70/D70 -> 12.392427 | F70: =F69+E70 -> -126.95339
A71: 45626 | C71: 35800 | D71: 2898 | E71: =C71/D71 -> 12.353347 | F71: =F70+E71 -> -114.60004
A72: 45641 | C72: 38000 | D72: 2970 | E72: =C72/D72 -> 12.794613 | F72: =F71+E72 -> -101.80543
C73: 35800 | D73: 2898 | E73: =C73/D73 -> 12.353347 | F73: =F72+E73 -> -89.452085
A74: 45672 | C74: 36000 | D74: 3045 | E74: =C74/D74 -> 11.82266 | F74: =F73+E74 -> -77.629425
A75: 45709 | C75: 26000 | D75: 3413 | E75: =C75/D75 -> 7.6179314 | F75: =F74+E75 -> -70.011493
A76: 45741 | C76: 36000 | D76: 3650 | E76: =C76/D76 -> 9.8630137 | F76: =F75+E76 -> -60.14848
A77: 45762 | C77: 36500 | D77: 3950 | E77: =C77/D77 -> 9.2405063 | F77: =F76+E77 -> -50.907973
A78: 45804 | C78: 35000 | D78: 4150 | E78: =C78/D78 -> 8.4337349 | F78: =F77+E78 -> -42.474239
A79: 45823 | C79: 36500 | D79: 4250 | E79: =C79/D79 -> 8.5882353 | F79: =F78+E79 -> -33.886003
A80: 45853 | C80: 36000 | D80: 4300 | E80: =C80/D80 -> 8.372093 | F80: =F79+E80 -> -25.51391
A81: 45890 | C81: 36000 | D81: 4300 | E81: =C81/D81 -> 8.372093 | F81: =F80+E81 -> -17.141817
A83: 45902 | B83: altın.s1 | D83: 5100 | F83: =F81*D83 -> -87423.268
A84: 46022 | B84: altın.s1 | D84: 10000
A85: 46022 | B85: altın gr | D85: 6000
B88: 438 000 için bozulan altın | C88: =D88/E88 -> 166.09784 | D88: 438000 | E88: 2637
B89: bozulan altının değeri | C89: 166.1 | D89: =E89*C89 -> 863720 | E89: 5200
B90: altın farkı | D90: =D89-D88 -> 425720

Sheet 12_25
F1: GİRİŞ | G1: ÇIKIŞ | H1: BAKİYE
A2: - ARALIK 2025 | C2: TOPLAM | D2: =SUM(D4:D31) -> 17494.51 | E2: =SUM(E4:E31) -> -76440.48 | F2: =SUM(F4:F31) -> 373564.53 | G2: =SUM(G4:G31) -> -155436.73 | H2: =F2+G2 -> 218127.8
H4: =H3+F4+G4 -> 0
A5: 45992 | B5: Elektrik 5847500300 Kümbet D09 | E5: -600 | G5: -550 | H5: =H4+F5+G5 -> -550
A6: 45992 | B6: Elektrik 8222520300 Kümbet D10 | E6: -800 | G6: -865 | H6: =H5+F6+G6 -> -1415
B7: KK 4876 İşbank | E7: =E37 -> -57440.48 | G7: =E7 -> -57440.48 | H7: =H6+F7+G7 -> -58855.48
B8: KK 4876 İşbank euro | G8: -34674.75 | H8: =H7+F8+G8 -> -93530.23
B9: KK 5165 Denizbank | E9: =E130 -> 0 | G9: =E9 -> 0 | H9: =H8+F9+G9 -> -93530.23
H10: =H9+F10+G10 -> -93530.23
A11: 45996 | B11: SanCD Ali Demirel Kira | F11: 301000 | H11: =H10+F11+G11 -> 207469.77
B12: Elektrik 9522138254 Sanayi | E12: 0 | H12: =H11+F12+G12 -> 207469.77
B13: Doğalgaz 800004222954 Kümbet D10 | E13: -1000 | G13: -2345 | H13: =H12+F13+G13 -> 205124.77
B14: Doğalgaz 800004222959 Kümbet D09 | E14: -200 | G14: -50 | H14: =H13+F14+G14 -> 205074.77
H15: =H14+F15+G15 -> 205074.77
B16: maaş | D16: 17494.51 | F16: 17564.53 | H16: =H15+F16+G16 -> 222639.3
B17: umut | G17: -21000 | H17: =H16+F17+G17 -> 201639.3
A18: 46019 | B18: umut | E18: -7500 | G18: -9000 | H18: =H17+F18+G18 -> 192639.3
B19: Genel Masraf | E19: -7500 | G19: -7500 | H19: =H18+F19+G19 -> 185139.3
A20: 45996 | B20: yaseminden | F20: 55000
A21: 45999 | B21: yasemine | G21: -20000
H22: =H19+F22+G22 -> 185139.3
A23: 46020 | B23: Elektrik 5847500300 Kümbet D09 | E23: -600 | G23: -735 | H23: =H22+F23+G23 -> 184404.3
A24: 46020 | B24: Elektrik 8222520300 Kümbet D10 | E24: -800 | G24: -415 | H24: =H23+F24+G24 -> 183989.3
A25: 46006 | B25: BAHÇE | G25: -80 | H25: =H24+F25+G25 -> 183909.3
A26: 46014 | B26: 2249 + yurtdışı 3 gb | G26: -781.5 | H26: =H25+F26+G26 -> 183127.8
H27: =H26+F27+G27 -> 183127.8
H28: =H27+F28+G28 -> 183127.8
H29: =H28+F29+G29 -> 183127.8
B37: İşbank 4876 KK | E37: =SUM(E38:E83) -> -57440.48 | F37: 57440.48
A39: 45817 | B39: atasun yasemin güneş gzlğü | D39: 6 -6 | E39: -406.65
A40: 45880 | B40: ajet ist | C40: 5126 | D40: 4 -6 | E40: -854.33
A41: 45880 | B41: euroka tcross sigorta | C41: 16598.9 | D41: 4 -9 | E41: -1844.32
B42: ajet ist | C42: 2307 | D42: 3 -6 | E42: -384.5
A46: 45956 | B46: CVZLİ | E46: -130
B47: mrkt | E47: -83.26
B48: pide | E48: -270
A49: 45959 | B49: et | E49: -800
B50: bnzn | E50: -1000
B51: mrkt | E51: -24.95
B52: mrkt | E52: -149.95
A53: 45965 | D53: 21799.29
A54: 45966 | B54: tyrtdışı sigorta belçika | E54: -678.06
B55: mrkt | E55: -90
B56: mrkt | E56: -105
B57: tvk dnr | E57: -140
B58: mly | E58: -1883.1
B59: mly | E59: -1883.1
B60: mly | E60: -1420
B61: mly | E61: -1420
B62: toyta | E62: -2600.4
B63: foto utku | E63: -300
B64: serdal ipek | E64: -150
B65: et | E65: -370
B66: sny pide | E66: -440
... B72: cvzli | E72: -500
A73: 45978 | B73: bnzn tokat t-cross belçika | E73: -2200
B74: mrkt | E74: -122.75
B75: kyusuf | E75: -573
B76: çitlekçi | E76: -472.89
B77: bnzn tcross | E77: -1660
A78: 45978 | B78: bolu ymk | E78: -905
B79: belbim | E79: -50
B80: belbim | E80: -50
A81: 45980 | B81: yurtdışı çıkış harcı | E81: -1000
A82: 45984 | B82: belbim | E82: -50
A83: 45986 | B83: mrkt | E83: -164.5
E84: HESAP KESİM
C87: € | D87: BELÇİKA | E87: =SUM(E88:E111) -> -681.92
A88: 45979 | B88: EURAİL | E88: -240
A89: 45980 | B89: mrkt | E89: -1.98
A90: 45981 | B90: bruxell | E90: -7.9
A91: 45981 | B91: amsterdam | E91: -3
B92: lo stivale | E92: -25.5
E93: -2.25
B94: ovpay.nl | E94: -3.03
A95: 45982 | B95: uma concepts | E95: -11
B96: albert heijn | E96: -24.43
B97: ccv*ghm | E97: -10
A98: 45982 | B98: park hotel brugge | E98: -8
E99: -12.3
A100: 45983 | B100: ovpay.nl | E100: -1.37
B101: de knotwilg | E101: -20
B102: de knotwilg | E102: -30
B103: MOTOLİnK BRUGGE | E103: -138.23
B104: opus latino | E104: -18.9
A105: 45983 | B105: kilit bsklt brugge | E105: -13.5
A106: 45984 | B106: bruxel | E106: -2.3
E107: -3
B108: boulengerie | E108: -21.8
E109: -4
B110: leonidas | E110: -74.83
E111: -4.6
E112: HESAP KESİM
A115: 45880 | B115: ajet ist | C115: 5126 | D115: 5 -6 | E115: -854.33
A116: 45880 | B116: euroka tcross sigorta | C116: 16598.9 | D116: 5 -9 | E116: -1844.32
A118: 45880 | B118: ajet ist | C118: 5126 | D118: 6 -6 | E118: -854.33
A119: 45880 | B119: euroka tcross sigorta | C119: 16598.9 | D119: 6 -9 | E119: -1844.32
A121: 45880 | B121: euroka tcross sigorta | C121: 16598.9 | D121: 7 -9 | E121: -1844.32
A122: 45880 | B122: euroka tcross sigorta | C122: 16598.9 | D122: 8 -9 | E122: -1844.32
A123: 45880 | B123: euroka tcross sigorta | C123: 16598.9 | D123: 9 -9 | E123: -1844.32
...

Sheet 11_25
F1: GİRİŞ | G1: ÇIKIŞ | I1: BAKİYE
A2: - KASIM 2025 | C2: TOPLAM | D2: =SUM(D4:D16) -> 17494.51 | E2: =SUM(E4:E16) -> -73331.92 | F2: =SUM(F4:F16) -> 17564.53 | G2: =SUM(G4:G16) -> -20914.86 | I2: =F2+G2 -> -20914.86
I4: =I3+F4+G4 -> 0
I5: =I4+F5+G5 -> 0
A6: 45964 | B6: emrullah özer salih ant-sameturgut masraf | G6: -10000 | I6: =I5+F6+G6 -> -10000
A7: 45965 | B7: KK 4876 İşbank | E7: =E19 -> -21799.29 | G7: =E7 -> -21799.29 | I7: =I6+F7+G7 -> -31799.29
B8: KK 5165 Denizbank | E8: =E69 -> 0 | G8: =E8 -> 0 | I8: =I7+F8+G8 -> -31799.29
B9: Elektrik 9522138254 Sanayi | E9: 0 | I9: =I8+F9+G9 -> -31799.29
B10: Doğalgaz 800004222954 Kümbet D10 | E10: -1000 | G10: -1195 | I10: =I9+F10+G10 -> -31799.29
B11: Doğalgaz 800004222959 Kümbet D09 | E11: -200 | G11: -45 | I11: =I10+F11+G11 -> -31799.29
B12: maaş | D12: 17494.51 | F12: 17564.53 | I12: =I11+F12+G12 -> -31799.29
B13: umut | E13: -7500 | G13: -9000 | I13: =I12+F13+G13 -> -31799.29
B14: Genel Masraf | E14: -7500 | I14: =I13+F14+G14 -> -31799.29
I15: =I14+F15+G15 -> -31799.29
B19: İşbank 4876 KK | E19: =SUM(E20:E66) -> -21799.29
A21: 45817 | B21: atasun yasemin güneş gzlğü | D21: 5 -6 | E21: -406.67
A22: 45790 | B22: koton | C22: 1407.46 | D22: 6 - 6 | E22: -234.56
A23: 45880 | B23: ajet ist | C23: 5126 | D23: 3 -6 | E23: -854.33
A24: 45880 | B24: euroka tcross sigorta | C24: 16598.9 | D24: 3 -9 | E24: -1844.32
A25: 45901 | B25: AJET İSTANBUL | C25: 2307 | D25: 2 -6 | E25: -384.5
A27: 45925 | B27: et dnr | E27: -250
B28: isot | E28: -250
B29: amazon modem | E29: -2521.03
A30: 45926 | B30: çklkl pide | E30: -165
B31: mrkt | E31: -80
B32: mrkt | E32: -52
B33: tvk dnr | E33: -135
B34: pide fab | E34: -520
B35: unal başpınar | E35: -100
B36: tvk dnr | E36: -130
A37: 45931 | B37: audi muayene | E37: -2869.34
B38: tvk dnr | E38: -90
B39: işkmb | E39: -120
B40: çklkl pide | E40: -165
B41: mrkt | E41: -162.5
B42: mrkt | E42: -80
B43: mrkt | E43: -590.26
B44: et dnr | E44: -250
B45: audi benzin | E45: -500
A46: 45936 | B46: ödeme | D46: 29005.36
B47: ırmak pide | E47: -1390
B48: peynir | E48: -375
B49: tvk dnr | E49: -90
B50: audi benzin | E50: -1000
B51: bahçe benzin | E51: -350
B52: mrkt | E52: -138.4
B53: pide fab çklk | E53: -216.95
B54: transit arka lamba | E54: -450
B55: kıbrıs pastırma | E55: -1900
B56: yağlı | E56: -200
B57: et | E57: -570
B58: audi benzin | E58: -1000
... B65: mrkt | E65: -62
E66: HESAP KESİM
B69: Denizbank 5165 kk | E69: =SUM(E64:E82) -> 0
E77: HESAP KESİM
A84: ARALIK 2025 e | B84: Devir | C84: 2025 | G84: =SUM(G88:G109) -> 496797.88
E86: alış Tutar
A88: 45929 | B88: İş 1626748 | G88: 21812.77
I90: Kr/Zrr
A91: 45659 | B91: iş ytrm ALTIN.S1 30,86 | C91: 2400 | D91: 30.86 | E91: =D91*C91 -> 74064 | F91: 67.61 | G91: =F91*C91 -> 162264 | I91: =G91-E91 -> 88200 | J91: =SUM(G91:G91) -> 162264
A92: 45659 | B92: iş ytrm ALTIN.S1 30,86 | C92: 1100 | D92: 30.86 | E92: =D92*C92 -> 33946 | F92: 67.61 | G92: =F92*C92 -> 74371 | I92: =G92-E92 -> 40425 | J92: =SUM(G92:G92) -> 74371
E93: =SUM(E91:E92) -> 108010 | I93: =SUM(I91:I92) -> 128625 | J93: =(SUM(G91:G92))-(SUM(E91:E92)) -> 128625 | K93: =SUM(G91:G92) -> 236635
A95: 45345 | B95: iş ytrm 382789 TTE | C95: 35000 | D95: 1.064435 | E95: =D95*C95 -> 37255.225 | F95: 1.049566 | G95: =F95*C95 -> 36734.81 | I95: =G95-E95 -> -520.415
A97: 45400 | B97: iş ytrm 382789 RGYAS | C97: 10 | D97: 135 | E97: =D97*C97 -> 1350 | F97: 148 | G97: =F97*C97 -> 1480 | I97: =G97-E97 -> 130
A98: 45418 | B98: iş ytrm 382789 KOTON | C98: 38 | D98: 30.5 | E98: =D98*C98 -> 1159 | F98: 17.73 | G98: =F98*C98 -> 673.74 | I98: =G98-E98 -> -485.26
A99: 45418 | B99: iş ytrm 382789 LILAK | C99: 26 | D99: 37.115 | E99: =D99*C99 -> 964.99 | F99: 30.06 | G99: =F99*C99 -> 781.56 | I99: =G99-E99 -> -183.43 | J99: =SUM(G95:G99) -> 39670.11
E100: =SUM(E95:E99) -> 40729.215 | I100: =K100-E100 -> -1059.105 | J100: =(SUM(G95:G99))-(SUM(E95:E99)) -> -1059.105 | K100: =SUM(G95:G99) -> 39670.11
A102: 45509 | B102: gau forex -v %2 3816 * 2 / 100 = 76=> 91 | C102: 1 | D102: 2500 | E102: =D102*C102 -> 2500 | F102: 5300 | G102: =C102*F102 -> 5300 | I102: =G102-E102 -> 2800
A103: 45509 | B103: xau çeyrek | C103: 16 | D103: 4100 | E103: =D103*C103 -> 65600 | F103: =F102*1.73 -> 9169 | G103: =C103*F103 -> 146704 | I103: =G103-E103 -> 81104
A104: 45509 | B104: xau tam | C104: 1 | D104: 16200 | E104: =D104*C104 -> 16200 | F104: =F103*4 -> 36676 | G104: =C104*F104 -> 36676 | I104: =G104-E104 -> 20476 | J104: =SUM(G102:G104) -> 188680
E105: =SUM(E102:E104) -> 84300 | J105: =(SUM(G102:G104))-(SUM(E102:E104)) -> 104380 | K105: =SUM(G99:G104) -> 189461.56
B106: USD iş alış 35,4713 | C106: 33.2506
B107: eur iş alış 39,3164 | C107: 36.855
B108: kasa nakit | G108: 0
B109: nakit | G109: 10000
G110: TOPLAM YATIRIM SONUCU | I110: =J105+J100+J93 -> 231945.89
D112: Ay sonu BAKİYE | G112: =SUM(G88:G109) -> 496797.88
C113: =A84 -> ARALIK 2025 e | D113: Bakiye
B115: YATIRIM SATIŞI SONUCU
E121: =SUM(E116:E120) -> 0 | G121: =SUM(G116:G120) -> 0 | I121: =SUM(I116:I120) -> 0
F122: Toplam | I122: =I121+'10_25'!H116 -> 110326.59
A125: NAZAN ÖZKAN 2024-2025 ÖDEMELER
B126: =1-76.4616% -> 0.235384 | C126: 0.764616
B127: Nazan 2024 ve 2025 (sadece salih ant 290,000 TL) hesabı için,
B128: ali demirel ve salih ant mahkeme sürecinde iade olabileceği için
B129: 872 TL den 240 adet iş 801 fon aldım
B130: nisan 2025 den itibaren her ay 20 adet fon starak nazana gönderilecek
D131: 238 | E131: 872.26 | J131: =E131*D131 -> 207597.88
C132: iş 801 fon | D132: kalan fon | E132: 801 alış | F132: 138749.76 | G132: 801 satış | I132: BAKİYE
A133: 45667 | B133: nazan 2024- 139000 23,5384% | C133: 160 | D133: =C133 -> 160 | E133: 872.26 | F133: =E133*D133 -> 139561.6 | G133: 962.89331 | I133: =E133*C133 -> 139561.6 | J133: =J132+I133 -> 139561.6
A134: 45667 | B134: sny b 290 dan 2025- 68000 23,5384% | C134: 78 | D134: =D133+C134 -> 238 | E134: 872.26 | F134: =E134*D134 -> 207597.88 | G134: =G138 -> 962.89331 | I134: =E134*C134 -> 68036.28 | J134: =J133+I134 -> 207597.88
A135: 45755 | B135: stopaj | H135: -190.32 | J135: =J134+H135 -> 207407.56
A136: 45755 | B136: saklama ücreti | H136: -200 | J136: =J135+H136 -> 207207.56
A137: 45755 | B137: BSMV | H137: -10 | J137: =J136+H137 -> 207197.56
A138: 45755 | B138: nzn satış ve havale 20 adet 1/12 | C138: -21 | D138: =D134+C138 -> 217 | F138: =E138*D138 -> 0 | G138: =G133 -> 962.89331 | I138: =G138*C138 -> -20220.759 | J138: =J137+I138 -> 186976.8
B139: komisyon iş 801 | D139: =D138+C139 -> 217 | F139: =E139*D139 -> 0 | G139: =G134 -> 962.89331 | H139: -190.32 | J139: =J138+H139 -> 186786.48
A140: 45786 | B140: nzn satış ve havale 20 adet 2/12 | C140: -20 | D140: =D139+C140 -> 197 | F140: =E140*D140 -> 0 | G140: 1000.86 | I140: =G140*C140 -> -20017.2 | J140: =J139+I140 -> 166769.28
B141: komisyon iş 801 | D141: =D140+C141 -> 197 | F141: =E141*D141 -> 0 | G141: 1000.86 | H141: -257.18 | J141: =J140+H141 -> 166512.1
A142: 45818 | B142: nzn satış ve havale 20 adet 3/12 | C142: -20 | D142: =D141+C142 -> 177 | F142: =E142*D142 -> 0 | G142: 1043.4577 | I142: =G142*C142 -> -20869.153 | J142: =J141+I142 -> 145642.95
...

Sheet 10_25
F1: GİRİŞ | G1: ÇIKIŞ | H1: BAKİYE
A2: - EKİM 2025 | C2: TOPLAM | D2: =SUM(D4:D27) -> 17494.51 | E2: =SUM(E4:E27) -> -54105.36 | F2: =SUM(F4:F27) -> 17564.53 | G2: =SUM(G4:G27) -> -54899.36 | H2: =F2+G2 -> -37334.83
H4: =H3+F4+G4 -> 0
H5: =H4+F5+G5 -> 0
H6: =H5+F6+G6 -> 0
A7: 45934 | B7: işbank ytrm hesabı saklama | G7: -157.5 | H7: =H6+F7+G7 -> -157.5
H8: =H7+F8+G8 -> -157.5
A9: 45936 | B9: KK 4876 İşbank | E9: =E30 -> -29005.36 | G9: =E9 -> -29005.36 | H9: =H8+F9+G9 -> -29162.86
B10: KK 5165 Denizbank | E10: =E71 -> 0 | G10: =E10 -> 0 | H10: =H9+F10+G10 -> -29162.86
A11: 45943 | G11: -130 | H11: =H10+F11+G11 -> -29292.86
A12: 45944 | B12: av emrullah - salih ant Adli Tıp K. İmza | G12: -5750 | H12: =H11+F12+G12 -> -35042.86
A13: 45947 | B13: Doğalgaz 800004222954 Kümbet D10 | E13: -1000 | G13: -245 | H13: =H12+F13+G13 -> -35287.86
A14: 45947 | B14: Doğalgaz 800004222959 Kümbet D09 | E14: -200 | G14: -60 | H14: =H13+F14+G14 -> -35347.86
H15: =H14+F15+G15 -> -35347.86
B16: maaş | D16: 17494.51 | F16: 17564.53 | H16: =H15+F16+G16 -> -17783.33
B17: yasemin | E17: -7500 | H17: =H16+F17+G17 -> -17783.33
B18: umut | E18: -7500 | G18: -9000 | H18: =H17+F18+G18 -> -26783.33
B19: Genel Masraf | E19: -7500 | G19: -9000 | H19: =H18+F19+G19 -> -35783.33
A20: 45952 | B20: tcell 2240 | G20: -281.5 | H20: =H19+F20+G20 -> -36064.83
A21: 45957 | B21: Elektrik 5847500300 Kümbet D09 | E21: -600 | G21: -515 | H21: =H20+F21+G21 -> -36579.83
A22: 45957 | B22: Elektrik 8222520300 Kümbet D10 | E22: -800 | G22: -755 | H22: =H21+F22+G22 -> -37334.83
H23: =H22+F23+G23 -> -37334.83
H24: =H23+F24+G24 -> -37334.83
B25: TUSDATA 2025 30/30 8845 - 8845 = 0 | H25: =H24+F25+G25 -> -37334.83
H26: =H25+F26+G26 -> -37334.83
H27: =H26+F27+G27 -> -37334.83
B30: İşbank 4876 KK | E30: =SUM(E32:E70) -> -29005.36
A32: 45817 | B32: atasun yasemin güneş gzlğü | D32: 4 -6 | E32: -406.67 | F32: 0
A33: 45790 | B33: koton | C33: 1407.46 | D33: 5 - 6 | E33: -234.58 | F33: 0
A34: 45880 | B34: ajet ist | C34: 5126 | D34: 2 -6 | E34: -854.33 | F34: 0
A35: 45880 | B35: euroka tcross sigorta | C35: 16598.9 | D35: 2 -9 | E35: -1844.32 | F35: 0
A36: 45901 | B36: AJET İSTANBUL | C36: 2307 | D36: 1 -6 | E36: -384.5 | F36: 0
A40: 45894 | B40: bahçe sulama | E40: -900
A41: 45895 | E41: -100
A42: 45895 | B42: PİDE | E42: -140
B43: MRKT | E43: -117.5
B44: DÖNER | E44: -250
A45: 45898 | B45: İDSOT BAHÇE ÇMNTO 110 DMR BĞLM 50 | E45: -160
A46: 45901 | B46: SİVAS KÖFTE YSMN TAYİN | E46: -775
A47: 45902 | B47: MRKT | E47: -481.18
D48: 47204.14
E49: -887.68
B50: benzin | E50: -500
B51: pide çklkl 2 ad | E51: -140
B52: yoğurtmaç | E52: -80
B53: mrkt | E53: -217.4
B54: su 2 ad | E54: -240
B55: yasemin botoks kurs | E55: -13000
B56: benzin tcross istanbul a veda | E56: -2100
A57: 45920 | B57: çkrdk | E57: -328.57
B58: bolu hanzade 2 kişi | E58: -1500
B59: benzin tcross istanbul a veda | E59: -2045.13
A60: 45921 | B60: çörk | E60: -115
B61: mrkt | E61: -63.5
B62: slknlu mat GL | E62: -540
A63: 45922 | B63: dnr | E63: -600
E64: HESAP KESİM
B71: Denizbank 5165 kk | E71: =SUM(E72:E78) -> 0
E73: HESAP KESİM
A80: KASIM 2025 e | B80: Devir | C80: 2025 | G80: =SUM(G84:G105) -> 505732
E82: alış Tutar
A84: 45929 | B84: İş 1626748 | G84: 50147
H86: Kr/Zrr
A87: 45659 | B87: iş ytrm ALTIN.S1 30,86 | C87: 2400 | D87: 30.86 | E87: =D87*C87 -> 74064 | F87: 64 | G87: =F87*C87 -> 153600 | H87: =G87-E87 -> 79536 | I87: =SUM(G87:G87) -> 153600
A88: 45659 | B88: iş ytrm ALTIN.S1 30,86 | C88: 1100 | D88: 30.86 | E88: =D88*C88 -> 33946 | F88: 64 | G88: =F88*C88 -> 70400 | H88: =G88-E88 -> 36454 | I88: =SUM(G88:G88) -> 70400
E89: =SUM(E87:E88) -> 108010 | H89: =SUM(H87:H88) -> 115990 | I89: =(SUM(G87:G88))-(SUM(E87:E88)) -> 115990 | J89: =SUM(G87:G88) -> 224000
A91: 45345 | B91: iş ytrm 382789 TTE | C91: 35000 | D91: 1.064435 | E91: =D91*C91 -> 37255.225 | F91: 1.057 | G91: =F91*C91 -> 36995 | H91: =G91-E91 -> -260.225
A93: 45400 | B93: iş ytrm 382789 RGYAS | C93: 10 | D93: 135 | E93: =D93*C93 -> 1350 | F93: 149 | G93: =F93*C93 -> 1490 | H93: =G93-E93 -> 140
A94: 45418 | B94: iş ytrm 382789 KOTON | C94: 38 | D94: 30.5 | E94: =D94*C94 -> 1159 | F94: 20 | G94: =F94*C94 -> 760 | H94: =G94-E94 -> -399
A95: 45418 | B95: iş ytrm 382789 LILAK | C95: 26 | D95: 37.115 | E95: =D95*C95 -> 964.99 | F95: 30 | G95: =F95*C95 -> 780 | H95: =G95-E95 -> -184.99 | I95: =SUM(G91:G95) -> 40025
E96: =SUM(E91:E95) -> 40729.215 | H96: =J96-E96 -> -704.215 | I96: =(SUM(G91:G95))-(SUM(E91:E95)) -> -704.215 | J96: =SUM(G91:G95) -> 40025
A98: 45509 | B98: gau forex -v %2 3816 * 2 / 100 = 76=> 91 | C98: 1 | D98: 2500 | E98: =D98*C98 -> 2500 | F98: 5100 | G98: =C98*F98 -> 5100 | H98: =G98-E98 -> 2600
A99: 45509 | B99: xau çeyrek | C99: 16 | D99: 4100 | E99: =D99*C99 -> 65600 | F99: =F98*1.73 -> 8823 | G99: =C99*F99 -> 141168 | H99: =G99-E99 -> 75568
A100: 45509 | B100: xau tam | C100: 1 | D100: 16200 | E100: =D100*C100 -> 16200 | F100: =F99*4 -> 35292 | G100: =C100*F100 -> 35292 | H100: =G100-E100 -> 19092 | I100: =SUM(G98:G100) -> 181560
E101: =SUM(E98:E100) -> 84300 | I101: =(SUM(G98:G100))-(SUM(E98:E100)) -> 97260 | J101: =SUM(G95:G100) -> 182340
B102: USD iş alış 35,4713 | C102: 33.2506
B103: eur iş alış 39,3164 | C103: 36.855
B104: kasa nakit | G104: 0
B105: nakit | G105: 10000
G106: TOPLAM YATIRIM SONUCU | H106: =I101+I96+I89 -> 212545.79
D108: Ay sonu BAKİYE | G108: =SUM(G84:G105) -> 505732
C109: =A80 -> KASIM 2025 e | D109: Bakiye
B111: YATIRIM SATIŞI SONUCU
A112: 45873 | B112: kk ve kira için
E115: =SUM(E112:E113) -> 0 | G115: =SUM(G112:G113) -> 0 | H115: =SUM(H112:H113) -> 0
F116: Toplam | H116: =H115+'09_25'!H171 -> 110326.59
A119: NAZAN ÖZKAN 2024-2025 ÖDEMELER
B120: =1-76.4616% -> 0.235384 | C120: 0.764616
B121: Nazan 2024 ve 2025 (sadece salih ant 290,000 TL) hesabı için,
B122: ali demirel ve salih ant mahkeme sürecinde iade olabileceği için
B123: 872 TL den 240 adet iş 801 fon aldım
B124: nisan 2025 den itibaren her ay 20 adet fon starak nazana gönderilecek
D125: 238 | E125: 872.26 | I125: =E125*D125 -> 207597.88
C126: iş 801 fon | D126: kalan fon | E126: 801 alış | F126: 138749.76 | G126: 801 satış | H126: BAKİYE
A127: 45667 | B127: nazan 2024- 139000 23,5384% | C127: 160 | D127: =C127 -> 160 | E127: 872.26 | F127: =E127*D127 -> 139561.6 | G127: 962.89331 | H127: =E127*C127 -> 139561.6 | I127: =I126+H127 -> 139561.6
A128: 45667 | B128: sny b 290 dan 2025- 68000 23,5384% | C128: 78 | D128: =D127+C128 -> 238 | E128: 872.26 | F128: =E128*D128 -> 207597.88 | G128: =G132 -> 962.89331 | H128: =E128*C128 -> 68036.28 | I128: =I127+H128 -> 207597.88
A129: 45755 | B129: stopaj | H129: -190.32 | I129: =I128+H129 -> 207407.56
A130: 45755 | B130: saklama ücreti | H130: -200 | I130: =I129+H130 -> 207207.56
A131: 45755 | B131: BSMV | H131: -10 | I131: =I130+H131 -> 207197.56
A132: 45755 | B132: nzn satış ve havale 20 adet 1/12 | C132: -21 | D132: =D128+C132 -> 217 | F132: =E132*D132 -> 0 | G132: =G127 -> 962.89331 | H132: =G132*C132 -> -20220.759 | I132: =I131+H132 -> 186976.8
...

Sheet 09_25
F1: GİRİŞ | G1: ÇIKIŞ | H1: BAKİYE
A2: - EYLÜL 2025 | C2: TOPLAM | D2: =SUM(D4:D34) -> 17494.51 | E2: =SUM(E4:E34) -> -79785.7 | F2: =SUM(F4:F34) -> 57500 | G2: =SUM(G4:G33) -> -93673.89 | H2: =F2+G2 -> -36173.89
H4: =H3+F4+G4 -> 0
H5: =H4+F5+G5 -> 0
A6: 45905 | B6: vdfn 2240 | G6: -212.75 | H6: =H5+F6+G6 -> -212.75
A7: 45904 | B7: KK 4876 İşbank | E7: =E39 -> -47204.14 | G7: =E7 -> -47204.14 | H7: =H6+F7+G7 -> -47416.89
A8: 45902 | B8: KK 5165 Denizbank | C8: SON ÖDEME | E8: =E122 -> -625 | G8: =E8 -> -625 | H8: =H7+F8+G8 -> -48041.89
H9: =H8+F9+G9 -> -48041.89
B10: Aidat Marmara Royal Site 9/12 | E10: -2117.06 | G10: -2117 | H10: =H9+F10+G10 -> -50158.89
A11: 45920 | B11: Kira Adem Özen 4/12 Mrmr Ryl A Blok 82 aidat İADESİ | F11: 40000 | H11: =H10+F11+G11 -> -10158.89
B12: 2 aylık depozito * 25 000 (son kira bedeli) eylülde 12 gün oturuldu 10 000 TL | H12: =H11+F12+G12 -> -10158.89
A13: 45910 | B13: umut | G13: -10000 | H13: =H12+F13+G13 -> -20158.89
A14: 45911 | B14: yasemin | G14: -5000 | H14: =H13+F14+G14 -> -25158.89
B15: Doğalgaz 800004222954 Kümbet D10 | E15: -1000 | G15: -120 | H15: =H14+F15+G15 -> -25278.89
B16: Doğalgaz 800004222959 Kümbet D09 | E16: -200 | G16: -35 | H16: =H15+F16+G16 -> -25313.89
A17: 45923 | B17: turkcell 2240 | E17: -239.5 | H17: =H16+F17+G17 -> -25313.89
B18: maaş | D18: 17494.51 | F18: 17500 | H18: =H17+F18+G18 -> -7813.89
B19: yasemin | E19: -9000 | G19: -9000 | H19: =H18+F19+G19 -> -16813.89
B20: umut | E20: -9000 | G20: -9000 | H20: =H19+F20+G20 -> -25813.89
B21: Genel Masraf | E21: -9000 | G21: -9000 | H21: =H20+F21+G21 -> -34813.89
H22: =H21+F22+G22 -> -34813.89
H23: =H22+F23+G23 -> -34813.89
H24: =H23+F24+G24 -> -34813.89
A25: 45929 | B25: Elektrik 5847500300 Kümbet D09 | E25: -600 | G25: -540 | H25: =H24+F25+G25 -> -35353.89
A26: 45929 | B26: Elektrik 8222520300 Kümbet D10 | E26: -800 | G26: -820 | H26: =H25+F26+G26 -> -36173.89
H27: =H26+F27+G27 -> -36173.89
H28: =H27+F28+G28 -> -36173.89
B29: TUSDATA 2025 29/30 17690 - 8845 = 8845 | H29: =H28+F29+G29 -> -36173.89
H30: =H29+F30+G30 -> -36173.89
H31: =H30+F31+G31 -> -36173.89
B39: İşbank 4876 KK | E39: =SUM(E41:E114) -> -47204.14
A41: 45811 | B41: kurban kızılay peri nakit ödedi | C41: 5250 | D41: 3 -3 | E41: -1750 | F41: 0
A42: 45811 | B42: kurban kızılay peri nakit ödedi | C42: 5250 | D42: 3 -3 | E42: -1750 | F42: 0
A43: 45811 | B43: kurban kızılay | C43: 5250 | D43: 3 -3 | E43: -1750 | F43: 0
A44: 45811 | B44: kurban mehmetçik vakfı | C44: 14500 | D44: 3 -3 | E44: -4833.33 | F44: 0
A45: 45817 | B45: atasun yasemin güneş gzlğü | D45: 3 -6 | E45: -406.67 | F45: 0
A46: 45790 | B46: koton | C46: 1407.46 | D46: 4 - 6 | E46: -234.58 | F46: 0
A47: 45828 | B47: basbug.com audi fren disk-balata | C47: 6500 | D47: 3 -3 | E47: -2166.66 | F47: 0
A48: 45805 | B48: belediye | C48: 1380 | D48: 3 -3 | E48: -460 | F48: 0
A49: 45805 | B49: belediye | C49: 4373.6 | D49: 3 -3 | E49: -1457.87 | F49: 0
B50: belediye emlak hacı | C50: 0
A51: 45880 | B51: ajet ist | C51: 5126 | D51: 1 -6 | E51: -854.33 | F51: 0
A52: 45880 | B52: euroka tcross sigorta | C52: 16598.9 | D52: 1 -9 | E52: -1844.32 | F52: 0
A56: 45864 | B56: dnr 2 | E56: -500 | F56: 0
A57: 45864 | B57: mrkt | E57: -106.9 | F57: 0
A58: 45867 | B58: dnr su | E58: -260 | F58: 0
A59: 45867 | B59: mrkt | E59: -60.31 | F59: 0
A60: 45868 | B60: mrkt | E60: -51.9 | F60: 0
A61: 45868 | B61: metal kesme doğuş | E61: -140 | F61: 0
B62: alçıpan 210 doğuş | E62: -200 | F62: 0
B63: dnr | E63: -250 | F63: 0
B64: mrkt | E64: -83 | F64: 0
A65: 45869 | B65: işkembe | E65: -180 | F65: 0
B66: mrkt | E66: -524.58 | F66: 0
A67: 45870 | B67: mrkt | E67: -23 | F67: 0
B68: dnr | E68: -250 | F68: 0
A69: 45871 | B69: kftc ysf | E69: -360 | F69: 0
B70: mrkt | E70: -39.95 | F70: 0
B71: mrkt | E71: -191.5 | F71: 0
A72: 45872 | B72: mrkt | E72: -39.95 | F72: 0
B73: kftc ysf | E73: -150 | F73: 0
A74: 45874 | B74: mrkt | E74: -496.05 | F74: 0
A75: 45873 | B75: dnr | E75: -250 | F75: 0
B76: ödeme | C76: 42696.2
A77: 45874 | B77: kftc ysf | E77: -220 | F77: 0
B78: mrkt | E78: -51.9 | F78: 0
B79: mrkt | E79: -45.52 | F79: 0
A80: 45875 | B80: tvk dnr | E80: -120 | F80: 0
B81: dndrm | E81: -200 | F81: 0
B82: mrkt | E82: -534.5 | F82: 0
A83: 45878 | B83: isot | E83: -60 | F83: 0
B84: pide | E84: -155 | F84: 0
A85: 45879 | B85: peynir | E85: -550 | F85: 0
B86: mrkt | E86: -161.76 | F86: 0
A87: 45880 | B87: dnr | E87: -600 | F87: 0
A88: 45880 | B88: euroka tcross sigorta trafik | E88: -13717.46 | F88: 0
A89: 45882 | B89: dnr | E89: -250 | F89: 0
A90: 45883 | B90: topçam tkt-svs istanbul TUS | E90: -400 | F90: 0
A91: 45884 | B91: börek | E91: -300 | F91: 0
A92: 45884 | B92: marmara royal mrkt | E92: -350.9 | F92: 0
B93: mrkt | E93: -174.95 | F93: 0
B94: mrkt | E94: -63.29 | F94: 0
B95: decathlon pant siyah | E95: -890 | F95: 0
B96: mrkt | E96: -235.93 | F96: 0
A97: 45885 | B97: tcross benzin | E97: -1975.3 | F97: 0
B98: viaport jilet | E98: -235.99 | F98: 0
B99: viaport koçtaş duş | E99: -239.8 | F99: 0
B100: mrkt file | E100: -156.5 | F100: 0
A101: 45886 | B101: green salads | E101: -725 | F101: 0
A102: 45888 | B102: metro | E102: -40 | F102: 0
B103: hd iskender | E103: -560 | F103: 0
B104: metro | E104: -40 | F104: 0
B105: benzin vw ikame | E105: -200 | F105: 0
A106: 45889 | B106: metro | E106: -40 | F106: 0
A107: 45889 | B107: şenay dğmgn pike | E107: -811.98 | F107: 0
B108: metro | E108: -40 | F108: 0
A109: 45890 | B109: metro dömüş | E109: -40 | F109: 0
B110: mrkt | E110: -250.92 | F110: 0
A111: 45891 | B111: dnr | E111: -250 | F111: 0
B112: bahçe sulama | E112: -500 | F112: 0
...

Sheet 08_25
F1: GİRİŞ | G1: ÇIKIŞ | H1: BAKİYE
A2: - AĞUSTOS 2025 | C2: TOPLAM | D2: =SUM(D4:D27) -> 17494.51 | E2: =SUM(E4:E27) -> -95750 | F2: =SUM(F4:F27) -> 17564.53 | G2: =SUM(G4:G27) -> -99089.92 | H2: =F2+G2 -> -81525.39
H4: =H3+F4+G4 -> 0
H5: =H4+F5+G5 -> 0
A6: 45873 | B6: KK 4876 İşbank | E6: =E30 -> -42696.2 | G6: =E6 -> -42696.2 | H6: =H5+F6+G6 -> -42696.2
A7: 45873 | B7: KK 5165 Denizbank | E7: =E111 -> -636.74 | G7: =E7 -> -636.74 | H7: =H6+F7+G7 -> -43332.94
H8: =H7+F8+G8 -> -43332.94
A9: 45873 | B9: Aidat Marmara Royal Site 9/12 | E9: -2117.06 | G9: -2116.98 | H9: =H8+F9+G9 -> -45449.92
A10: 45880 | B10: Kira Adem Özen 3/12 Mrmr Ryl A Blok 82 | E10: -25000 | G10: -25000 | H10: =H9+F10+G10 -> -70449.92
B11: Elektrik 9522138254 Sanayi | E11: 0 | H11: =H10+F11+G11 -> -70449.92
H12: =H11+F12+G12 -> -70449.92
A13: 45887 | B13: Doğalgaz 800004222954 Kümbet D10 | E13: -1000 | G13: -140 | H13: =H12+F13+G13 -> -70589.92
A14: 45887 | B14: Doğalgaz 800004222959 Kümbet D09 | E14: -200 | G14: -35 | H14: =H13+F14+G14 -> -70624.92
B15: Doğalgaz Marmara Royal Ablok D:82 | E15: -200 | H15: =H14+F15+G15 -> -70624.92
B16: maaş | D16: 17494.51 | F16: 17564.53 | H16: =H15+F16+G16 -> -53060.39
B17: yasemin | E17: -7500 | G17: -9000 | H17: =H16+F17+G17 -> -62060.39
B18: umut | E18: -7500 | G18: -9000 | H18: =H17+F18+G18 -> -71060.39
B19: Genel Masraf | E19: -7500 | G19: -9000 | H19: =H18+F19+G19 -> -80060.39
A20: 45898 | B20: Elektrik 5847500300 Kümbet D09 | E20: -600 | G20: -540 | H20: =H19+F20+G20 -> -80600.39
A21: 45898 | B21: Elektrik 8222520300 Kümbet D10 | E21: -800 | G21: -925 | H21: =H20+F21+G21 -> -81525.39
B22: Elektrik 8758480300 bahçe | H22: =H21+F22+G22 -> -81525.39
H23: =H22+F23+G23 -> -81525.39
B24: TUSDATA 2025 28/30 26535 - 8845 = 17690 | H24: =H23+F24+G24 -> -81525.39
H25: =H24+F25+G25 -> -81525.39
H26: =H25+F26+G26 -> -81525.39
B30: İşbank 4876 KK | E30: =SUM(E31:E106) -> -42696.2 | F30: 42696.2
A32: 45715 | B32: turknet 12 aylık internet | C32: 5938.68 | D32: 6 - 6 | E32: -989.8
A33: 45811 | B33: kurban kızılay peri nakit ödedi | C33: 5250 | D33: 2 -3 | E33: -1750
A34: 45811 | B34: kurban kızılay peri nakit ödedi | C34: 5250 | D34: 2 -3 | E34: -1750
A35: 45811 | B35: kurban kızılay | C35: 5250 | D35: 2 -3 | E35: -1750
A36: 45811 | B36: kurban mehmetçik vakfı | C36: 14500 | D36: 2 -3 | E36: -4833.33
A37: 45817 | B37: atasun yasemin güneş gzlğü | D37: 2 -6 | E37: -406.67
A38: 45790 | B38: koton | C38: 1407.46 | D38: 3 - 6 | E38: -234.58
A39: 45828 | B39: basbug.com audi fren disk-balata | C39: 6500 | D39: 2 -3 | E39: -2166.67
A40: 45805 | B40: belediye | C40: 1380 | D40: 2 -3 | E40: -460 | F40: 0
A41: 45805 | B41: belediye | C41: 4373.6 | D41: 2 -3 | E41: -1457.87 | F41: 0
B42: belediye emlak hacı | C42: 0
A44: 45833 | B44: isot sny beyaz çadır 8*5 mt | E44: -1000
A45: 45833 | B45: aksoy metal sny aydınlık | E45: -5750
A46: 45835 | B46: koçtaş | E46: -819.8
A47: 45835 | B47: gece döneri | E47: -2580
B48: gece döneri | E48: -930
A49: 45836 | B49: kırıntı ist | E49: -360
B50: eld. Decathlon | E50: -525
B51: burger | E51: -88
B52: çamlıca kule | E52: -200
B53: market | E53: -33
A54: 45837 | B54: börek | E54: -242
B55: frida cafe | E55: -1640
B56: opet | E56: -1000
A57: 45838 | B57: kftc yusuf | E57: -660
A58: 45840 | B58: ışkın | E58: -260
A59: 45841 | B59: kftc yusuf | E59: -280
A60: 45842 | B60: mrcmk | E60: -120
A61: 45842 | B61: mrkt | E61: -133.62
A62: 45843 | B62: tvk dnr | E62: -80
A63: 45844 | B63: kanat | E63: -310
B64: benzin audi | E64: -1000
A65: 45845 | B65: dnr vdt | E65: -260
A66: 45845 | B66: öfeme | C66: 39087.63
A67: 45846 | B67: tvk dnr | E67: -80
A68: 45847 | B68: dnr vdt | E68: -250
B69: mrkt | E69: -15
B70: belediye hmb emlak | E70: -1287.4
B71: mrkt | E71: -34
B72: mrkt | E72: -59.9
A73: 45848 | B73: mrcmk | E73: -120
E74: -225
B75: peynir | E75: -260
A76: 45849 | B76: dnr vdt | E76: -180
A77: 45849 | B77: tvn boyası doğuş marshall tnk | E77: -750
A78: 45849 | B78: mrkt | E78: -165.22
A79: 45850 | B79: dnr vdt | E79: -250
A80: 45851 | B80: kftc ysf | E80: -360
A81: 45852 | B81: dnr vdt | E81: -180
A82: 45853 | B82: dnr vdt | E82: -180
A83: 45853 | B83: mrkt | E83: -11.95
B84: mrkt | E84: -100.6
A85: 45854 | B85: dnr vdt | E85: -250
A86: 45854 | B86: mrkt | E86: -51.47
A87: 45855 | B87: isot alçı | E87: -150
B88: 50*50 profil | E88: -140
B89: mrkt | E89: -29
B90: dnr vdt | E90: -250
B91: mrkt | E91: -90.86
A92: 45856 | B92: dnr vdt | E92: -180
A93: 45857 | B93: mrkt | E93: -46.9
A94: 45857 | B94: isot alçı 140 mrsll yağlı boya kg 300 | E94: -440
B95: dnr vdt | E95: -250
A96: 45858 | B96: tantuni | E96: -220
A97: 45859 | B97: dnr vdt | E97: -250
B98: mrkt | E98: -50.96
A99: 45860 | B99: isot sıva alçısı 2 tr | E99: -280
B100: mrkt | E100: -23
B101: dnr vdt | E101: -180
B102: su bldy | E102: -100
B103: mrkt | E103: -335.7
A104: 45861 | B104: dnr vdt | E104: -260
A105: 45862 | B105: peynir pkmz | E105: -485
A106: 45863 | B106: mrkt | E106: -53.9
...

Sheet 07_25
F1: GİRİŞ | G1: ÇIKIŞ | H1: BAKİYE
A2: - TEMMUZ 2025 | C2: TOPLAM | D2: =SUM(D4:D26) -> 15000 | E2: =SUM(E4:E26) -> -93124.89 | F2: =SUM(F4:F26) -> 17494.51 | G2: =SUM(G4:G26) -> -127505.39 | H2: =F2+G2 -> -110010.88
H4: =H3+F4+G4 -> 0
H5: =H4+F5+G5 -> 0
B6: nazan havale | G6: -20000 | H6: =H5+F6+G6 -> -20000
B7: alp bey karne | G7: -1500 | H7: =H6+F7+G7 -> -21500
A8: 45845 | B8: KK 4876 İşbank | E8: =E30 -> -39087.63 | G8: =E8 -> -39087.63 | H8: =H7+F8+G8 -> -60587.63
B9: KK 5165 Denizbank | E9: =E105 -> -1620.2 | G9: -1620.5 | H9: =H8+F9+G9 -> -62208.13
H10: =H9+F10+G10 -> -62208.13
A11: 45846 | B11: Aidat Marmara Royal Site 9/12 | E11: -2117.06 | G11: -2168.51 | H11: =H10+F11+G11 -> -64376.64
A12: 45846 | B12: Kira Adem Özen 2/12 Mrmr Ryl A Blok 82 | E12: -25000 | G12: -25000 | H12: =H11+F12+G12 -> -89376.64 | J12: 67000
B13: Elektrik 9522138254 Sanayi | E13: 0 | H13: =H12+F13+G13 -> -89376.64 | J13: 47
A14: 45855 | B14: Doğalgaz 800004222954 Kümbet D10 | E14: -1000 | G14: -75 | H14: =H13+F14+G14 -> -89451.64
A15: 45855 | B15: Doğalgaz 800004222959 Kümbet D09 | E15: -200 | G15: -50 | H15: =H14+F15+G15 -> -89501.64
B16: Doğalgaz Marmara Royal Ablok D:82 | E16: -200 | H16: =H15+F16+G16 -> -89501.64
B17: maaş | D17: 15000 | F17: 17494.51 | H17: =H16+F17+G17 -> -72007.13
B18: yasemin | E18: -7500 | G18: -9000 | H18: =H17+F18+G18 -> -81007.13
B19: umut | E19: -7500 | G19: -20000 | H19: =H18+F19+G19 -> -101007.13
B20: Genel Masraf | E20: -7500 | G20: -7500 | H20: =H19+F20+G20 -> -108507.13
A21: 45868 | B21: vdfn 2240 | G21: -213.75 | H21: =H20+F21+G21 -> -108720.88
A22: 45869 | B22: Elektrik 5847500300 Kümbet D09 | E22: -600 | G22: -495 | H22: =H21+F22+G22 -> -109215.88
A23: 45869 | B23: Elektrik 8222520300 Kümbet D10 | E23: -800 | G23: -795 | H23: =H22+F23+G23 -> -110010.88
B24: TUSDATA 2025 27/30 35380 - 8845 = 26535 | H24: =H23+F24+G24 -> -110010.88
H25: =H24+F25+G25 -> -110010.88
H26: =H25+F26+G26 -> -110010.88
H27: =H26+F27+G27 -> -110010.88
H28: =H27+F28+G28 -> -110010.88
B30: İşbank 4876 KK | E30: =SUM(E32:E103) -> -39087.63
A32: 45715 | B32: turknet 12 aylık internet | C32: 5938.68 | D32: 5 - 6 | E32: -989.78 | F32: 0
A33: 45811 | B33: kurban kızılay peri nakit ödedi | C33: 5250 | D33: 0 -3 | E33: -1750 | F33: 0
A34: 45811 | B34: kurban kızılay peri nakit ödedi | C34: 5250 | D34: 0 -3 | E34: -1750 | F34: 0
A35: 45811 | B35: kurban kızılay | C35: 5250 | D35: 1 -3 | E35: -1750 | F35: 0
A36: 45811 | B36: kurban mehmetçik vakfı | C36: 14500 | D36: 1 -3 | E36: -4833.33 | F36: 0
A37: 45817 | B37: atasun yasemin güneş gzlğü | D37: 1 -6 | E37: -406.67 | F37: 0
A38: 45790 | B38: koton | C38: 1407.46 | D38: 2 - 6 | E38: -234.58 | F38: 0
A39: 45828 | B39: basbug.com audi fren disk-balata | C39: 6500 | D39: 1 -3 | E39: -2166.67
A40: 45805 | B40: belediye | C40: 1380 | D40: 1 -3 | E40: -460 | F40: 0
A41: 45805 | B41: belediye | C41: 4373.6 | D41: 1 -3 | E41: -1457.87 | F41: 0
B42: belediye emlak hacı | C42: 0
A44: 45802 | B44: tvk dnr | E44: -80
A45: 45802 | B45: dom-bibr fide | E45: -120 | F45: 0
A46: 45802 | B46: çapa benzn | E46: -200 | F46: 0
A47: 45802 | B47: dom-bibr fide | E47: -350 | F47: 0
E48: -250
A49: 45803 | B49: duş spiral | E49: -250 | F49: 0
A50: 45804 | B50: belediye sayaç sanayi | E50: -1380 | F50: 0
A51: 45804 | B51: belediye emlak sanayi | E51: -4373.6 | F51: 0
A52: 45804 | B52: belediye emlak ayşe | E52: -234.3 | F52: 0
A53: 45805 | B53: tvk dnr | E53: -80 | F53: 1
A55: 45805 | B55: et | E55: -575 | F55: 0
A56: 45805 | B56: belediye | C56: taksitlendirme | D56: 0 -3 | E56: 1380 | F56: 0
A57: 45805 | B57: belediye | C57: taksitlendirme | D57: 0 -3 | E57: 4373.6 | F57: 0
A58: 45806 | B58: mrkt | E58: -112.44 | F58: 0
A59: 45807 | B59: et | E59: -500 | F59: 0
A60: 45808 | B60: mrkt | E60: -61.44 | F60: 0
A61: 45811 | B61: cevizli | E61: -850 | F61: 0
A62: 45811 | B62: fide | E62: -195 | F62: 0
A63: 45811 | B63: pastırma umut | E63: -494 | F63: 0
A64: 45812 | B64: yağlı ist kurban byram | E64: -150 | F64: 0
A65: 45812 | B65: ödeme | C65: 21573.62
A66: 45934 | B66: otobüs | E66: -40 | F66: 0
A67: 45813 | E67: -250 | F67: 0
A68: 45813 | E68: -340 | F68: 0
A69: 45813 | E69: -350 | F69: 0
A70: 45813 | B70: çanta | E70: -950 | F70: 0
A71: 45813 | B71: otopark | E71: -160 | F71: 0
A72: 45813 | B72: bim mrkt | E72: -795.29 | F72: 0
A73: 45815 | E73: -400 | F73: 0
A74: 45815 | B74: lider pide ist | E74: -3570 | F74: 0
A75: 45816 | B75: playland | E75: -520 | F75: 0
A76: 45816 | B76: decathlon | E76: -580 | F76: 0
A77: 45813 | B77: kamil dizel opet | E77: -1500 | F77: 0
B78: turşu | E78: -149.95 | F78: 0
A79: 45817 | B79: flo polo | E79: -1304.99 | F79: 0
A80: 45817 | B80: flo dockers | E80: -1199.99 | F80: 0
A81: 45817 | E81: -558 | F81: 0
A82: 45818 | B82: paşa işkembe ist dönüş | E82: -240 | F82: 0
A83: 45820 | B83: mrkt | E83: -101.31 | F83: 101.31
A84: 45821 | B84: kyusuf | E84: -315
A85: 45913 | B85: kyusuf | E85: -60
A86: 45821 | B86: dgs osym | E86: -1425
A87: 45822 | B87: mrkt | E87: -510.46
A88: 45824 | B88: mustafa ışkın | E88: -260
A89: 45825 | B89: et | E89: -300
A90: 45825 | B90: kyusuf | E90: -300
A91: 45826 | B91: kyusuf | E91: -280
A92: 45826 | B92: mrkt | E92: -304.55
A93: 45827 | B93: tvk dnr | E93: -200
A94: 45827 | B94: mrkt | E94: -82.01
A95: 45828 | B95: peynir bal | E95: -710
... A98: 45832 | B98: oxkan ağıl | E98: -250
E99: HESAP KESİM
B105: Denizbank 5165 kk | E105: =SUM(E106:E109) -> -1620.2
A107: 45728 | B107: audi akü ahmet karan | D107: - 4 / 6 - | E107: -625
B108: aidat | E108: -995.2
E109: HESAP KESİM
A115: AĞSTOS 2025 e | B115: Devir | C115: 2025 | G115: =SUM(G119:G145) -> 477298.03
E117: alış Tutar
B118: yasemin | G118: 0
B119: umut | G119: 0
...

Sheet 06_25
F1: GİRİŞ | G1: ÇIKIŞ | H1: BAKİYE
A2: - HAZİRAN 2025 | C2: TOPLAM | D2: =SUM(D4:D34) -> 15000 | E2: =SUM(E4:E34) -> -76228.43 | F2: =SUM(F4:F34) -> 15054.88 | G2: =SUM(G4:G34) -> -109005.52 | H2: =F2+G2 -> -93950.64
H4: =H3+F4+G4 -> 0
A5: 45810 | B5: Elektrik 5847500300 Kümbet D09 | E5: -600 | G5: -510 | H5: =H4+F5+G5 -> -510
A6: 45810 | B6: Elektrik 8222520300 Kümbet D10 | E6: -800 | G6: -820 | H6: =H5+F6+G6 -> -1330
A7: 45810 | B7: voda 2240 | E7: -212.75 | G7: -212.75 | H7: =H6+F7+G7 -> -1542.75
A8: 45810 | B8: KK 5165 Denizbank | E8: =E76 -> -625 | G8: =E8 -> -625 | H8: =H7+F8+G8 -> -2167.75
A9: 45812 | B9: KK 4876 İşbank | E9: =E38 -> -21573.62 | G9: =E9 -> -21573.62 | H9: =H8+F9+G9 -> -23741.37
A10: 45818 | B10: Kira Adem Özen 1/12 Mrmr Ryl A Blok 82 | E10: -25000 | G10: -25000 | H10: =H9+F10+G10 -> -48741.37
B11: Elektrik 9522138254 Sanayi | E11: 0 | H11: =H10+F11+G11 -> -48741.37
A12: 45819 | B12: Aidat Marmara Royal Site 9/12 | E12: -2117.06 | G12: -2138.15 | H12: =H11+F12+G12 -> -50879.52
A13: 45819 | B13: Doğalgaz Marmara Royal Ablok D:82 | E13: -200 | G13: -229 | H13: =H12+F13+G13 -> -51108.52
A14: 45828 | B14: fide-çorap arif ustadan emanet ödendi | G14: -950 | H14: =H13+F14+G14 -> -52058.52
A15: 45828 | B15: Doğalgaz 800004222954 Kümbet D10 | C15: 316.06 | D15: devletten | E15: -1000 | G15: -250 | H15: =H14+F15+G15 -> -52308.52
A16: 45828 | B16: Doğalgaz 800004222959 Kümbet D09 | E16: -200 | G16: 0 | H16: =H15+F16+G16 -> -52308.52
A17: 45832 | B17: audi motor-fren işçilik havale | G17: -10000 | H17: =H16+F17+G17 -> -62308.52
A18: 45834 | B18: audi motor-fren işçilik | G18: -20000 | H18: =H17+F18+G18 -> -82308.52
A19: 45834 | B19: doğuş üsk kat cam camcı isa | G19: -3000 | H19: =H18+F19+G19 -> -85308.52
H20: =H19+F20+G20 -> -85308.52
B21: maaş | D21: 15000 | F21: 15054.88 | H21: =H20+F21+G21 -> -70253.64
B22: yasemin | E22: -7500 | G22: -7506 | H22: =H21+F22+G22 -> -77759.64
B23: umut | E23: -7500 | G23: -7506 | H23: =H22+F23+G23 -> -85265.64
B24: Genel Masraf | E24: -7500 | G24: -7500 | H24: =H23+F24+G24 -> -92765.64
H25: =H24+F25+G25 -> -92765.64
H26: =H25+F26+G26 -> -92765.64
H27: =H26+F27+G27 -> -92765.64
A28: 45838 | B28: Elektrik 5847500300 Kümbet D09 | E28: -600 | G28: -485 | H28: =H27+F28+G28 -> -93250.64
A29: 45838 | B29: Elektrik 8222520300 Kümbet D10 | E29: -800 | G29: -700 | H29: =H28+F29+G29 -> -93950.64
H30: =H29+F30+G30 -> -93950.64
H31: =H30+F31+G31 -> -93950.64
B32: TUSDATA 2025 26/30 44225 - 8845 = 35380 | H32: =H31+F32+G32 -> -93950.64
H33: =H32+F33+G33 -> -93950.64
H34: =H33+F34+G34 -> -93950.64
B38: İşbank 4876 KK | E38: =SUM(E39:E70) -> -21573.62
A40: 45715 | B40: turknet 12 aylık internet | C40: 5938.68 | D40: 4 - 6 | E40: -989.78
A41: 45790 | B41: koton | C41: 1407.46 | D41: 1 - 6 | E41: -234.58
A43: 45772 | B43: audi silecek | E43: -700
A44: 45772 | B44: audi antifiriz vs | E44: -1200
B45: belediye sayaç sanayi | E45: -2820
A46: 45777 | B46: tvk dnr | E46: -80
B47: ödeme | D47: 7461.57
A48: 45783 | E48: -250
A49: 45788 | B49: çiçek anneler günü 700+ | E49: -300
A50: 45788 | B50: kanatçı | E50: -600
A51: 45789 | B51: kays-ercan umut yemin trni | E51: -3441
A52: 45789 | B52: kays topçam bilet | E52: -800
A53: 45791 | B53: kays tokat yıldızı bilet | E53: -800
A54: 45791 | B54: kays bldy metro cmhryt meydan | E54: -25
A55: 45791 | B55: kays bldy otobüs havaalanı | E55: -25
A56: 45792 | B56: bakery | E56: -200
A57: 45792 | B57: ilkay yemek ecosse | E57: -1610
A58: 45793 | B58: ekor | E58: -491
A59: 45794 | B59: bakery | E59: -240
A60: 45795 | B60: kays bldy otobüs | E60: -25
... A70: 45802 | B70: mrkt | E70: -191.68
E71: HESAP KESİM
B76: Denizbank 5165 kk | E76: =SUM(E77:E82) -> -625
A79: 45728 | B79: audi akü ahmet karan | D79: - 3 / 6 - | E79: -625
E80: HESAP KESİM
A89: TEMMUZ 2025 e | B89: Devir | C89: 2025 | G89: =SUM(G93:G118) -> 547410.2
E91: alış Tutar
B92: yasemin | G92: 0
B93: umut | G93: 0
A94: 45838 | B94: pervin | E94: 87830 | F94: -36500 | G94: =E94+F94 -> 51330
B95: pervin audi motor | G95: =D75 -> 0
A96: 45777 | B96: İş 1626748 | G96: 225
A97: 45777 | B97: denizbank | G97: 0
I98: KAR
A99: 45620 | B99: iş ytrm ALTIN.S1 32,48 | D99: 32.55 | E99: =D99*C99 -> 0 | F99: 46.68 | G99: =F99*C99 -> 0 | I99: =G99-E99 -> 0
A100: 45620 | B100: iş ytrm ALTIN.S1 32,48 | C100: 1000 | D100: 32.55 | E100: =D100*C100 -> 32550 | F100: =F99 -> 46.68 | G100: =F100*C100 -> 46680 | I100: =G100-E100 -> 14130
A101: 45659 | B101: iş ytrm ALTIN.S1 30,86 | C101: 4000 | D101: 30.86 | E101: =D101*C101 -> 123440 | F101: =F100 -> 46.68 | G101: =F101*C101 -> 186720 | H101: =SUM(G100:G101) -> 233400 | I101: =G101-E101 -> 63280
A102: 45804 | B102: iş 801 | C102: 35 | D102: 1025.3286 | E102: =D102*C102 -> 35886.502
E103: =SUM(E99:E101) -> 155990 | H103: =(SUM(G99:G101))-(SUM(E99:E101)) -> 77410 | I103: =SUM(I99:I101) -> 77410
A105: 45345 | B105: iş ytrm 382789 TTE | C105: 125000 | D105: 1.039943 | E105: =D105*C105 -> 129992.88 | F105: 0.874971 | G105: =F105*C105 -> 109371.38 | I105: =G105-E105 -> -20621.5
A106: 45400 | B106: iş ytrm 382789 RGYAS | C106: 10 | D106: 135 | E106: =D106*C106 -> 1350 | F106: 136.5 | G106: =F106*C106 -> 1365 | I106: =G106-E106 -> 15
A107: 45418 | B107: iş ytrm 382789 KOTON | C107: 38 | D107: 30.5 | E107: =D107*C107 -> 1159 | F107: 14.73 | G107: =F107*C107 -> 559.74 | I107: =G107-E107 -> -599.26
A108: 45418 | B108: iş ytrm 382789 LILAK | C108: 26 | D108: 37.115 | E108: =D108*C108 -> 964.99 | F108: 24.58 | G108: =F108*C108 -> 639.08 | H108: =SUM(G105:G108) -> 111935.2 | I108: =G108-E108 -> -325.91
E109: =SUM(E105:E108) -> 133466.86 | H109: =(SUM(G105:G108))-(SUM(E105:E108)) -> -21531.67
A111: 45509 | B111: gau forex -v %2 3816 * 2 / 100 = 76=> 91 | C111: 1 | D111: 2500 | E111: =D111*C111 -> 2500 | F111: 4200 | G111: =C111*F111 -> 4200 | I111: =G111-E111 -> 1700
A112: 45509 | B112: xau çeyrek | C112: 16 | D112: 4100 | E112: =D112*C112 -> 65600 | F112: =F111*1.73 -> 7266 | G112: =C112*F112 -> 116256 | I112: =G112-E112 -> 50656
A113: 45509 | B113: xau tam | C113: 1 | D113: 16200 | E113: =D113*C113 -> 16200 | F113: =F112*4 -> 29064 | G113: =C113*F113 -> 29064 | H113: =SUM(G111:G113) -> 149520 | I113: =G113-E113 -> 12864
E114: =SUM(E111:E113) -> 84300 | H114: =(SUM(G111:G113))-(SUM(E111:E113)) -> 65220
B115: USD iş alış 35,4713 | C115: 33.2506
B116: eur iş alış 39,3164 | C116: 36.855
B117: kasa nakit | G117: 0
B118: nakit | G118: 1000
G119: TOPLAM YATIRIM SONUCU | H119: =H114+H109+H103 -> 121098.33
D121: Ay sonu BAKİYE | G121: =SUM(G93:G118) -> 547410.2
C122: =A89 -> TEMMUZ 2025 e | D122: Bakiye
B124: YATIRIM SATIŞI SONUCU
A125: 45620
C126: yasemin okul için | F126: komisyon | H126: -257.16
A127: 45812 | B127: iş 801 | C127: 10 | D127: 1025.3286 | E127: =D127*C127 -> 10253.286 | F127: 1035.7262 | G127: =F127*C127 -> 10357.262 | H127: =G127-E127 -> 103.97609
B128: komisyon | H128: -163.46
A129: 45818 | B129: iş 801 stış | C129: 25 | D129: 1025.3286 | E129: =D129*C129 -> 25633.216 | F129: 1043.4577 | G129: =F129*C129 -> 26086.441 | H129: =G129-E129 -> 453.22555
B130: komisyon | C130: yasemin kira | H130: -427.99
G131: =SUM(G125:G130) -> 36443.704 | H131: =SUM(H125:H130) -> -291.40836
F132: Toplam | H132: =H131+'05_25'!I140 -> 88519.972
A134: NAZAN ÖZKAN 2024-2025 ÖDEMELER
B135: =1-76.4616% -> 0.235384 | C135: 0.764616
...

Sheet 05_25
F1: GİRİŞ | G1: ÇIKIŞ | H1: BAKİYE
A2: - MAYIS 2025 | C2: TOPLAM | D2: =SUM(D4:D25) -> 15000 | E2: =SUM(E4:E25) -> -59780.37 | F2: =SUM(F4:F25) -> 19054.88 | G2: =SUM(G4:G25) -> -60755.16 | H2: =F2+G2 -> -41700.28
H4: =H3+F4+G4 -> 0
H5: =H4+F5+G5 -> 0
A6: 45749 | B6: Aidat Marmara Royal Site 9/12 | E6: -2117.06 | G6: -2116.98 | H6: =H5+F6+G6 -> -2116.98
A7: 45782 | B7: KK 4876 İşbank | E7: =E31 -> -7461.47 | G7: =E7 -> -7461.47 | H7: =H6+F7+G7 -> -9578.45
A8: 45782 | B8: KK 4876 İşbank 24,09 euro x44,2038 | C8: 24.09 | E8: =E32 -> 0 | G8: -1064.87 | H8: =H7+F8+G8 -> -10643.32
A9: 45782 | B9: KK 5165 Denizbank | E9: =E56 -> -8801.84 | G9: =E9 -> -8801.84 | H9: =H8+F9+G9 -> -19445.16
A10: 45786 | B10: Kira Adem Özen 12/12 Mrmr Ryl A Blok 82 | E10: -17500 | G10: -17500 | H10: =H9+F10+G10 -> -36945.16
B11: Elektrik 9522138254 Sanayi | E11: 0 | H11: =H10+F11+G11 -> -36945.16
A12: 45797 | B12: Doğalgaz 800004222954 Kümbet D10 | C12: 1604.97 | D12: devlet | E12: -1000 | G12: -1265 | H12: =H11+F12+G12 -> -38210.16
A13: 45797 | B13: Doğalgaz 800004222959 Kümbet D09 | C13: 47.55 | D13: devlet | E13: -200 | G13: -35 | H13: =H12+F13+G13 -> -38245.16
B14: Doğalgaz Marmara Royal Ablok D:82 | E14: -200 | H14: =H13+F14+G14 -> -38245.16
B15: maaş | D15: 15000 | F15: 15054.88 | H15: =H14+F15+G15 -> -23190.28
A16: 45804 | B16: yasemin | E16: -7500 | G16: -7505 | H16: =H15+F16+G16 -> -30695.28
A17: 45804 | B17: umut | E17: -7500 | G17: -7505 | H17: =H16+F17+G17 -> -38200.28
B18: Genel Masraf | E18: -7500 | G18: -7500 | H18: =H17+F18+G18 -> -45700.28
A19: 45804 | B19: SANAYI BELEDIYE SAYC UCRETI | C19: 2024 / 10 | D19: iş kk | H19: =H18+F19+G19 -> -45700.28
H20: =H19+F20+G20 -> -45700.28
A21: 45808 | B21: maaş kurban bayramlık | F21: 4000 | H21: =H20+F21+G21 -> -41700.28
H22: =H21+F22+G22 -> -41700.28
B23: TUSDATA 2025 25/30 53070 - 8845 = 44225 | H23: =H22+F23+G23 -> -41700.28
H24: =H23+F24+G24 -> -41700.28
H25: =H24+F25+G25 -> -41700.28
I30: lise arksı ifraz
B31: İşbank 4876 KK | E31: =SUM(E32:E47) -> -7461.47 | I31: 8850 | J31: applksyn
I32: 48000 | J32: ifraz
I33: 6000 | J33: bld hrc
A34: 45715 | B34: turknet 12 aylık internet | C34: 5938.68 | D34: 3 - 6 | E34: -989.78 | I34: 3000 | J34: kdstr hrc
I35: 5000 | J35: tapu
A36: 45751 | B36: ödeme | D36: 123984.02 | I36: =SUM(I31:I35) -> 70850
A37: 45751 | B37: gib | E37: -672.4 | I37: 2 | J37: 0.5
A38: 45754 | B38: eziç yemek | E38: -3740 | I38: =I36/I37 -> 35425
A39: 45756 | B39: çilem ltd. hellim | E39: -390 | I39: =I38/J39 -> 5060.7143 | J39: 7
A40: 45764 | B40: mrk | E40: -138.81 | I40: =I38/J40 -> 8856.25 | J40: 4
A41: 45766 | B41: tvk dnr | E41: -80 | J41: kişi
A42: 45767 | B42: pide kmç | E42: -140
A43: 45770 | B43: kftc ysf | E43: -300
A44: 45770 | B44: mrk | E44: -372.15
A45: 45771 | B45: benzin bahçe | E45: -250
A46: 45771 | B46: mrk | E46: -208.33
A47: 45772 | B47: işkmb | E47: -180
E48: HESAP KESİM
C49: eur
A50: 45752 | B50: kfc | C50: -15.6
A51: 45752 | B51: alphamega | C51: -8.49
B56: Denizbank 5165 kk | E56: =SUM(E57:E82) -> -8801.84
A60: 45728 | B60: audi akü ahmet karan | D60: - 2 / 6 - | E60: -625
A61: 45692 | B61: coşkun giyim mont-pant | D61: 3 - 3 | E61: -600.14
A62: 45692 | B62: coşkun giyim mont-pant | D62: 3 - 3 | E62: -2500.3
A64: 45743 | B64: ödeme | D64: 19953.18
A65: 45744 | B65: march benzin umut askerlik | E65: -1300
A66: 45749 | E66: -335
A67: 45750 | B67: önder mrkt | E67: -129.99
A68: 45756 | B68: merve halı | E68: -360
A69: 45756 | B69: gıda | E69: -1425
A70: 45757 | B70: ocaklı şeker | E70: -120
A71: 45758 | B71: has ort | E71: -406.41
A72: 45759 | B72: grostan | E72: -50
A73: 45757 | B73: pide kmç | E73: -210
A74: 45762 | B74: döner vedat | E74: -250
A75: 45764 | B75: mrck | E75: -120
A76: 45764 | B76: et | E76: -370
E77: HESAP KESİM
A94: HAZİRAN 2025 e | B94: Devir | C94: 2025 | G94: =SUM(G98:G126) -> 593200.12
E96: alış Tutar
B97: yasemin | G97: 0
B98: umut | G98: 0
A99: 45807 | B99: pervin | E99: 122830 | F99: -35000 | G99: =E99+F99 -> 87830
B100: pervin audi motor | G100: =D80 -> 0
A101: 45777 | B101: İş 1626748 | G101: 6171
A102: 45777 | B102: denizbank | G102: 300
I103: KAR
A104: 45620 | B104: iş ytrm ALTIN.S1 32,48 | D104: 32.55 | E104: =D104*C104 -> 0 | F104: 47 | G104: =F104*C104 -> 0 | I104: =G104-E104 -> 0
A105: 45620 | B105: iş ytrm ALTIN.S1 32,48 | C105: 1000 | D105: 32.55 | E105: =D105*C105 -> 32550 | F105: =F104 -> 47 | G105: =F105*C105 -> 47000 | I105: =G105-E105 -> 14450
A106: 45659 | B106: iş ytrm ALTIN.S1 30,86 | C106: 4000 | D106: 30.86 | E106: =D106*C106 -> 123440 | F106: =F105 -> 47 | G106: =F106*C106 -> 188000 | H106: =SUM(G105:G106) -> 235000 | I106: =G106-E106 -> 64560
A107: 45772 | B107: iş 801 | C107: 0 | D107: 983.067 | E107: =D107*C107 -> 0 | F107: 1000.8551 | G107: =F107*C107 -> 0 | I107: =G107-E107 -> 0
A108: 45772 | B108: iş 801 | C108: 0 | D108: 983.067 | E108: =D108*C108 -> 0 | F108: 1000.8551 | G108: =F108*C108 -> 0
A109: 45786 | B109: iş 801 stış | C109: 24 | D109: 983.067 | E109: =D109*C109 -> 23593.608 | F109: 1000.8551
A110: 45782 | B110: iş 801 satış | C110: 16 | D110: 983.067 | E110: =D110*C110 -> 15729.072 | F110: 1000.8551
E111: =SUM(E104:E106) -> 155990 | H111: =(SUM(G104:G106))-(SUM(E104:E106)) -> 79010 | I111: =SUM(I104:I106) -> 79010
A113: 45345 | B113: iş ytrm 382789 TTE | C113: 125000 | D113: 1.039943 | E113: =D113*C113 -> 129992.88 | F113: 0.916777 | G113: =F113*C113 -> 114597.12 | I113: =G113-E113 -> -15395.75
A114: 45400 | B114: iş ytrm 382789 RGYAS | C114: 10 | D114: 135 | E114: =D114*C114 -> 1350 | F114: 120 | G114: =F114*C114 -> 1200 | I114: =G114-E114 -> -150
A115: 45418 | B115: iş ytrm 382789 KOTON | C115: 38 | D115: 30.5 | E115: =D115*C115 -> 1159 | F115: 15 | G115: =F115*C115 -> 570 | I115: =G115-E115 -> -589
A116: 45418 | B116: iş ytrm 382789 LILAK | C116: 26 | D116: 37.115 | E116: =D116*C116 -> 964.99 | F116: 22 | G116: =F116*C116 -> 572 | H116: =SUM(G113:G116) -> 116939.12 | I116: =G116-E116 -> -392.99
E117: =SUM(E113:E116) -> 133466.86 | H117: =(SUM(G113:G116))-(SUM(E113:E116)) -> -16527.74
A119: 45509 | B119: gau forex -v %2 3816 * 2 / 100 = 76=> 91 | C119: 1 | D119: 2500 | E119: =D119*C119 -> 2500 | F119: 4100 | G119: =C119*F119 -> 4100 | I119: =G119-E119 -> 1600
A120: 45509 | B120: xau çeyrek | C120: 16 | D120: 4100 | E120: =D120*C120 -> 65600 | F120: =F119*1.73 -> 7093 | G120: =C120*F120 -> 113488 | I120: =G120-E120 -> 47888
A121: 45509 | B121: xau tam | C121: 1 | D121: 16200 | E121: =D121*C121 -> 16200 | F121: =F120*4 -> 28372 | G121: =C121*F121 -> 28372 | H121: =SUM(G119:G121) -> 145960 | I121: =G121-E121 -> 12172
E122: =SUM(E119:E121) -> 84300 | H122: =(SUM(G119:G121))-(SUM(E119:E121)) -> 61660
B123: USD iş alış 35,4713 | C123: 33.2506
B124: eur iş alış 39,3164 | C124: 36.855
B125: kasa nakit | G125: 0
B126: nakit | G126: 1000
G127: TOPLAM YATIRIM SONUCU | H127: =H122+H117+H111 -> 124142.26
D129: Ay sonu BAKİYE | G129: =SUM(G98:G126) -> 593200.12
C130: =A94 -> HAZİRAN 2025 e | D130: Bakiye
B132: YATIRIM SATIŞI SONUCU | I132: kar | J132: kar | K132: satış | L132: gün | M132: aylık
A133: 45620 | B133: iş ytrm ALTIN.S1 32,48 | C133: 3000 | D133: 32.55 | E133: =D133*C133 -> 97650 | F133: 42.86 | G133: =F133*C133 -> 128580 | I133: =G133-E133 -> 30930 | J133: =(I133-I134)/E133 -> 0.31674347 | K133: 45721 | L133: =K133-A133 -> 101 | M133: =J133/L133*30 -> 0.094082219
C134: yasemin okul için | F134: komisyon | G134: -257.16
...

Sheet 04_25
F1: GİRİŞ | G1: ÇIKIŞ | H1: BAKİYE
A2: - NİSAN 2025 | C2: TOPLAM | D2: =SUM(D4:D30) -> 15000 | E2: =SUM(E4:E30) -> -191614.26 | F2: =SUM(F4:F30) -> 15054.88 | G2: =SUM(G4:G30) -> -191809.25 | H2: =F2+G2 -> -176754.37
H4: =H3+F4+G4 -> 0
H5: =H4+F5+G5 -> 0
A6: 45749 | B6: Aidat Marmara Royal Site 9/12 | E6: -2117.06 | G6: -2116.98 | H6: =H5+F6+G6 -> -2116.98
A7: 45750 | B7: KK 5165 Denizbank 27-3-25 | E7: =E50 -> -19953.18 | G7: =E7 -> -19953.18 | H7: =H6+F7+G7 -> -22070.16
A8: 45720 | B8: KK 4876 İşbank | E8: =E33 -> -123984.02 | G8: =E8 -> -123984.02 | H8: =H7+F8+G8 -> -146054.18
A9: 45754 | B9: alumba kira damga vergisi | G9: -672.4 | H9: =H8+F9+G9 -> -146726.58
A10: 45755 | B10: Kira Adem Özen 11/12 Mrmr Ryl A Blok 82 | E10: -17500 | G10: -17500 | H10: =H9+F10+G10 -> -164226.58
H11: =H10+F11+G11 -> -164226.58
H12: =H11+F12+G12 -> -164226.58
B13: Elektrik 9522138254 Sanayi | E13: 0 | H13: =H12+F13+G13 -> -164226.58
A14: 45763 | B14: Doğalgaz 800004222954 Kümbet D10 | E14: -1000 | G14: -1175 | H14: =H13+F14+G14 -> -165401.58
A15: 45763 | B15: Doğalgaz 800004222959 Kümbet D09 | E15: -200 | G15: -30 | H15: =H14+F15+G15 -> -165431.58
A16: 45777 | B16: Doğalgaz Marmara Royal Ablok D:82 | E16: -200 | G16: -185.67 | H16: =H15+F16+G16 -> -165617.25
B17: maaş | D17: 15000 | F17: 15054.88 | H17: =H16+F17+G17 -> -150562.37
B18: yasemin | E18: -7500 | G18: -7504 | H18: =H17+F18+G18 -> -158066.37
B19: umut | E19: -7500 | G19: -7504 | H19: =H18+F19+G19 -> -165570.37
B20: Genel Masraf | E20: -7500 | G20: -7500 | H20: =H19+F20+G20 -> -173070.37
A21: 45744 | B21: SANAYI BELEDIYE SAYC UCRETI | C21: 2024 / 8 | D21: kk | E21: -1380 | H21: =H20+F21+G21 -> -173070.37
A22: 45776 | B22: SANAYI BELEDIYE SAYC UCRETI | C22: 2024 / 9 | D22: kk | E22: -1380 | H22: =H21+F22+G22 -> -173070.37
A23: 45775 | B23: Elektrik 5847500300 Kümbet D09 | E23: -600 | G23: -335 | H23: =H22+F23+G23 -> -173405.37
A24: 45775 | B24: Elektrik 8222520300 Kümbet D10 | E24: -800 | G24: -560 | H24: =H23+F24+G24 -> -173965.37
A25: 45764 | B25: Elektrik 8758480300 Bahçe | G25: -70 | H25: =H24+F25+G25 -> -174035.37
H26: =H25+F26+G26 -> -174035.37
B27: TUSDATA 2025 24/30 61915 - 8845 = 53070 | H27: =H26+F27+G27 -> -174035.37
A28: 45764 | B28: av.emrulah-merdalkipel-tahliye | G28: -2500 | H28: =H27+F28+G28 -> -176535.37
A29: 45777 | B29: VODA 2240 | G29: -219 | H29: =H28+F29+G29 -> -176754.37
B33: İşbank 4876 KK | E33: =SUM(E35:E45) -> -123984.02
A35: 45713 | B35: euro borç tl karşılığı rum kesimi mrkt khv | C35: ??????? | E35: -291.36 | F35: 1
A37: 45715 | B37: turknet 12 aylık internet | C37: 5938.68 | D37: 2 - 6 | E37: -989.78 | F37: 1
A38: 45716 | B38: DAU yasemin okul | E38: -1023.05 | F38: 1
A39: 45716 | B39: DAU yasemin okul | E39: -118966.5 | F39: 1
A40: 45716 | B40: BELEDİYE sanayi sayaç 7 taksitler | E40: -1380 | F40: 1
A41: 45723 | B41: ödeme | D41: 19043.61
A42: 45741 | B42: yıllık ücret | E42: -1262 | F42: 1
B43: faiz | E43: -4.77
B44: faiz | E44: -3.46
B45: bsmv | E45: -63.1
E46: HESAP KESİM
B50: Denizbank 5165 kk | E50: =SUM(E51:E74) -> -19953.18
A54: 45728 | B54: audi akü ahmet karan | D54: - 1 / 6 - | E54: -625
A55: 45692 | B55: coşkun giyim mont-pant | D55: 2 - 3 | E55: -600.13
A56: 45692 | B56: coşkun giyim mont-pant | D56: 2 - 3 | E56: -2500.3
A58: 45737 | B58: tcdd 2 kişi buss tokat-ank 27-3 | E58: -2350
A59: 45737 | B59: topçam ankara tokat dönüş 09-04-25 | E59: -1800
A60: 45714 | B60: tvk dnr | E60: -80
A61: 45716 | B61: mrcmk | E61: -120
A62: 45716 | B62: tvk dnr | E62: -360
A63: 45717 | B63: edeler dondurma | E63: -500
A64: 45721 | B64: ödeme | D64: 14628.183
A66: 45728 | B66: audi buji örkç | D66: 1400 | E66: -1400
A67: 45728 | B67: audi buji 1800 bobin 650 antfrz 600 işç "1000 | D67: 4150 | E67: -4150
A68: 45733 | B68: audi turbo soğ radyt örkç | D68: 2500 | E68: -2500
A69: 45733 | B69: audi yağ hava-yağ filt | D69: 1400 | E69: -1400
A70: 45739 | B70: toyota benz sivas peri | D70: 1200 | E70: -1000
A71: 45739 | B71: aşçıbaşı köfte | E71: -550
B72: a101 yıldızeli | E72: -17.75
E73: HESAP KESİM
B75: audi için kk toplam | D75: =SUM(D66:D74) -> 10650
A76: 45740 | B76: audi zincir iş havale | D76: 8500
A77: 45740 | B77: audi motor iş havale | D77: 90000
A78: 45728 | B78: elektrikçi adnan işçilik iş havale | D78: 1500
B79: akü 6*625 | D79: 3750
A80: 45743 | B80: motor nakliye volkan çetiner | D80: 1600
A81: 45829 | B81: motor-fren işçilik | D81: 30000
A82: 45761 | B82: motor kulakları yağ çubuğu kk | D82: 4500
A83: 45772 | B83: klima | D83: 700
A84: 45772 | B84: silecek | D84: 700
A85: 45772 | B85: antifiriz vs | D85: 1200
A86: 45829 | B86: fren disk ön 4000 | D86: 6500
A87: 45829 | B87: fren balata ön arka 800
A88: 45829 | B88: fren disk arka torna 1200 TL
A89: 45829 | B89: fren işçilik
A90: 45829 | B90: sağ rotil 500
B91: şanzıman
B92: audi toplam masraf | D92: =SUM(D75:D91) -> 159600
A106: MAYIS 2025 e | B106: Devir | C106: 2025 | G106: =SUM(G110:G135) -> 650146.42
E108: alış Tutar
B109: yasemin | G109: 0
B110: umut | G110: 0
A111: 45777 | B111: pervin | E111: 159330 | F111: -36500 | G111: =E111+F111 -> 122830
B112: pervin audi motor | D112: =D92 -> 159600
A113: 45749 | B113: İş 1626748 | G113: 6171
A114: 45749 | B114: denizbank | G114: 300
I115: KAR
A116: 45620 | B116: iş ytrm ALTIN.S1 32,48 | D116: 32.55 | E116: =D116*C116 -> 0 | F116: 45.3 | G116: =F116*C116 -> 0 | I116: =G116-E116 -> 0
A117: 45620 | B117: iş ytrm ALTIN.S1 32,48 | C117: 1000 | D117: 32.55 | E117: =D117*C117 -> 32550 | F117: =F116 -> 45.3 | G117: =F117*C117 -> 45300 | I117: =G117-E117 -> 12750
A118: 45659 | B118: iş ytrm ALTIN.S1 30,86 | C118: 4000 | D118: 30.86 | E118: =D118*C118 -> 123440 | F118: =F117 -> 45.3 | G118: =F118*C118 -> 181200 | H118: =SUM(G117:G118) -> 226500 | I118: =G118-E118 -> 57760
A119: 45772 | B119: iş 801 | C119: 40 | D119: 983.067 | E119: =D119*C119 -> 39322.68 | F119: 988.94078 | G119: =F119*C119 -> 39557.631 | I119: =G119-E119 -> 234.9512
E120: =SUM(E116:E118) -> 155990 | H120: =(SUM(G116:G118))-(SUM(E116:E118)) -> 70510 | I120: =SUM(I116:I118) -> 70510
A122: 45345 | B122: iş ytrm 382789 TTE | C122: 125000 | D122: 1.039943 | E122: =D122*C122 -> 129992.88 | F122: 0.901345 | G122: =F122*C122 -> 112668.12 | I122: =G122-E122 -> -17324.75
A123: 45400 | B123: iş ytrm 382789 RGYAS | C123: 10 | D123: 135 | E123: =D123*C123 -> 1350 | F123: 109.4 | G123: =F123*C123 -> 1094 | I123: =G123-E123 -> -256
A124: 45418 | B124: iş ytrm 382789 KOTON | C124: 38 | D124: 30.5 | E124: =D124*C124 -> 1159 | F124: 15.67 | G124: =F124*C124 -> 595.46 | I124: =G124-E124 -> -563.54
A125: 45418 | B125: iş ytrm 382789 LILAK | C125: 26 | D125: 37.115 | E125: =D125*C125 -> 964.99 | F125: 22.7 | G125: =F125*C125 -> 590.2 | H125: =SUM(G122:G125) -> 114947.79 | I125: =G125-E125 -> -374.79
E126: =SUM(E122:E125) -> 133466.86 | H126: =(SUM(G122:G125))-(SUM(E122:E125)) -> -18519.08
A128: 45509 | B128: gau forex -v %2 3816 * 2 / 100 = 76=> 91 | C128: 1 | D128: 2500 | E128: =D128*C128 -> 2500 | F128: 3900 | G128: =C128*F128 -> 3900 | I128: =G128-E128 -> 1400
A129: 45509 | B129: xau çeyrek | C129: 16 | D129: 4100 | E129: =D129*C129 -> 65600 | F129: =F128*1.73 -> 6747 | G129: =C129*F129 -> 107952 | I129: =G129-E129 -> 42352
A130: 45509 | B130: xau tam | C130: 1 | D130: 16200 | E130: =D130*C130 -> 16200 | F130: =F129*4 -> 26988 | G130: =C130*F130 -> 26988 | H130: =SUM(G128:G130) -> 138840 | I130: =G130-E130 -> 10788
E131: =SUM(E128:E130) -> 84300 | H131: =(SUM(G128:G130))-(SUM(E128:E130)) -> 54540
...

Sheet 03_25
F1: GİRİŞ | G1: ÇIKIŞ | H1: BAKİYE
A2: - MART 2025 | C2: TOPLAM | D2: =SUM(D4:D36) -> 30000 | E2: =SUM(E4:E36) -> -79968.85 | F2: =SUM(F4:F36) -> 32994.19 | G2: =SUM(G4:G40) -> -186074.7 | H2: =F2+G2 -> -153080.51
H4: =H3+F4+G4 -> 0
H5: =H4+F5+G5 -> 0
A6: 45718 | B6: vodafone 2240 | G6: -213.25 | H6: =H5+F6+G6 -> -213.25
B7: Elektrik 9522138254 Sanayi | E7: 0 | H7: =H6+F7+G7 -> -213.25
A8: 45721 | B8: Aidat Marmara Royal Site 9/12 | E8: -2117.06 | G8: -2116.98 | H8: =H7+F8+G8 -> -2330.23
A9: 45722 | B9: KK 5165 Denizbank | E9: =E67 -> -14628.18 | G9: =E9 -> -14628.18 | H9: =H8+F9+G9 -> -16958.41
A10: 45723 | B10: KK 4876 İşbank | E10: =E43 -> -19043.61 | G10: =E10 -> -19043.61 | H10: =H9+F10+G10 -> -36002.02
A11: 45721 | B11: Doğuş Kira 7/12-2025-26 | D11: 15000 | F11: 15000 | H11: =H10+F11+G11 -> -21002.02
A12: 45723 | B12: Kira Adem Özen 10/12 Mrmr Ryl A Blok 82 | E12: -17500 | G12: -17500 | H12: =H11+F12+G12 -> -38502.02
A13: 45734 | B13: Doğalgaz 800004222954 Kümbet D10 | E13: -1000 | G13: -2645 | H13: =H12+F13+G13 -> -41147.02
A14: 45733 | B14: Doğalgaz 800004222959 Kümbet D09 | E14: -200 | G14: -25 | H14: =H13+F14+G14 -> -41172.02
H15: =H14+F15+G15 -> -41172.02
B16: maaş | D16: 15000 | F16: 14994.19 | H16: =H15+F16+G16 -> -26177.83
B17: bayram harçlığı | F17: 3000 | H17: =H16+F17+G17 -> -23177.83
B18: yasemin | E18: -7500 | G18: -9003 | H18: =H17+F18+G18 -> -32180.83
B19: umut | E19: -7500 | G19: -7503 | H19: =H18+F19+G19 -> -39683.83
B20: umut bayram elden | G20: -1400 | H20: =H19+F20+G20 -> -41083.83
B21: Genel Masraf | E21: -7500 | G21: -7500 | H21: =H20+F21+G21 -> -48583.83
H22: =H21+F22+G22 -> -48583.83
H23: =H22+F23+G23 -> -48583.83
A24: 45716 | B24: SANAYI BELEDIYE SAYC UCRETI | C24: 2024 / 8/9 | E24: -1380 | H24: =H23+F24+G24 -> -48583.83
A25: 45744 | B25: Elektrik 5847500300 Kümbet D09 | E25: -600 | G25: -340 | H25: =H24+F25+G25 -> -48923.83
A26: 45744 | B26: Elektrik 8222520300 Kümbet D10 | E26: -800 | G26: -565 | H26: =H25+F26+G26 -> -49488.83
B27: TUSDATA 2025 23/30 70760 - 8845 = 61915 | H27: =H26+F27+G27 -> -49488.83
H28: =H27+F28+G28 -> -49488.83
H29: =H28+F29+G29 -> -49488.83
A30: 45741 | B30: Doğalgaz Marmara Royal Ablok D:82 | E30: -200 | G30: -565.88 | H30: =H29+F30+G30 -> -50054.71
B31: emrullah - ali demirel istinaf | G31: -2800 | H31: =H30+F31+G31 -> -52854.71
A32: 45743 | B32: vodafone 2240 | G32: -213 | H32: =H31+F32+G32 -> -53067.71
A33: 45740 | B33: audi zincir | G33: -8500 | H33: =H32+F33+G33 -> -61567.71
A34: 45740 | B34: audi motor | G34: -90000 | H34: =H33+F34+G34 -> -151567.71
B35: hvl masraf | C35: audi toplam masraf nisan ayı kk hesabı altında | G35: -12.8 | H35: =H34+F35+G35 -> -151580.51
A36: 45728 | B36: elektrikçi adnan işçilik | G36: -1500 | H36: =H35+F36+G36 -> -153080.51
H37: =H36+F37+G37 -> -153080.51
B43: İşbank 4876 KK | E43: =SUM(E44:E61) -> -19043.61
A45: 45715 | B45: turknet 12 aylık internet | C45: 5938.7 | D45: 1 - 6 | E45: -989.78 | F45: 0
A46: 45715 | B46: BELEDİYE sanayi sayaç 5-6 taksitler | E46: -2820 | F46: 0
A47: 45715 | B47: belediye hmb 2024 emlak-su | E47: -3196.34 | F47: 0
A48: 45715 | B48: belediye ayşe balcı | E48: -467.95 | F48: 0
A49: 45715 | B49: BELEDİYE PERİ BORÇ YOK
A51: 45691 | B51: elmacıoğlu iskender | E51: -1580 | F51: 0
A52: 45691 | B52: kayseri havalanı otopark | E52: -1338 | F52: 0
A53: 45691 | B53: havalanı fazla kilo | E53: -1200 | F53: 0
A54: 45691 | B54: march benzin umut mezuniyet | E54: -1300.54 | F54: 0
A55: 45689 | B55: eziç yenek | E55: -3720 | F55: 0
A56: 45699 | B56: aof 4. dönem ücreti | E56: -2235 | F56: 0
A57: 45703 | B57: A101 | E57: -196 | F57: 0
E58: HESAP KESİM
B67: Denizbank 5165 kk | E67: =SUM(E68:E101) -> -14628.18
A70: 45692 | B70: coşkun giyim mont-pant | D70: 1 - 3 | E70: -600.13
A71: 45692 | B71: coşkun giyim mont-pant | D71: 1 - 3 | E71: -2500.3
A75: 45681 | B75: uöut klavye mouse n11 | E75: -1798
B76: bonus | E76: 1.8
A77: 45681 | B77: peri çiçek | E77: -700
A78: 45681 | B78: mrcmk çorba | E78: -120
A79: 45682 | B79: tvk dnr | E79: -70
A80: 45682 | B80: lcw kot | E80: -699.99
A81: 45684 | B81: tvk dnr | E81: -70
A82: 45686 | B82: umut passtrm | E82: -3600
A83: 45691 | B83: ödeme | C83: 18950.04
A84: 45691 | B84: ödeme | C84: 10153.3
A85: 45694 | B85: tvk dnr | E85: -70
A86: 45695 | B86: ksp | E86: -200
A87: 45696 | B87: kanat | E87: -550
A88: 45697 | B88: tv-kağıt-hvl | E88: -329.97
A89: 45699 | B89: EMRAR ARAR | E89: -200
A90: 45700 | B90: tvk dnr | E90: -70
A91: 45701 | B91: dnr | E91: -230
A92: 45702 | B92: pide et | E92: -250
A93: 45703 | B93: pide | E93: -210
A94: 45704 | B94: mrkt | E94: -467.38
A95: 45705 | B95: bahçe benzin | E95: -350
A96: 45704 | E96: -33
A97: 45705 | B97: kasap | E97: -380
A98: 45706 | B98: tvk dnr | E98: -400
A99: 45706 | B99: mrkt | E99: -215.21
A100: 45709 | B100: tantuni | E100: -120
A101: 45710 | B101: mrkt | E101: -396
E102: HESAP KESİM
A117: NİSAN 2025 e | B117: Devir | C117: 2025 | G117: =SUM(G121:G148) -> 773509.51
E119: alış Tutar
B120: yasemin | G120: 0
B121: umut | G121: 0
A122: 45747 | B122: pervin | G122: 159330
A123: 45721 | B123: İş 1626748 | G123: 34010.3
A124: 45721 | F124: thyo | G124: 0
A125: 45721 | B125: denizbank | G125: 500
I126: KAR
A127: 45667 | B127: İş ytrm 1626748 801 | D127: 872.26366 | E127: =D127*C127 -> 0 | F127: 949.42488 | G127: =F127*C127 -> 0 | I127: =G127-E127 -> 0
A128: 45672 | B128: İş ytrm 1626748 801 | D128: 877.65409 | E128: =D128*C128 -> 0 | F128: =F127 -> 949.42488 | G128: =F128*C128 -> 0 | I128: =G128-E128 -> 0
A129: 45680 | B129: İş ytrm 1626748 THYAO | D129: 305 | E129: =D129*C129 -> 0 | F129: 323.75 | G129: =F129*C129 -> 0 | I129: =G129-E129 -> 0
A130: 45721 | B130: İş ytrm 1626748 THYAO | I130: -81.59
A131: 45620 | B131: iş ytrm ALTIN.S1 32,48 | C131: 4000 | D131: 32.55 | E131: =D131*C131 -> 130200 | F131: 41.73 | G131: =F131*C131 -> 166920 | I131: =G131-E131 -> 36720
A132: 45659 | B132: iş ytrm ALTIN.S1 30,86 | C132: 4000 | D132: 30.86 | E132: =D132*C132 -> 123440 | F132: =F131 -> 41.73 | G132: =F132*C132 -> 166920 | H132: =SUM(G127:G132) -> 333840 | I132: =G132-E132 -> 43480
E133: =SUM(E127:E132) -> 253640 | H133: =(SUM(G127:G132))-(SUM(E127:E132)) -> 80200 | I133: =SUM(I127:I132) -> 80118.41
A135: 45345 | B135: iş ytrm 382789 TTE | C135: 125000 | D135: 1.039943 | E135: =D135*C135 -> 129992.88 | F135: 0.886765 | G135: =F135*C135 -> 110845.62 | I135: =G135-E135 -> -19147.25
A136: 45400 | B136: iş ytrm 382789 RGYAS | C136: 10 | D136: 135 | E136: =D136*C136 -> 1350 | F136: 106.3 | G136: =F136*C136 -> 1063 | I136: =G136-E136 -> -287
A137: 45418 | B137: iş ytrm 382789 KOTON | C137: 38 | D137: 30.5 | E137: =D137*C137 -> 1159 | F137: 15.31 | G137: =F137*C137 -> 581.78 | I137: =G137-E137 -> -577.22
...

Sheet 02_25
F1: GİRİŞ | G1: ÇIKIŞ | H1: BAKİYE
A2: - ŞUBAT 2025 | C2: TOPLAM | D2: =SUM(D4:D31) -> 45000 | E2: =SUM(E4:E32) -> -75400.4 | F2: =SUM(F4:F32) -> 30054.88 | G2: =SUM(G4:G32) -> -96628.72 | H2: =F2+G2 -> -66573.84
H4: =H3+F4+G4 -> 0
H5: =H4+F5+G5 -> 0
H6: =H5+F6+G6 -> 0
A7: 45692 | B7: KK 4876 İşbank | E7: =E37 -> 0 | G7: =E7 -> 0 | H7: =H6+F7+G7 -> 0
A8: 45691 | B8: KK 5165 Denizbank | E8: =E52 -> -29103.34 | G8: =E8 -> -29103.34 | H8: =H7+F8+G8 -> -29103.34
A9: 45873 | B9: emrullah özere - ali demirel avukatlık ücreti | G9: -18000 | H9: =H8+F9+G9 -> -47103.34
A10: 45692 | B10: Aidat Marmara Royal Site 9/12 | E10: -2117.06 | G10: -2116.98 | H10: =H9+F10+G10 -> -49220.32
A11: 45699 | B11: Kira Adem Özen 9/12 Mrmr Ryl A Blok 82 | E11: -17500 | G11: -17500 | H11: =H10+F11+G11 -> -66720.32
A12: 45699 | B12: Doğalgaz Marmara Royal Ablok D:82 | E12: -200 | G12: -391.01 | H12: =H11+F12+G12 -> -67111.33
B13: Elektrik 9522138254 Sanayi | E13: 0 | H13: =H12+F13+G13 -> -67111.33
A14: 45705 | B14: Doğuş Kira 6/12-2025-26 | D14: 15000 | F14: 15000 | H14: =H13+F14+G14 -> -52111.33
A15: 45705 | B15: Doğalgaz 800004222954 Kümbet D10 | E15: -1000 | G15: -2305 | H15: =H14+F15+G15 -> -54416.33
A16: 45705 | B16: Doğalgaz 800004222959 Kümbet D09 | E16: -200 | G16: -40 | H16: =H15+F16+G16 -> -54456.33
A17: 45709 | B17: ali demirel ihtar noter msrf için av. Emrullaha havale | G17: -2391.39 | H17: =H16+F17+G17 -> -56847.72
H18: =H17+F18+G18 -> -56847.72
B19: maaş | D19: 15000 | F19: 15054.88 | H19: =H18+F19+G19 -> -41792.84
B20: yasemin | E20: -7500 | G20: -7502 | H20: =H19+F20+G20 -> -49294.84
B21: umut | E21: -7500 | G21: -7502 | H21: =H20+F21+G21 -> -56796.84
B22: Genel Masraf | E22: -7500 | G22: -7502 | H22: =H21+F22+G22 -> -64298.84
H23: =H22+F23+G23 -> -64298.84
H24: =H23+F24+G24 -> -64298.84
A25: 45716 | B25: SANAYI BELEDIYE SAYC UCRETI | C25: 2024 / 7/9 iş kk | E25: -1380 | G25: -1380 | H25: =H24+F25+G25 -> -65678.84
A26: 45716 | B26: Elektrik 5847500300 Kümbet D09 | E26: -600 | G26: -325 | H26: =H25+F26+G26 -> -66003.84
A27: 45716 | B27: Elektrik 8222520300 Kümbet D10 | E27: -800 | G27: -570 | H27: =H26+F27+G27 -> -66573.84
B28: Doğuş Kira 7/12-2025-26 | D28: 15000 | H28: =H27+F28+G28 -> -66573.84
H29: =H28+F29+G29 -> -66573.84
B30: TUSDATA 2025 22/30 79605 - 8845 = 70760 | H30: =H29+F30+G30 -> -66573.84
H31: =H30+F31+G31 -> -66573.84
H32: =H31+F32+G32 -> -66573.84
H35: 15000
G36: 2025 01 tüfe | H36: 0.5635
B37: İşbank 4876 KK | E37: =SUM(E38:E49) -> 0 | H37: =H36*H35 -> 8452.5
E38: HESAP KESİM | G38: doğuş | H38: =SUM(H37+H35) -> 23452.5
B52: Denizbank 5165 kk | E52: =SUM(E53:E98) -> -29103.34
A56: 46018 | B56: cevizli | E56: -135
A57: 46016 | B57: kkasap | E57: -240
A58: 46015 | B58: pideci mustafa | E58: -550
A59: 46020 | B59: pegasus kıbrıs umut mezuniyet peri-atila-hc kysr | E59: -12762 | F59: 0
A60: 46021 | B60: merc çorca | E60: -120
A61: 46022 | B61: pegasus kıbrıs umut mezuniyet yasemin ist | E61: -3741 | F61: 0
A62: 46022 | B62: pegasus kıbrıs umut mezuniyet ayşe ist | E62: -3741 | F62: 0
A63: 46022 | B63: tvk knt | E63: -560
A64: 45658 | B64: mrkt | E64: -177.87
A65: 45658 | B65: mrkt bonustan | D65: 69.13
A66: 45659 | B66: mrkt | E66: -470
A67: 45660 | B67: tvk dnr | E67: -70
A68: 45660 | B68: ödeme | D68: 7885.34
A69: 45664 | B69: dnr | E69: -230
A70: 45666 | B70: tvk dnr | E70: -70
A71: 45667 | B71: topçam istanbul tasemin karakol | E71: -1000 | F71: 0
A72: 45667 | B72: mola | E72: -75
A73: 45667 | B73: ymk ysmn | E73: -400
A74: 45669 | B74: penti pijama | E74: -2529.97
A75: 45669 | B75: emar yemek | E75: -970
A76: 45669 | B76: emar yemek çocuklar | E76: -970
A77: 45670 | B77: mola | E77: -60
A78: 45672 | B78: pegasus yasemin indirimli | E78: -794 | F78: 0
A79: 45672 | B79: pegasus iade | E79: 1762 | F79: 0
A80: 45672 | B80: merc çorca | E80: -120
A81: 45673 | B81: tvk dnr | E81: -70
A82: 45673 | B82: kasap | E82: -385
A83: 45674 | B83: pide | E83: -100
A84: 45677 | B84: dnr | E84: -230
A85: 45677 | B85: mrkt | E85: -174.5
A86: 45678 | B86: mrcmk çorba | E86: -120
E87: HESAP KESİM
A112: MART 2025 e | B112: Devir | C112: 2025 | G112: =SUM(G116:G142) -> 857724.06
E114: alış Tutar
B115: yasemin | G115: 0
B116: umut | G116: 0
A117: 45716 | B117: pervin | G117: 195330
A118: 45716 | B118: İş 1626748 | G118: 35797.12
B119: denizbank | G119: 500
A121: 45667 | B121: İş ytrm 1626748 801 | C121: 50 | D121: 872.26366 | E121: =D121*C121 -> 43613.183 | F121: 924.55062 | G121: =F121*C121 -> 46227.531 | I121: =G121-E121 -> 2614.3479
A122: 45672 | B122: İş ytrm 1626748 801 | C122: 55 | D122: 877.65409 | E122: =D122*C122 -> 48270.975 | F122: =F121 -> 924.55062 | G122: =F122*C122 -> 50850.284 | I122: =G122-E122 -> 2579.3091
A123: 45680 | B123: İş ytrm 1626748 THYAO | C123: 120 | D123: 305 | E123: =D123*C123 -> 36600 | F123: 308 | G123: =F123*C123 -> 36960 | I123: =G123-E123 -> 360
A124: 45620 | B124: iş ytrm ALTIN.S1 32,48 | C124: 4000 | D124: 32.55 | E124: =D124*C124 -> 130200 | F124: 34.47 | G124: =F124*C124 -> 137880 | I124: =G124-E124 -> 7680
A125: 45659 | B125: iş ytrm ALTIN.S1 30,86 | C125: 4000 | D125: 30.86 | E125: =D125*C125 -> 123440 | F125: =F124 -> 34.47 | G125: =F125*C125 -> 137880 | H125: =SUM(G121:G125) -> 409797.82 | I125: =G125-E125 -> 14440
E126: =SUM(E121:E125) -> 382124.16 | F126: HESAP KESİM | H126: =(SUM(G121:G125))-(SUM(E121:E125)) -> 27673.657 | I126: =SUM(I121:I125) -> 27673.657
A128: 45509 | B128: gau iş alış | C128: 1 | D128: 2500 | E128: =D128*C128 -> 2500 | F128: 3283 | G128: =C128*F128 -> 3283 | I128: =G128-E128 -> 783
A129: 45509 | B129: xau çeyrek | C129: 16 | D129: 4100 | E129: =D129*C129 -> 65600 | F129: =F128*1.73 -> 5679.59 | G129: =C129*F129 -> 90873.44 | I129: =G129-E129 -> 25273.44
A130: 45509 | B130: xau tam | C130: 1 | D130: 16200 | E130: =D130*C130 -> 16200 | F130: =F129*4 -> 22718.36 | G130: =C130*F130 -> 22718.36 | H130: =SUM(G128:G130) -> 116874.8 | I130: =G130-E130 -> 6518.36
E131: =SUM(E128:E130) -> 84300 | H131: =(SUM(G128:G130))-(SUM(E128:E130)) -> 32574.8
A133: 45345 | B133: iş ytrm 382789 TTE | C133: 125000 | D133: 1.039943 | E133: =D133*C133 -> 129992.88 | F133: 0.768361 | G133: =F133*C133 -> 96045.125 | I133: =G133-E133 -> -33947.75
A134: 45400 | B134: iş ytrm 382789 RGYAS | C134: 10 | D134: 135 | E134: =D134*C134 -> 1350 | F134: 112.6 | G134: =F134*C134 -> 1126 | I134: =G134-E134 -> -224
A135: 45418 | B135: iş ytrm 382789 KOTON | C135: 38 | D135: 30.5 | E135: =D135*C135 -> 1159 | F135: 16.9 | G135: =F135*C135 -> 642.2 | I135: =G135-E135 -> -516.8
A136: 45418 | B136: iş ytrm 382789 LILAK | C136: 26 | D136: 37.115 | E136: =D136*C136 -> 964.99 | F136: 23.5 | G136: =F136*C136 -> 611 | H136: =SUM(G133:G136) -> 98424.325 | I136: =G136-E136 -> -353.99
E137: =SUM(E133:E136) -> 133466.86 | F137: HESAP KESİM | H137: =(SUM(G133:G136))-(SUM(E133:E136)) -> -35042.54
B139: USD iş alış 35,4713 | C139: 33.2506
B140: eur iş alış 39,3164 | C140: 36.855 | F140: HESAP KESİM
B141: kasa nakit | G141: 0
B142: nakit | G142: 1000
G143: TOPLAM YATIRIM SONUCU | H143: =H131+H137+H126 -> 25205.917
D145: Ay sonu BAKİYE | F145: HESAP KESİM | G145: =SUM(G116:G142) -> 857724.06
C146: =A112 -> MART 2025 e | D146: Bakiye
A148: 45667 | B148: iş ytrm 382789 801 nzn | C148: 240 | D148: 872.26366 | E148: =D148*C148 -> 209343.28 | F148: =F122 -> 924.55062 | G148: =F148*C148 -> 221892.15 | I148: =G148-E148 -> 12548.87
B149: ALİ DEMİREL (219000) VE SALİH ANT(290000) ÖDEMELERİ MAHKEMEDE İADE OLABİLECEĞİ İÇİN ÖDEME YAPILMADI
A151: 45691 | B151: İş ytrm 1626748 801 satış 25 | D151: 752.55562 | E151: =D151*C151 -> 0 | F151: 899.26057 | G151: =F151*C151 -> 0 | I151: =G151-E151 -> 0
...

Sheet 01_25
F1: GİRİŞ | G1: ÇIKIŞ | H1: BAKİYE
A2: - OCAK 2025 | C2: TOPLAM | D2: =SUM(D4:D44) -> 398664 | E2: =SUM(E4:E44) -> -55562.4 | F2: =SUM(F4:F44) -> 320054.88 | G2: =SUM(G4:G44) -> -59018.87 | H2: =F2+G2 -> 261036.01
H4: =H3+F4+G4 -> 0
H5: =H4+F5+G5 -> 0
A6: 45660 | B6: SnyB salih ant 16 asgari ücret * 22104 = 353664 | H6: =H5+F6+G6 -> 0
A7: 45660 | B7: SnyB salih ant bankadan | D7: 353664 | F7: 290000 | H7: =H6+F7+G7 -> 290000
B8: umut banka hesabı – hmb hesaba havale – 801 – 209 nazan | H8: =H7+F8+G8 -> 290000
A9: 45660 | B9: KK 4876 İşbank | E9: =E67 -> 0 | G9: =E9 -> 0 | H9: =H8+F9+G9 -> 290000
A10: 45660 | B10: KK 5165 Denizbank | E10: =E82 -> -7885.34 | G10: =E10 -> -7885.34 | H10: =H9+F10+G10 -> 282114.66
H11: =H10+F11+G11 -> 282114.66
B12: Aidat Marmara Royal Site 9/12 | E12: -2117.06 | G12: =E12 -> -2117.06 | H12: =H11+F12+G12 -> 279997.6
B13: Kira Adem Özen 8/12 Mrmr Ryl A Blok 82 | E13: -17500 | G13: =E13 -> -17500 | H13: =H12+F13+G13 -> 262497.6
B14: Elektrik 9522138254 Sanayi | E14: 0 | G14: 0 | H14: =H13+F14+G14 -> 262497.6
A15: 45671 | B15: Doğuş Kira 5/12-2025-26 bankadan | D15: 15000 | F15: 15000 | H15: =H14+F15+G15 -> 277497.6
H16: =H15+F16+G16 -> 277497.6
A17: 45677 | B17: Doğalgaz 800004222954 Kümbet D10 | E17: -1000 | G17: -2390 | H17: =H16+F17+G17 -> 275107.6
A18: 45677 | B18: Doğalgaz 800004222959 Kümbet D09 | E18: -200 | G18: -25 | H18: =H17+F18+G18 -> 275082.6
A19: 45677 | B19: Doğalgaz Marmara Royal Ablok D:82 | E19: -200 | G19: -288.97 | H19: =H18+F19+G19 -> 274793.63
H20: =H19+F20+G20 -> 274793.63
A21: 45684 | B21: yasemin 24 ocak için | G21: -4000 | H21: =H20+F21+G21 -> 270793.63
A22: 45684 | B22: yasemin | E22: -7500 | G22: -7501 | H22: =H21+F22+G22 -> 263292.63
A23: 45684 | B23: umut | E23: -7500 | G23: -7501 | H23: =H22+F23+G23 -> 255791.63
A24: 45684 | B24: Genel Masraf | E24: -7500 | G24: -7500 | H24: =H23+F24+G24 -> 248291.63
A25: 45684 | B25: ahmet alp karne | G25: -1000 | H25: =H24+F25+G25 -> 247291.63
A26: 45655 | B26: SANAYI BELEDIYE SAYC UCRETI | C26: 2024 / 5/9 | E26: -1380 | H26: =H25+F26+G26 -> 247291.63
A27: 45686 | B27: SANAYI BELEDIYE SAYC UCRETI | C27: 2024 / 6/9 | E27: -1380 | H27: =H26+F27+G27 -> 247291.63
A28: 45684 | B28: emlak vergileri İŞ KK İLE ÖDENDİ AYŞE-HMB - PERİ BORC YOK | H28: =H27+F28+G28 -> 247291.63
B29: turknet yıllık internet | C29: dnz kk | H29: =H28+F29+G29 -> 247291.63
H30: =H29+F30+G30 -> 247291.63
A31: 45688 | B31: Elektrik 5847500300 Kümbet D09 | E31: -600 | G31: -425 | H31: =H30+F31+G31 -> 246866.63
A32: 45688 | B32: Elektrik 8222520300 Kümbet D10 | E32: -800 | G32: -680 | H32: =H31+F32+G32 -> 246186.63
A33: 45688 | B33: voda 2240 | G33: -205.5 | H33: =H32+F33+G33 -> 245981.13
B34: Doğuş Kira 6/12-2025-26 | D34: 15000 | H34: =H33+F34+G34 -> 245981.13
B35: maaş | D35: 15000 | F35: 15054.88 | H35: =H34+F35+G35 -> 261036.01
B36: TUSDATA 2025 21/30 1*8595 = 8595-250 = 8345 | H36: =H35+F36+G36 -> 261036.01
H37: =H36+F37+G37 -> 261036.01
B47: TUSDATA 2023 8/30 8*250 = 2000 ÖDENDİ
B48: TUSDATA 2024 9/30 – 20/30 12*250 = 3000 ÖDENDİ + 250 TL fazla ödeme yapıldı
B49: TUSDATA 2025 21/30 1*8595 = 8595
B50: TUSDATA 2025 22/30-30/30 9*8845 = 79605
B51: TUSDATA TOPLAM 93450
F53: =E59 -> 93450
B54: TUSDATA 2023 aylık ödendi | C54: 8 | D54: 250 | E54: =D54*C54 -> 2000 | F54: =F53-E54 -> 91450 | G54: ÖDENDİ
B55: TUSDATA 2024 aylık ödendi | C55: 2 | D55: 250 | E55: =D55*C55 -> 500 | F55: =F54-E55 -> 90950 | G55: ÖDENDİ
B56: TUSDATA 2024 Toplu ödendi | C56: 11 | D56: 250 | E56: =D56*C56 -> 2750 | F56: =F55-E56 -> 88200 | G56: ÖDENDİ
B57: TUSDATA 2025 | C57: 1 | D57: 8595 | E57: =D57*C57 -> 8595 | F57: =F56-E57 -> 79605 | G57: ÖDENECEK
B58: TUSDATA 2025 | C58: 9 | D58: 8845 | E58: =D58*C58 -> 79605 | F58: =F57-E58 -> 0 | G58: ÖDENECEK
D59: TOPLAM | E59: =SUM(E54:E58) -> 93450
B61: TUSDATA anlaşma 31-3-2023 te yapıldı | E61: 45016 | G61: 45672
B62: TUSDATA NAKİT FİYATI 57950/18,78 = 3085,73 USD | C62: 3085.73 | D62: usd | E62: 18.78 | F62: =E62*C62 -> 57950.009 | G62: 35.5 | H62: =G62*C62 -> 109543.41
B63: TUSDATA NAKİT FİYATI 57950/1179,83 = 49,12 gr Altın | C63: 49.12 | D63: gr | E63: 1179.83 | F63: =E63*C63 -> 57953.25 | G63: 3075 | H63: =G63*C63 -> 151044
B64: 31-3-2023 USD iş alış 18,78
B65: 31-3-2023 ALTIN İŞ ALIŞ 1179,83
B67: İşbank 4876 KK | E67: =SUM(E68:E79) -> 0
B68: BORÇ YOK | E68: HESAP KESİM
A70: 45715 | B70: turknet 12 aylık internet + 299,90 fazla ödeme | C70: 5938.68 | D70: 6 taksit
B72: 6 ayda ödenecek
B73: 989.78 | C73: 6 | D73: =C73*B73 -> 5938.68
B74: =D74/C73/2 -> 469.89833 | D74: =D73-299.9 -> 5638.78
B75: aylık fiyat
B76: fazla ödeme | D76: =D73-D74 -> 299.9
B82: Denizbank 5165 kk | E82: =SUM(E83:E101) -> -7885.34
A84: 45630 | B84: belediye | E84: -4408.95
B85: mrkt | E85: -215.45
A86: 45621 | B86: toyota gaz | E86: -200
A87: 45630 | B87: ödeme | C87: 9239.03 | E87: -250
B88: mrkt | E88: -230.94
B89: audi kışlık dğşm | E89: -600
A90: 45633 | B90: döner vedat | E90: -200
B91: audi benzin | E91: -500
B92: pervin ankara-tokat | E92: -630
B93: pide | E93: -50
B94: audi benzin | E94: -500
A95: 45649 | B95: işkembe | E95: -100
E96: HESAP KESİM
A107: ŞUBAT 2025 e | B107: Devir | C107: 2025 | G107: =SUM(G111:G139) -> 906718.19
E109: alış Tutar
B110: yasemin | G110: 0
B111: umut | G111: 0
A112: 45691 | B112: pervin | G112: 221330
A113: 45691 | B113: İş 1626748 | G113: 5000
B114: denizbank
A117: 45553 | B117: İş ytrm 1626748 801 | C117: 25 | D117: 752.55562 | E117: =D117*C117 -> 18813.89 | F117: 899.26057 | G117: =F117*C117 -> 22481.514 | I117: =G117-E117 -> 3667.6239
A118: 45667 | B118: İş ytrm 1626748 801 | C118: 100 | D118: 872.26366 | E118: =D118*C118 -> 87226.366 | F118: =F117 -> 899.26057 | G118: =F118*C118 -> 89926.057 | I118: =G118-E118 -> 2699.6909
A119: 45672 | B119: İş ytrm 1626748 801 | C119: 55 | D119: 877.65409 | E119: =D119*C119 -> 48270.975 | F119: =F118 -> 899.26057 | G119: =F119*C119 -> 49459.332 | I119: =G119-E119 -> 1188.3565
A120: 45680 | B120: İş ytrm 1626748 THYAO | C120: 120 | D120: 305 | E120: =D120*C120 -> 36600 | F120: 313.75 | G120: =F120*C120 -> 37650 | I120: =G120-E120 -> 1050
A121: 45620 | B121: iş ytrm ALTIN.S1 32,48 | C121: 4000 | D121: 32.55 | E121: =D121*C121 -> 130200 | F121: 33.55 | G121: =F121*C121 -> 134200 | I121: =G121-E121 -> 4000
A122: 45659 | B122: iş ytrm ALTIN.S1 30,86 | C122: 4000 | D122: 30.86 | E122: =D122*C122 -> 123440 | F122: =F121 -> 33.55 | G122: =F122*C122 -> 134200 | H122: =SUM(G117:G122) -> 467916.9 | I122: =G122-E122 -> 10760
E123: =SUM(E117:E122) -> 444551.23 | F123: HESAP KESİM | H123: =(SUM(G117:G122))-(SUM(E117:E122)) -> 23365.671 | I123: =SUM(I117:I122) -> 23365.671
A125: 45509 | B125: gau iş alış | C125: 1 | D125: 2500 | E125: =D125*C125 -> 2500 | F125: 3250 | G125: =C125*F125 -> 3250 | I125: =G125-E125 -> 750
A126: 45509 | B126: xau çeyrek | C126: 16 | D126: 4100 | E126: =D126*C126 -> 65600 | F126: 5300 | G126: =C126*F126 -> 84800 | I126: =G126-E126 -> 19200
A127: 45509 | B127: xau tam | C127: 1 | D127: 16200 | E127: =D127*C127 -> 16200 | F127: =F126*4 -> 21200 | G127: =C127*F127 -> 21200 | H127: =SUM(G125:G127) -> 109250 | I127: =G127-E127 -> 5000
E128: =SUM(E125:E127) -> 84300 | F128: HESAP KESİM | H128: =(SUM(G125:G127))-(SUM(E125:E127)) -> 24950
A130: 45345 | B130: iş ytrm 382789 TTE | C130: 125000 | D130: 1.039943 | E130: =D130*C130 -> 129992.88 | F130: 0.797726 | G130: =F130*C130 -> 99715.75 | I130: =G130-E130 -> -30277.125
A131: 45400 | B131: iş ytrm 382789 RGYAS | C131: 10 | D131: 135 | E131: =D131*C131 -> 1350 | F131: 118.2 | G131: =F131*C131 -> 1182 | I131: =G131-E131 -> -168
A132: 45418 | B132: iş ytrm 382789 KOTON | C132: 38 | D132: 30.5 | E132: =D132*C132 -> 1159 | F132: 17.67 | G132: =F132*C132 -> 671.46 | I132: =G132-E132 -> -487.54
A133: 45418 | B133: iş ytrm 382789 LILAK | C133: 26 | D133: 37.115 | E133: =D133*C133 -> 964.99 | F133: 25.08 | G133: =F133*C133 -> 652.08 | H133: =SUM(G130:G133) -> 102221.29 | I133: =G133-E133 -> -312.91
E134: =SUM(E130:E133) -> 133466.86 | F134: HESAP KESİM | H134: =(SUM(G130:G133))-(SUM(E130:E133)) -> -31245.575
B136: USD iş alış 35,4713 | C136: 33.2506
B137: eur iş alış 39,3164 | C137: 36.855
...

Sheet PERI_24
B2: 2024 | C2: hesaba yazılmayan | D2: hacı ödeme | E2: peri ödeme | F2: BAKİYE
A5: 45291 | B5: 2023 den devir PERİ BORÇLU | F5: 1072
A6: 45306 | B6: aliden kredi için alınan 15/01/2024 taksidi | E6: 3450 | F6: =F5+D6-E6 -> -2378
A7: 45309 | B7: audi mtv 2024-1 | D7: 899 | F7: =F6+D7-E7 -> -1479
A8: 45309 | B8: trafik cezası maliyeden | D8: 1093.65 | F8: =F7+D8-E8 -> -385.35
A9: 45310 | B9: ankaraya giderken nakit (umut) | D9: 1000 | F9: =F8+D9-E9 -> 614.65
A10: 45319 | B10: trafik cezası muhtardan | C10: 713.25 | F10: =F9+D10-E10 -> 614.65
B11: kayseri otobüs bileti | D11: 1200 | F11: =F10+D11-E11 -> 1814.65
A12: 45366 | B12: 1 adet çeyrek | D12: 4100 | F12: =F11+D12-E12 -> 5914.65
A13: 45366 | B13: işbanktan hacıya havale | E13: 6300 | F13: =F12+D13-E13 -> -385.35
A14: 45366 | B14: işbanktan periye havale kred iiçin | D14: 3450 | F14: =F13+D14-E14 -> 3064.65
A15: 45366 | B15: ziraat kredi ödemesi | E15: 3461 | F15: =F14+D15-E15 -> -396.35
A16: 45371 | B16: audi teker porya-yazlık lastik değişimi | C16: 3350 | F16: =F15+D16-E16 -> -396.35
A17: 45412 | B17: panter testere 1/9 | E17: 500 | F17: =F16+D17-E17 -> -896.35
A18: 45398 | B18: işbanktan periye havale kred iiçin | D18: 3467 | E18: 3461 | F18: =F17+D18-E18 -> -890.35
B19: azaerbaycan otel için 240 usd *32 | E19: 7680 | F19: =F18+D19-E19 -> -8570.35
A20: 45427 | B20: ali kredi için -ali bankaya yatırmış | F20: =F19+D20-E20 -> -8570.35
A21: 45442 | B21: panter testere 2/9 | E21: 500 | F21: =F20+D21-E21 -> -9070.35
A22: 45442 | B22: audi kaza için alınan | E22: 120000 | F22: =F21+D22-E22 -> -129070.35
A23: 45442 | B23: audi kaza için harcanan | D23: 21000 | F23: =F22+D23-E23 -> -108070.35
A24: 45458 | B24: aliden kredi için alınan 15/06/2024 taksidi | D24: 3450 | F24: =F23+D24-E24 -> -104620.35
A25: 45458 | B25: ziraate havale kredi için bayram öncesi | E25: 3467 | F25: =F24+D25-E25 -> -108087.35
A26: 45453 | B26: benzin | C26: 1500 | F26: =F25+D26-E26 -> -108087.35
B27: trafik cezaı yıldızeli | C27: 1300 | F27: =F26+D27-E27 -> -108087.35
A28: 45470 | B28: çeyrek 5 ad. 4030 * 5 | D28: 20150 | F28: =F27+D28-E28 -> -87937.35
A29: 45473 | B29: panter testere 3/9 | E29: 500 | F29: =F28+D29-E29 -> -88437.35
A30: 45487 | B30: elden nakit aliden alınan kredi için | D30: 3500 | F30: =F29+D30-E30 -> -84937.35
A31: 45487 | B31: peri ziraat kredi ödemesi taksit 76 | E31: 3465.81 | F31: =F30+D31-E31 -> -88403.16
A32: 45503 | B32: panter testere 4/9 -9/9 6 taksit | E32: 3000 | F32: =F31+D32-E32 -> -91403.16
B33: ARACI ALMADAN ÖNCE HACI BORÇ TOPLAMI | F33: =F32+D33-E33 -> -91403.16
B35: tcross 12-8-2024 | D35: 1466500 | F35: =D35-E35 -> 1466500
B36: sigorta | D36: 11631 | F36: =F35+D36-E36 -> 1478131
B37: kasko | D37: 15500 | F37: =F36+D37-E37 -> 1493631
B38: ARAÇ TOPLAM MALİYET | F38: =F37+D38-E38 -> 1493631
F39: =F38+D39-E39 -> 1493631
B40: ARAÇ ÖNCESİ HESAP | E40: =F33*-1 -> 91403.16 | F40: =F39+D40-E40 -> 1402227.8
B41: TRAFİK SİGORTASI | E41: 11631 | F41: =F40+D41-E41 -> 1390596.8
B42: KASKO 9 taksitte ödenecek peri kk | E42: 15500 | F42: =F41+D42-E42 -> 1375096.8
B43: atiladan yasemine araba için | E43: 100000 | F43: =F42+D43-E43 -> 1275096.8
B44: Yasemin + dersanedwn | E44: 75000 | F44: =F43+D44-E44 -> 1200096.8
B45: Yasemin maaştan ödeyecek | E45: 59783.84 | F45: =F44+D45-E45 -> 1140313
B46: ATİLADAN geri alınan EMANET ALTIN | E46: 550000 | F46: =F45+D46-E46 -> 590313
A47: 45509 | B47: pervin 6 ad çeyrek *4100 | F47: =F46+D47-E47 -> 590313
B48: pervin 1 ad tam *16200 | F48: =F47+D48-E48 -> 590313
B49: pervin 1 ad gram *2500 | F49: =F48+D49-E49 -> 590313
B50: pervin 10 ad çeyrek *4100 | E50: 84313 | F50: =F49+D50-E50 -> 506000
B51: ziraat kredi 68000 TL aliden nakit alındı ziraate 22 taksitte ödenecek | E51: 68000 | F51: =F50+D51-E51 -> 438000
B52: Pervin Kredi sordu- 300000 TL veriyolarmış 12 AYDA 450000 TL GERİ ödemesi varmış
B53: 300000 den fazla vermiyor banka
B54: Çocukların okul masrafları için altın olarak biriktirdiğim parayı
B55: faiz ödemesin diye verdim. Ayda 36 500 ödeyebilirim dedi
B56: Gram Altın 438000 TL/2637 TL/gr
C57: 2637 | D57: TL/gr
B58: araç için bozdurduğum gr altın | C58: =F59/C57 -> 166.09784 | D58: gr
F59: =F51+D59-E59 -> 438000
A60: 45519 | B60: PERVİNDEN HAVALE taksit 1/12 | C60: ÖDENDİ | E60: 30000 | F60: =F59+D60-E60 -> 408000
B61: havale | D61: 200 | F61: =F60+D61-E61 -> 408200
B62: istanbul tokat topçam bilet | E62: 1100 | F62: =F61+D62-E62 -> 407100
A63: 45536 | B63: Taksit 1/12 kalan | C63: ÖDENDİ | E63: 5600 | F63: =F62+D63-E63 -> 401500
A64: 45550 | B64: Taksit 2/12 30000 | C64: ÖDENDİ | E64: 30000 | F64: =F63+D64-E64 -> 371500
A65: 45565 | B65: Taksit 2/12 6000 | C65: 500 noksan ÖDENDİ | E65: 6000 | F65: =F64+D65-E65 -> 365500
A66: 45580 | B66: Taksit 3/12 30000 | C66: ÖDENDİ | E66: 30000 | F66: =F65+D66-E66 -> 335500
A67: 45595 | B67: Taksit 3/12 6000 | C67: 500 noksan ÖDENDİ | E67: 6000 | F67: =F66+D67-E67 -> 329500
A68: 45611 | B68: Taksit 4/12 36,500 | C68: 700 noksan ÖDENDİ | E68: 35800 | F68: =F67+D68-E68 -> 293700
B69: ankara-tokat bilet | D69: 630 | F69: =F68+D69-E69 -> 294330
B70: sivas benzin | D70: 1000 | F70: =F69+D70-E70 -> 295330
A71: 45641 | B71: Taksit 5/12 36,500 | C71: 1500 fazla | E71: 38000 | F71: =F70+D71-E71 -> 257330
B76: TCROSS | D76: 1466500 | F76: =F75+D76-E76 -> 1466500
B77: TRAFİK SİGORTASI | D77: 11631 | F77: =F76+D77-E77 -> 1478131
B78: KASKO SİGORTASI | D78: 15500 | F78: =F77+D78-E78 -> 1493631
F79: =F78+D79-E79 -> 1493631
F80: =F79+D80-E80 -> 1493631
B81: T-CROSS TOPLAM MALİYET | F81: =F80+D81-E81 -> 1493631
B83: ÖDEMELER | C83: Ödeyen | E83: Miktar | F83: Bakiye
F84: =F81+D84-E84 -> 1493631
F85: =F84-E85 -> 1493631
B86: Yasemin | C86: Yasemin | E86: =E44+E45 -> 134783.84 | F86: =F85-E86 -> 1358847.2
F87: =F86-E87 -> 1358847.2
B88: ATİLA | C88: Atila | E88: 100000 | F88: =F87-E88 -> 1258847.2
F89: =F88-E89 -> 1258847.2
B90: sigorta | C90: hacı | E90: 11631 | F90: =F89-E90 -> 1247216.2
B91: kasko | C91: hacı | E91: 15500 | F91: =F90-E91 -> 1231716.2
B92: AUDİ KAZA HESAPTAN | E92: =F33*-1 -> 91403.16 | F92: =F91-E92 -> 1140313
D93: Yasemin Atila Hacı Toplam Ödeme | E93: =SUM(E86:E92) -> 353318
F95: =F92 -> 1140313
B96: BİRİKMİŞ ALTIN (yasemin ev kirası) | C96: hacı-Pervin | E96: 550000 | F96: =F95-E96 -> 590313
F97: =F96-E97 -> 590313
F98: =F97-E98 -> 590313
B99: 12*36500 taksit ödemesi | C99: Pervin | E99: 438000 | F99: =F98-E99 -> 152313
F100: =F99-E100 -> 152313
F101: =F100-E101 -> 152313
B102: PERVİN ALTIN - fiziki | C102: Pervin | E102: 84313 | F102: =F101-E102 -> 68000
B103: ZİRAAT KREDİ - ali balcıdan | C103: Pervin | E103: 68000 | F103: =F102-E103 -> 0
B104: 3450 TL ödemeli ziraat kredi borcunu
B105: Ali balcı nakit olarak verdi
B106: Pervin kredi olarak aylık ziraate ödeyecek
D107: Pervin Toplam Ödeme | E107: =SUM(E99:E106) -> 590313
E109: =E107+E96+E93 -> 1493631
B111: YASEMİN ARAÇ HESABI
F113: =F112+D113-E113 -> 0
...

Sheet cross
E2: gr | F2: 2513
E3: çeyrek | F3: 4100
E4: s1 | F4: 26.15
E5: iş 801
D7: adet | E7: fiyat | F7: tutar | H7: bakiye
A8: gelen | B8: 44562 | C8: 94,25 gr bilezik * 2400 TL/gr (22 ayar) | D8: 94.25 | E8: 2400 | F8: 225000
A9: altın | B9: 44562 | C9: 78 çeyrek * 4200 | D9: 78 | E9: 4200 | F9: 325000
B11: 45509 | C11: iş 801 | D11: 779 | E11: 710.60565 | F11: =E11*D11 -> 553561.8 | G11: =F11 -> 553561.8 | H11: =G11 -> 553561.8
A14: pervin | B14: 45509 | C14: pervin 13 ad çeyrek *4200 benim kasada | D14: 13 | E14: =$F$3 -> 4100 | F14: =E14*D14 -> 53300 | H14: =H11+F14 -> 606861.8
B15: 45357 | C15: pervin 6 ad çeyrek *4200 benim kasada | D15: 6 | E15: =$F$3 -> 4100 | F15: =E15*D15 -> 24600 | H15: =H14+F15 -> 631461.8
C16: pervin 1 ad tam *16200 benim kasada | D16: 1 | E16: 16000 | F16: =E16*D16 -> 16000 | H16: =H15+F16 -> 647461.8
C17: pervin 1 ad gram *2500 benim kasada | D17: 1 | E17: =$F$2 -> 2513 | F17: =E17*D17 -> 2513 | H17: =H16+F17 -> 649974.8
C18: pervin banka 10 kasada | D18: 10 | E18: =$F$3 -> 4100 | F18: =E18*D18 -> 41000 | G18: =SUM(F14:F18) -> 137413 | H18: =H17+F18 -> 690974.8
A20: hacı | B20: 45509 | C20: okul parasından gelecek (nakit) | D20: 1 | E20: 60000 | F20: =E20*D20 -> 60000 | H20: =H18+F20 -> 750974.8
C21: gr altın 5 * 2500 OKUL PARASI KALSIN | D21: 5 | E21: =$F$2 -> 2513 | F21: =E21*D21 -> 12565
C22: gr altın 36 * 2500 (audi) | D22: 32 | E22: =$F$2 -> 2513 | F22: =E22*D22 -> 80416 | H22: =H20+F22 -> 831390.8 | I22: BOZ
C23: gr altın 94 * 2520 | D23: 93 | E23: =$F$2 -> 2513 | F23: =E23*D23 -> 233709 | H23: =H22+F23 -> 1065099.8 | I23: BOZ
C24: dolsr 850 *32 OKUL PARASI KALSIN | D24: 850 | E24: 31 | F24: =E24*D24 -> 26350 | I24: BOZ
C25: s1 25,93*7500 | D25: 7500 | E25: =$F$4 -> 26.15 | F25: =E25*D25 -> 196125 | G25: =SUM(F20:F25) -> 609165 | H25: =H23+F25 -> 1261224.8 | I25: BOZ
A27: yasemin | B27: satıldı | C27: s1 | D27: 471 | E27: =$F$4 -> 26.15 | F27: =E27*D27 -> 12316.65 | H27: =H25+F27 -> 1273541.4 | I27: boz
C28: ytr 801 | D28: 31 | E28: 709 | F28: =E28*D28 -> 21979 | H28: =H27+F28 -> 1295520.4 | I28: ASIL HESAP
B29: satıldı | C29: ytr 808 722 adet deil TL imiş | D29: 30 | E29: 722 | F29: =E29*D29 -> 21660 | H29: =H28+F29 -> 1317180.4 | I29: boz
C30: ytr 812 | D30: 3680 | E30: 0.85 | F30: =E30*D30 -> 3128 | H30: =H29+F30 -> 1320308.4 | I30: KALSIN
B31: satıldı | C31: gr OKUL PARASI KALSIN | D31: 77.3 | E31: =$F$2 -> 2513 | F31: =E31*D31 -> 194254.9 | G31: =SUM(F27:F31) -> 253338.55
H32: =H30+F32 -> 1320308.4
A33: Atila | C33: nakit | F33: 100000 | G33: =F33 -> 100000 | H33: =H32+F33 -> 1420308.4 | I33: GELECEK
A34: Ali | C34: nakit | F34: 68000 | G34: 68000 | H34: =H33+F34 -> 1488308.4 | I34: GELECEK
G42: ÖDEME | J42: KALAN
J43: 1500000
C44: uyasemin iş 801 | F44: 22058 | H44: =H43+F44-G44 -> 22058
A45: yasemin | C45: umut okul parasından umut -> peri > yasemin havale edildi | F45: 155000 | H45: =H44+F45-G45 -> 177058
C46: kaparo için doğuş otoya yaseminden havale | G46: 50000 | H46: =H45+F46-G46 -> 127058 | I46: ÖDENDİ | J46: =J43-G46 -> 1450000
C47: yasemin 808 den gelen | F47: 722 | H47: =H46+F47-G47 -> 127780 | I47: HESAPTA
H48: =H47+F48-G48 -> 127780
H49: =H48+F49-G49 -> 127780
C50: yasemin s1 den gelecek ÇARŞAMBA SATILDI | F50: 12290 | H50: =H49+F50-G50 -> 140070 | I50: GELECEK | J50: =J46-G50 -> 1450000
J51: =J50-H50 -> 1309930
B55: 45509 | C55: hacı iş 801 | D55: 779 | E55: 711.5756 | F55: =E55*D55 -> 554317.39 | H55: =H54+F55-G55 -> 554317.39 | I55: HESAPTA
H56: =H55+F56-G56 -> 554317.39
C57: gr | D57: 125 | E57: 2510 | F57: =E57*D57 -> 313750 | H57: =H56+F57-G57 -> 868067.39 | I57: GELECEK
C58: fiziki | D58: 20 | E58: 4000 | F58: =E58*D58 -> 80000 | H58: =H57+F58-G58 -> 948067.39 | I58: GELECEK
H59: =H58+F59-G59 -> 948067.39
C60: s1 hacı | D60: 7500 | E60: 26.15 | F60: =E60*D60 -> 196125 | H60: =H59+F60-G60 -> 1144192.4 | I60: GELECEK
C61: atila | F61: 100000 | H61: =H60+F61-G61 -> 1244192.4 | I61: GELECEK
C62: ali | F62: 68000 | H62: =H61+F62-G62 -> 1312192.4 | I62: GELECEK
J63: =J51 -> 1309930
J64: =J63-H62 -> -2262.3924
B67: 45512 | C67: PERŞEMBE
C69: uyasemin iş 801 | F69: 127500 | H69: =H68+F69-G69 -> 127500
C70: umut okul parasından umut -> peri > yasemin havale edildi | H70: =H69+F70-G70 -> 127500
C71: kaparo için doğuş otoya yaseminden havale | G71: 50000 | H71: =H70+F71-G71 -> 77500 | I71: ÖDENDİ
C72: yasemin 808 den gelen | F72: 722 | H72: =H71+F72-G72 -> 78222 | I72: HESAPTA
C73: YASEMİN OKUL PARASI | F73: 195000 | H73: =H72+F73-G73 -> 273222
B74: 45509 | C74: hacı iş 801 | D74: 1235 | E74: 711.5756 | F74: =E74*D74 -> 878795.87 | H74: =H73+F74-G74 -> 1152017.9 | I74: HESAPTA
H75: =H74+F75-G75 -> 1152017.9
H76: =H75+F76-G76 -> 1152017.9 | I76: GELECEK
C77: yasemin s1 den gelecek | F77: 12290 | H77: =H76+F77-G77 -> 1164307.9 | I77: GELECEK
C78: atila | F78: 100000 | H78: =H77+F78-G78 -> 1264307.9 | I78: GELECEK
C79: ali | F79: 100000 | H79: =H78+F79-G79 -> 1364307.9 | I79: GELECEK
H80: =H79+F80-G80 -> 1364307.9
C81: s1 hacı PERŞEMBE SATILDI | D81: 7500 | E81: 26.13 | H81: =H80+F81-G81 -> 1364307.9 | I81: GELECEK
C82: fiziki | D82: 20 | E82: 4000 | G82: 1416500 | H82: =H81+F82-G82 -> -52192.134 | I82: GELECEK

Sheet GNLK-_2024
C1: TAHMİNİ | F1: GERÇEKLEŞEN | K1: NZN | L1: HC | N1: NY
A2: -2024 | B2: GİRİŞ | C2: ÇIKIŞ | D2: BAKİYE | E2: GİRİŞ | F2: ÇIKIŞ | G2: BAKİYE | J2: kR | K2: 0.235384 | L2: =1-K2 -> 0.764616 | M2: Hc 1/1 | N2: =F115/1000 -> 698.2203
A3: Ocak | B3: ='01_24'!D2 -> 340464.6 | C3: ='01_24'!E2 -> -52469.76 | D3: =B3+C3 -> 287994.84 | E3: ='01_24'!F2 -> 194911.58 | F3: ='01_24'!G2 -> -66377.21 | G3: =E3+F3 -> 128534.37 | I3: dgs | J3: 180 | M3: =J3 -> 180 | N3: ='01_24'!E118/1000 -> 813.15151
A4: Şubat | B4: ='02_24'!D2 -> 19300 | C4: ='02_24'!E2 -> -65325.85 | D4: =B4+C4+D3 -> 241968.99 | E4: ='02_24'!F2 -> 20543.64 | F4: ='02_24'!G2 -> -69834.74 | G4: =E4+F4+G3 -> 79243.27 | I4: sF | J4: 235 | K4: =J4*$K$2 -> 55.31524 | L4: =J4-K4 -> 179.68476 | N4: ='02_24'!E111/1000 -> 809.24983
A5: Mart | B5: ='03_24'!D2 -> 12800 | C5: ='03_24'!E2 -> -114592.82 | D5: =B5+C5+D4 -> 140176.17 | E5: ='03_24'!F2 -> 19667.49 | F5: ='03_24'!G2 -> -116144.16 | G5: =E5+F5+G4 -> -17233.4 | I5: tzg | M5: =J5 -> 0 | N5: ='03_24'!E108/1000 -> 745.85205
A6: Nisan | B6: ='04_24'!D2 -> 40000 | C6: ='04_24'!E2 -> -51710.3 | D6: =B6+C6+D5 -> 128465.87 | E6: ='04_24'!F2 -> 332427.62 | F6: ='04_24'!G2 -> -86892.22 | G6: =E6+F6+G5 -> 228302 | I6: maaş ocak-haziran | M6: =E18/1000 -> 68.50557 | N6: ='04_24'!E111/1000 -> 774.28774
A7: Mayıs | B7: ='05_24'!D2 -> 25000 | C7: ='05_24'!E2 -> -64525.01 | D7: =B7+C7+D6 -> 88940.86 | E7: ='05_24'!F2 -> 25427.62 | F7: ='05_24'!G2 -> -64483.92 | G7: =E7+F7+G6 -> 189245.7 | I7: maaş temmuz-aralık | M7: =E19/1000 -> 77.93537 | N7: ='05_24'!E101/1000 -> 1018.9679
A8: Hazrn | B8: ='06_24'!D2 -> 33500 | C8: ='06_24'!E2 -> -77377.564 | D8: =B8+C8+D7 -> 45063.296 | E8: ='06_24'!F2 -> 13427.62 | F8: ='06_24'!G2 -> -97778.154 | G8: =E8+F8+G7 -> 104895.17 | I8: lise | J8: 225 | M8: =J8/4 -> 56.25 | N8: ='06_24'!E118/1000 -> 794.30216
A9: Temmz | B9: ='07_24'!D2 -> 51000 | C9: ='07_24'!E2 -> -85166.06 | D9: =B9+C9+D8 -> 10897.236 | E9: ='07_24'!F2 -> 27984.15 | F9: ='07_24'!G2 -> -87971.62 | G9: =E9+F9+G8 -> 44907.696 | I9: sE | J9: 204 | K9: =J9*$K$2 -> 48.018336 | L9: =J9-K9 -> 155.98166 | N9: ='07_24'!E133/1000 -> 981.30373
A10: Ağusts | B10: ='08_24'!D2 -> 195484.15 | C10: ='08_24'!E2 -> -88440.67 | D10: =B10+C10+D9 -> 117940.72 | E10: ='08_24'!F2 -> 28006.38 | F10: ='08_24'!G2 -> -88381.87 | G10: =E10+F10+G9 -> -15467.794 | I10: ap | J10: 500 | M10: =J10*0.13 -> 65 | N10: ='08_24'!E125/1000 -> 981.30373
A11: Eylül | B11: ='09_24'!D2 -> 36484.15 | C11: ='09_24'!E2 -> -81364.9 | D11: =B11+C11+D10 -> 73059.966 | E11: ='09_24'!F2 -> 98006.38 | F11: ='09_24'!G2 -> -69863.54 | G11: =E11+F11+G10 -> 12675.046 | I11: sG | J11: 0 | K11: =J11*$K$2 -> 0 | L11: =J11-K11 -> 0 | N11: ='09_24'!E101/1000 -> 749.1966
A12: Ekim | B12: ='10_24'!D2 -> 27984.15 | C12: ='10_24'!E2 -> -126233.27 | D12: =B12+C12+D11 -> -25189.154 | E12: ='10_24'!F2 -> 64006.38 | F12: ='10_24'!G2 -> -123041.59 | G12: =E12+F12+G11 -> -46360.164 | I12: sA | J12: 0 | K12: =J12*$K$2 -> 0 | L12: =J12-K12 -> 0 | N12: ='10_24'!E136/1000 -> 726.0586
A13: Kasım | B13: ='11_24'!D2 -> 277984.15 | C13: ='11_24'!E2 -> -182434.39 | D13: =B13+C13+D12 -> 70360.606 | E13: ='11_24'!F2 -> 212306.38 | F13: ='11_24'!G2 -> -220559.32 | G13: =E13+F13+G12 -> -54613.104 | I13: sCD | J13: 219 | K13: =J13*$K$2 -> 51.549096 | L13: =J13-K13 -> 167.4509 | N13: ='11_24'!E111/1000 -> 695.35238
A14: Aralık | B14: ='12_24'!D2 -> 27984.15 | C14: ='12_24'!E2 -> -62202.76 | D14: =B14+C14+D13 -> 36141.996 | E14: ='12_24'!F2 -> 246925.7 | F14: ='12_24'!G2 -> -130909.76 | G14: =E14+F14+G13 -> 61402.836 | I14: sB | J14: 170 | K14: =J14*$K$2 -> 40.01528 | L14: =J14-K14 -> 129.98472 | N14: ='12_24'!E125/1000 -> 676.38338
A15: TPLM | B15: =SUM(B3:B14) -> 1087985.4 | C15: =SUM(C3:C14) -> -1051843.4 | D15: =B15+C15 -> 36141.996 | E15: =SUM(E3:E14) -> 1283640.9 | F15: =SUM(F3:F14) -> -1222238.1 | G15: =E15+F15 -> 61402.836 | J15: =SUM(J3:J14) -> 1733 | K15: =SUM(K4:K14) -> 194.89795 | L15: =SUM(L4:L14) -> 633.10205 | M15: =M10+M8+M6+M5+M3+M7 -> 447.69094
A16: 12 | B16: =B15/A16 -> 90665.446 | C16: =C15/A16 -> -87653.613 | E16: =E15/A16 -> 106970.08 | F16: =F15/A16 -> -101853.18 | G16: =G15/A16 -> 5116.903 | J16: =J15/12 -> 144.41667 | K16: =K15/12 -> 16.241496 | L16: =L15/12 -> 52.758504 | M16: =M15/12 -> 37.307578 | N16: =AVERAGE(N2:N15) -> 804.89461
K17: TPLM | L17: =L15+M15 -> 1080.793
D18: ocak-haziran maaş toplamı | E18: ='01_24'!F27+'02_24'!F14+'02_24'!F25+'03_24'!F19+'04_24'!F41+'05_24'!F22+'06_24'!F19+'06_24'!F31+'04_24'!F15 -> 68505.57 | K18: AYLK | M18: =L17/12 -> 90.066082
D19: temmuz-aralık maaş toplamı | E19: ='07_24'!F30+'08_24'!F25+'09_24'!F19+'10_24'!F29+'11_24'!F34+'12_24'!F22 -> 77935.37
D20: Toplam ;Emekli maaşı | E20: =SUM(E18:E19) -> 146440.94
B21: 44896
B22: 6986.25 | C22: 0.375785 | D22: 0.4925919
B23: =B22*C22 -> 2625.328 | C23: ocak artış % | D23: =B22*D22 -> 3441.3702
B24: =SUM(B22:B23) -> 9611.578 | C24: ocak 23 maaş | D24: =D23+B22 -> 10427.62
C25: =(D27/D24)-1 -> 0.2473009
C26: temmuz artış
C27: temmuz 23 maaş | D27: 13006.38
B30: MAHKEME
C31: DEMİREL ARABULUCULUK
C32: MERDAL TAKİP
B34: FATURA
C35: ELEKTRİK
C36: KREDİ
B37: TZG
C38: ÖLÇÜM
C39: SINIR TESPİTİ
C40: DUVAR VE KAPI YAPIMI
C41: ELEKTRİK-SU ABONE İŞLEMLERİ
C42: ELEKTRİK TESİSAT
B43: BAHÇE
C44: KERESTE
B115: ARALIK | C115: Devir | D115: 2023 | F115: =SUM(F116:F132) -> 698220.3
B116: 45290 | C116: yasemin | F116: 64000
B117: =B116 -> 45290 | C117: umut | F117: 218088
B118: =B117 -> 45290 | C118: İş 789 | F118: 3609.29
B119: =B118 -> 45290 | C119: iş sny | F119: 122.31
B120: =B119 -> 45290 | C120: iş ytrm | F120: 6267.13
B121: =B120 -> 45290 | C121: iş 801 | D121: 40 * 527,212240 | F121: 21088.49
B122: =B121 -> 45290 | C122: iş 808 | D122: 300 * 18,625761 | F122: 5587.73
B123: =B122 -> 45290 | C123: AVPGY | D123: 45295 | E123: -629.36 | F123: 4752.22
B124: =B123 -> 45290 | C124: MEGMT | D124: 45295 | E124: -52.52 | F124: 315.38
B125: =B124 -> 45290 | C125: SURGY | D125: 45295 | E125: -196 | F125: 295.8
B126: =B125 -> 45290 | C126: TABGD | D126: 45295 | E126: -669.7 | F126: 4239.3
B127: =B120 -> 45290 | C127: denizbank | F127: 1000
B128: =B119 -> 45290 | C128: xau iş alış 1987 | D128: 1928.59 | E128: 161 | F128: =E128*D128 -> 310502.99
B129: =B128 -> 45290 | C129: usd iş satış-alış 30,19258 | D129: 29.2927 | E129: 850 | F129: =E129*D129 -> 24898.795
B130: =B129 -> 45290 | C130: eur iş alış 33,0124 | D130: 32.0287 | E130: 100 | F130: =E130*D130 -> 3202.87
B131: =B130 -> 45290 | C131: kasa nakit | F131: 30000
B132: =B131 -> 45290 | C132: nakit | F132: 250
D133: =B115 -> ARALIK | E133: Bakiye | F133: =H33 -> 0
E135: Ay sonu BAKİYE | F135: =SUM(F116:F132) -> 698220.3

Sheet 12_24
F1: GİRİŞ | G1: ÇIKIŞ | H1: BAKİYE
A2: - ARALIK 2024 | C2: TOPLAM | D2: =SUM(D4:D40) -> 27984.15 | E2: =SUM(E4:E41) -> -62202.76 | F2: =SUM(F4:F40) -> 246925.7 | G2: =SUM(G4:G36) -> -130909.76 | H2: =F2+G2 -> 116015.94
H4: =H3+F4+G4 -> 0
A5: 45631 | B5: KK 4876 İşbank | E5: =E76 -> -1797.23 | G5: =E5 -> -1797.23 | H5: =H4+F5+G5 -> -1797.23
A6: 45630 | B6: KK 5165 Denizbank | E6: =E91 -> -9239.03 | G6: =E6 -> -9239.03 | H6: =H5+F6+G6 -> -11036.26
A7: 45630 | B7: Aidat Marmara Royal Site 9/12 | E7: -1500 | G7: -1512.13 | H7: =H6+F7+G7 -> -12548.39
B8: Kira Adem Özen 7/12 Mrmr Ryl A Blok 82 | E8: -17500 | G8: -17500 | H8: =H7+F8+G8 -> -30048.39
B9: Elektrik 9522138254 Sanayi | E9: =E71*-1 -> 0 | H9: =H8+F9+G9 -> -30048.39
H10: =H9+F10+G10 -> -30048.39
A11: 45630 | B11: SANAYI BELEDIYE SAYC UCRETI | C11: 2024 / 3 | D11: dnxkk | E11: -1380 | H11: =H10+F11+G11 -> -30048.39
A12: 45630 | B12: SANAYI BELEDIYE SAYC UCRETI | C12: 2024 / 4 | D12: dnxkk | E12: -1380 | H12: =H11+F12+G12 -> -30048.39
A13: 45630 | B13: BİNA VERGİSİ | D13: dnxkk | E13: -1415 | H13: =H12+F13+G13 -> -30048.39
A14: 45630 | B14: KÜLTÜR VERGİSİ | D14: dnxkk | E14: -141.5 | H14: =H13+F14+G14 -> -30048.39
B15: Nazan Kira ödemesi 12+ | G15: -60000 | H15: =H14+F15+G15 -> -90048.39
B16: umut kiradan | G16: -19000 | H16: =H15+F16+G16 -> -109048.39
B17: snyB Ali Demirel bankadan | F17: 219000 | H17: =H16+F17+G17 -> 109951.61
B18: Doğuş Kira 4/12-2025-26 | F18: 15000 | H18: =H17+F18+G18 -> 124951.61
A19: 45642 | B19: Doğalgaz 800004222954 Kümbet D10 | C19: devlet | E19: -300 | G19: -2035 | H19: =H18+F19+G19 -> 122916.61
A20: 45642 | B20: Doğalgaz 800004222959 Kümbet D09 | C20: devlet | E20: -100 | G20: -40 | H20: =H19+F20+G20 -> 122876.61
A21: 45638 | B21: Doğalgaz Marmara Royal Ablok D:82 | C21: devlet | E21: -150 | G21: -262.37 | H21: =H20+F21+G21 -> 122614.24
A22: 45653 | B22: maaş | D22: 12984.15 | F22: 12925.7 | H22: =H21+F22+G22 -> 135539.94
B23: yasemin | E23: -6500 | G23: -6512 | H23: =H22+F23+G23 -> 129027.94
B24: umut | E24: -6500 | G24: -6512 | H24: =H23+F24+G24 -> 122515.94
B25: Genel Masraf | E25: -6500 | G25: -6500 | H25: =H24+F25+G25 -> 116015.94
H26: =H25+F26+G26 -> 116015.94
H27: =H26+F27+G27 -> 116015.94
B28: Elektrik 5847500300 Kümbet D09 | E28: -400 | H28: =H27+F28+G28 -> 116015.94
B29: Elektrik 8222520300 Kümbet D10 | E29: -500 | H29: =H28+F29+G29 -> 116015.94
A30: 45671 | B30: Doğuş Kira 5/12-2025-26 | D30: 15000 | H30: =H29+F30+G30 -> 116015.94
H31: =H30+F31+G31 -> 116015.94
H32: =H31+F32+G32 -> 116015.94
H33: =H32+F33+G33 -> 116015.94
H34: =H33+F34+G34 -> 116015.94
A36: 45655 | B36: SANAYI BELEDIYE SAYC UCRETI | C36: 2024 / 5 | E36: -1380
A37: 45686 | B37: SANAYI BELEDIYE SAYC UCRETI | C37: 2024 / 6 | E37: -1380
A38: 45716 | B38: SANAYI BELEDIYE SAYC UCRETI | C38: 2024 / 7 | E38: -1380
A39: 45745 | B39: SANAYI BELEDIYE SAYC UCRETI | C39: 2024 / 8 | E39: -1380
A40: 45776 | B40: SANAYI BELEDIYE SAYC UCRETI | C40: 2024 / 9 | E40: -1380
B43: TUSDATA 2023 8/30 8*250 = 2000 ÖDENDİ
B44: TUSDATA 2024 9/30 – 20/30 12*250 = 3000 ÖDENDİ + 250 TL fazla ödeme yapıldı
B45: TUSDATA 2025 21/30 1*8595 = 8595
B46: TUSDATA 2025 22/30-30/30 9*8845 = 79605
B47: TUSDATA TOPLAM 93450
F49: =E55 -> 93450
B50: TUSDATA 2023 aylık ödendi | C50: 8 | D50: 250 | E50: =D50*C50 -> 2000 | F50: =F49-E50 -> 91450 | G50: ÖDENDİ
B51: TUSDATA 2024 aylık ödendi | C51: 2 | D51: 250 | E51: =D51*C51 -> 500 | F51: =F50-E51 -> 90950 | G51: ÖDENDİ
B52: TUSDATA 2024 Toplu ödendi | C52: 11 | D52: 250 | E52: =D52*C52 -> 2750 | F52: =F51-E52 -> 88200 | G52: ÖDENDİ
B53: TUSDATA 2025 | C53: 1 | D53: 8595 | E53: =D53*C53 -> 8595 | F53: =F52-E53 -> 79605 | G53: ÖDENECEK
B54: TUSDATA 2025 | C54: 9 | D54: 8845 | E54: =D54*C54 -> 79605 | F54: =F53-E54 -> 0 | G54: ÖDENECEK
D55: TOPLAM | E55: =SUM(E50:E54) -> 93450
B62: --------------------------------------------------------------------------------------------------------------------------------------------------
A63: KALAN BAKİYELER
A65: 44929 | B65: 9522138254 Sanayi Elektrik | D65: =SUM(D66:D71) -> 0 | E65: =SUM(E66:E71) -> 0
B66: Salih Ant Elektrik
B67: Hurdacı Elektrik
B68: Cihan Elektrik
B69: Merdal
B70: Metin
B71: Hacı Elektrik
B76: İşbank 4876 KK | E76: =SUM(E77:E88) -> -1797.23
A78: 45373 | B78: pazarama 64gb ram umut | C78: 10176.39 | D78: 9– 9 | E78: -1130.71
A79: 45375 | B79: amazon kc200 2tb nvme umut | C79: 5999 | D79: 9– 9 | E79: -666.52
C81: HESAP KESİM
B91: Denizbank 5165 kk | E91: =SUM(E92:E110) -> -9239.03
B94: koctas | E94: -429.88
B95: koton | E95: -654.99
B96: tcross benzn | E96: -1600
B97: mrkt | E97: -125.48
B98: mrkt | E98: -297.45
B99: mrkt | E99: -174
B100: mrkt | E100: -49
B101: mrkt | E101: -29.9
B102: dürümle | E102: -525
B103: mrkt | E103: -257.33
B104: mrkt erenler | E104: -84.95
B105: ödeme | C105: 129000.63
B106: gaz | E106: -500
B107: mrkt erenler | E107: -886.3
B108: mrkt erenler | E108: -99.75
A109: 45606 | B109: tcdd tkt-ist-tkt bsnss | E109: -3525
C111: HESAP KESİM
A125: ARALIKa | B125: Devir | C125: 2024 | E125: =SUM(E126:E148) -> 676383.38
B126: yasemin | E126: 0
B127: umut
B128: pervin 329500-35800 | C128: 329500 | D128: 34170 | E128: =C128-D128 -> 295330
B130: İş 1626748 | E130: 21084
B132: İş ytrm 1626748 801 | C132: 40 | D132: 852 | E132: =D132*C132 -> 34080
B133: iş ytrm ALTIN.S1 | C133: 4000 | D133: 31 | E133: =D133*C133 -> 124000 | F133: =SUM(E132:E133) -> 158080
B135: iş ytrm 382789 TTE | C135: 125000 | D135: 0.779716 | E135: =D135*C135 -> 97464.5
B136: iş ytrm 382789 RGYAS | C136: 10 | D136: 103.7 | E136: =D136*C136 -> 1037
B137: iş ytrm 382789 KOTON | C137: 38 | D137: 21.42 | E137: =D137*C137 -> 813.96
B138: iş ytrm 382789 LILAK | C138: 26 | D138: 25.92 | E138: =D138*C138 -> 673.92 | F138: =SUM(E135:E138) -> 99989.38
B139: denizbank
B141: xau iş alış 2867,2 | C141: 2900 | D141: 1 | E141: =D141*C141 -> 2900
B142: xau çeyrek | C142: 4900 | D142: 16 | E142: =D142*C142 -> 78400
B143: xau tam | C143: 19600 | D143: 1 | E143: =D143*C143 -> 19600 | F143: =SUM(E141:E143) -> 100900
B145: USD iş alış 35,4713 | C145: 33.2506
B146: eur iş alış 39,3164 | C146: 36.855
B147: kasa nakit | E147: 0
B148: nakit | E148: 1000
...

Sheet 11_24
F1: GİRİŞ | G1: ÇIKIŞ | H1: BAKİYE
A2: - KASIM 2024 | C2: TOPLAM | D2: =SUM(D4:D38) -> 277984.15 | E2: =SUM(E4:E38) -> -182434.39 | F2: =SUM(F4:F38) -> 212306.38 | G2: =SUM(G4:G38) -> -220559.32 | H2: =F2+G2 -> -8252.94
E4: 0 | H4: =H3+F4+G4 -> 0
E5: 0 | H5: =H4+F5+G5 -> 0
B6: TUSDATA 19/30 | C6: 17-2-24 de toplu ödendi | E6: -250 | H6: =H5+F6+G6 -> 0
A7: 45596 | B7: KK 5165 Denizbank | E7: =E69 -> -129000.63 | G7: -129000.63 | H7: =H6+F7+G7 -> -129000.63
A8: 45597 | B8: Aidat Marmara Royal Site 9/12 | G8: -1512.13 | H8: =H7+F8+G8 -> -130512.76
A9: 45569 | B9: KK 4876 İşbank | E9: =E54 -> -1797.26 | G9: -1797.26 | H9: =H8+F9+G9 -> -132310.02
B10: Elektrik 9522138254 Sanayi | E10: =E49*-1 -> 0 | H10: =H9+F10+G10 -> -132310.02
A11: 45604 | B11: Kira Adem Özen 6/12 Mrmr Ryl A Blok 82 | E11: -17500 | G11: -17500 | H11: =H10+F11+G11 -> -149810.02
A12: 45605 | B12: Doğuş Kira 3/12-2025-26 | F12: 15000 | H12: =H11+F12+G12 -> -134810.02
A13: 45600 | B13: 2240 VODAFONE fatura | G13: -206.3 | H13: =H12+F13+G13 -> -135016.32
B14: Elektrik 5847500300 Kümbet D09 | E14: -400 | H14: =H13+F14+G14 -> -135016.32
B15: Elektrik 8222520300 Kümbet D10 | E15: -500 | H15: =H14+F15+G15 -> -135016.32
A16: 45607 | B16: snyF merdal kipel icra yoluyla avukattan | F16: 148500 | H16: =H15+F16+G16 -> 13483.68
H17: =H16+F17+G17 -> 13483.68
A18: 45617 | B18: Doğalgaz Marmara Royal Ablok D:82 | E18: -150 | G18: -146 | H18: =H17+F18+G18 -> 13337.68
A19: 45614 | B19: Doğalgaz 800004222954 Kümbet D10 | E19: -300 | G19: -850 | H19: =H18+F19+G19 -> 12487.68
A20: 45614 | B20: Doğalgaz 800004222959 Kümbet D09 | E20: -100 | G20: -25 | H20: =H19+F20+G20 -> 12462.68
H21: =H20+F21+G21 -> 12462.68
A22: 45620 | B22: tcross pervinden 7 | F22: 35800 | H22: =H21+F22+G22 -> 48262.68
A23: 45623 | B23: Nazan Kira ödemesi 11 + 8 + 9+ 10 | E23: -10000 | G23: -40000 | H23: =H22+F23+G23 -> 8262.68
A24: 45625 | B24: SANAYI BELEDIYE SAYC UCRETI | C24: 2024 / 4 | E24: -1380 | H24: =H23+F24+G24 -> 8262.68
A25: 45626 | B25: BİNA VERGİSİ | E25: -1415 | H25: =H24+F25+G25 -> 8262.68
A26: 45626 | B26: KÜLTÜR VERGİSİ | E26: -141.5 | H26: =H25+F26+G26 -> 8262.68
H27: =H26+F27+G27 -> 8262.68
B28: yasemin winter | G28: -5000 | H28: =H27+F28+G28 -> 3262.68
B29: yasemin | E29: -6500 | G29: -6511 | H29: =H28+F29+G29 -> -3248.32
B30: umut winter | G30: -5000 | H30: =H29+F30+G30 -> -8248.32
B31: umut | E31: -6500 | G31: -6511 | H31: =H30+F31+G31 -> -14759.32
B32: Genel Masraf | E32: -6500 | G32: -6500 | H32: =H31+F32+G32 -> -21259.32
H33: =H32+F33+G33 -> -21259.32
B34: maaş | D34: 12984.15 | F34: 13006.38 | H34: =H33+F34+G34 -> -8252.94
B35: Doğuş Kira 4/12-2025-26 | D35: 15000 | H35: =H34+F35+G35 -> -8252.94
B36: snyCD | C36: 0.234011 | D36: 250000 | H36: =H35+F36+G36 -> -8252.94
B40: --------------------------------------------------------------------------------------------------------------------------------------------------
A41: KALAN BAKİYELER
A43: 44929 | B43: 9522138254 Sanayi Elektrik | D43: =SUM(D44:D49) -> 0 | E43: =SUM(E44:E49) -> 0
B44: Salih Ant Elektrik
B45: Hurdacı Elektrik
B46: Cihan Elektrik
B47: Merdal
B48: Metin
B49: Hacı Elektrik
B54: İşbank 4876 KK | E54: =SUM(E55:E66) -> -1797.26
A56: 45373 | B56: pazarama 64gb ram umut | C56: 10176.39 | D56: 8– 9 | E56: -1130.71
A57: 45375 | B57: amazon kc200 2tb nvme umut | C57: 5999 | D57: 8 – 9 | E57: -666.55
D59: HESAP KESİM
B69: Denizbank 5165 kk | E69: =SUM(E70:E101) -> -129000.63
A71: 45560 | B71: yasemin okul | E71: -118966.5
B72: yasemin okul | E72: -277.72
B73: BELEDİYE SU ABONESİ | E73: -1398.6
B74: AÖF | E74: -1855
B76: DÖNER TZG | E76: -480
B77: MRKT | E77: -147.8
B78: MRKT | C78: 17.59 | E78: -17.59
B79: PİDE ET | C79: 330 | E79: -330
B80: FIRIN PİDE | C80: -130 | E80: -130
B81: ÖDEME | D81: 71389.3
B82: tvk | E82: -140
B83: PİDE ET | C83: 750 | E83: -750
B84: MRKT | E84: -253.55
B85: balık | E85: -250
B86: lknt tzg | E86: -400
B87: lknt tzg | E87: -100
B88: MRKT | E88: -68.5
B89: MRKT | C89: 43.13 | E89: -43.13
B90: PİDE ET | C90: 235 | E90: -235
B91: FIRIN PİDE | C91: 375 | E91: -375
B92: MRKT | C92: 79.84 | E92: -79.84
B93: PİDE ET | C93: 235 | E93: -235
B94: FIRIN PİDE | C94: 210 | E94: -210
B95: MRKT | E95: -112.3
B96: lknt tzg | E96: -230
B97: MRKT | E97: -187.2
B98: gaz sivas | C98: 1062.9 | E98: -1062.9
B99: su | E99: -240
B100: aksoy 4 ad mil menteşe tzg | E100: -280
B101: FIRIN PİDE | C101: 145 | E101: -145
C102: =SUM(C77:C101) -> 3353.46 | D102: HESAP KESİM
A111: KASIMa | B111: Devir | C111: 2024 | E111: =SUM(E112:E133) -> 695352.38
A112: 45595 | B112: yasemin | E112: 0
A113: =A112 -> 45595 | B113: umut | E113: 0
B114: pervin 365500-36000 | C114: 365500 | D114: 36000 | E114: =C114-D114 -> 329500
A115: =A113 -> 45595 | B115: İş 1626748 | E115: 6923
A116: =A113 -> 45595 | B116: İş ytrm 1626748 801 | C116: 40 | D116: 830 | E116: =D116*C116 -> 33200
A117: =A122 -> 45595 | B117: iş ALTIN.S1 | C117: 4000 | D117: 30.96 | E117: =D117*C117 -> 123840
A118: =A115 -> 45595 | B118: iş ytrm 382789 TTE | C118: 125000 | D118: 0.779716 | E118: =D118*C118 -> 97464.5
A119: =A116 -> 45595 | B119: iş ytrm 382789 RGYAS | C119: 10 | D119: 103.7 | E119: =D119*C119 -> 1037
A120: =A119 -> 45595 | B120: iş ytrm 382789 KOTON | C120: 38 | D120: 21.42 | E120: =D120*C120 -> 813.96
A121: =A120 -> 45595 | B121: iş ytrm 382789 LILAK | C121: 26 | D121: 25.92 | E121: =D121*C121 -> 673.92
A122: =A121 -> 45595 | B122: denizbank | E122: =D122*C122 -> 0
E123: =D123*C123 -> 0
A124: =A117 -> 45595 | E124: =D124*C124 -> 0
A125: =A124 -> 45595 | E125: =D125*C125 -> 0
A126: =A125 -> 45595 | B126: xau iş alış 2867,2 | C126: 2900 | D126: 1 | E126: =D126*C126 -> 2900
A127: =A126 -> 45595 | B127: xau çeyrek | C127: 4900 | D127: 16 | E127: =D127*C127 -> 78400
A128: =A127 -> 45595 | B128: xau tam | C128: 19600 | D128: 1 | E128: =D128*C128 -> 19600
A129: =A128 -> 45595
A130: =A126 -> 45595 | B130: USD iş alış 35,4713 | C130: 33.2506 | D130: 0
...

Sheet 10_24
F1: GİRİŞ | G1: ÇIKIŞ | H1: BAKİYE
A2: - EKİM 2024 | C2: TOPLAM | D2: =SUM(D4:D35) -> 27984.15 | E2: =SUM(E4:E35) -> -126233.27 | F2: =SUM(F4:F35) -> 64006.38 | G2: =SUM(G4:G35) -> -123041.59 | H2: =F2+G2 -> -59035.21
H4: =H3+F4+G4 -> 0
B5: TUSDATA 18/30 | C5: 17-2-24 de toplu ödendi | E5: -250 | H5: =H4+F5+G5 -> 0
A6: 45568 | B6: Aidat Marmara Royal Site 9/12 | E6: -1500 | G6: -1513.12 | H6: =H5+F6+G6 -> -1513.12
A7: 45569 | B7: KK 5165 Denizbank | E7: =E66 -> -71389.3 | G7: -71389.3 | H7: =H6+F7+G7 -> -72902.42
A8: 45572 | B8: KK 4876 İşbank | E8: =E51 -> -3066.57 | G8: -3066.57 | H8: =H7+F8+G8 -> -75968.99
B9: Elektrik 9522138254 Sanayi | E9: =E46*-1 -> 0 | G9: 0 | H9: =H8+F9+G9 -> -75968.99
A10: 45573 | B10: Kira Adem Özen 5/12 Mrmr Ryl A Blok 82 | E10: -17500 | G10: -17500 | H10: =H9+F10+G10 -> -93468.99
A11: 45573 | B11: ali demirel keşif için avukata denizbank havale | G11: -7080.3 | H11: =H10+F11+G11 -> -100549.29
A12: 45574 | B12: Doğuş Kira 2/12-2025-26 | C12: bankadan | F12: 15000 | H12: =H11+F12+G12 -> -85549.29
H13: =H12+F13+G13 -> -85549.29
A14: 45580 | B14: tcross pervinden 5 | F14: 30000 | H14: =H13+F14+G14 -> -55549.29
A15: 45595 | B15: Elektrik 5847500300 Kümbet D09 | E15: -400 | G15: -435 | H15: =H14+F15+G15 -> -55984.29
A16: 45595 | B16: Elektrik 8222520300 Kümbet D10 | E16: -500 | G16: -785 | H16: =H15+F16+G16 -> -56769.29
A17: 45579 | B17: Elektrik 8758480300 BAHÇE | G17: -65 | H17: =H16+F17+G17 -> -56834.29
B18: Doğalgaz Marmara Royal Ablok D:82 | C18: devlet | E18: -150 | H18: =H17+F18+G18 -> -56834.29
A19: 45582 | B19: Doğalgaz 800004222954 Kümbet D10 | C19: devlet | E19: -300 | G19: -78 | H19: =H18+F19+G19 -> -56912.29
A20: 45582 | B20: Doğalgaz 800004222959 Kümbet D09 | C20: devlet | E20: -100 | G20: -43 | H20: =H19+F20+G20 -> -56955.29
H21: =H20+F21+G21 -> -56955.29
B22: yasemin okul kk denizbnk -120000 | H22: =H21+F22+G22 -> -56955.29
A23: 45594 | B23: SANAYI BELEDIYE SAYC UCRETI | C23: 2024 / 3 | D23: kk | E23: -1380 | G23: -1380 | H23: =H22+F23+G23 -> -58335.29
A24: 45595 | B24: 2240 vodafon | E24: -197.4 | G24: -206.3 | H24: =H23+F24+G24 -> -58541.59
A25: 45593 | B25: yasemin | E25: -6500 | G25: -6500 | H25: =H24+F25+G25 -> -65041.59
A26: 45593 | B26: umut | E26: -6500 | G26: -6500 | H26: =H25+F26+G26 -> -71541.59
B27: Genel Masraf | E27: -6500 | G27: -6500 | H27: =H26+F27+G27 -> -78041.59
H28: =H27+F28+G28 -> -78041.59
A29: 45592 | B29: maaş | D29: 12984.15 | F29: 13006.38 | H29: =H28+F29+G29 -> -65035.21
A30: 45590 | B30: tcross pervinden 6 | F30: 6000 | H30: =H29+F30+G30 -> -59035.21
B31: Doğuş Kira 3/12-2025-26 | D31: 15000 | H31: =H30+F31+G31 -> -59035.21
H32: =H31+F32+G32 -> -59035.21
B33: snyA 120000 | C33: 0.234011 | H33: =H32+F33+G33 -> -59035.21
B34: Nazan Kira ödemesi | E34: -10000
B37: --------------------------------------------------------------------------------------------------------------------------------------------------
A38: KALAN BAKİYELER
A40: 44929 | B40: 9522138254 Sanayi Elektrik | D40: =SUM(D41:D46) -> 0 | E40: =SUM(E41:E46) -> 0
B41: Salih Ant Elektrik
B42: Hurdacı Elektrik
B43: Cihan Elektrik
B44: Merdal
B45: Metin
B46: Hacı Elektrik
B51: İşbank 4876 KK | E51: =SUM(E52:E63) -> -3066.57
A53: 45373 | B53: pazarama 64gb ram umut | C53: 10176.39 | D53: 7 – 9 | E53: -1130.71
A54: 45375 | B54: amazon kc200 2tb nvme umut | C54: 5999 | D54: 7 – 9 | E54: -666.56
B55: pazarama umut cam teli | E55: -363.83
B56: mtv yb 1397 | E56: -905.47
B57: ödeme | C57: 8037.9
D58: HESAP KESİM
B66: Denizbank 5165 kk | E66: =SUM(E67:E104) -> -71389.3
B68: belediye | E68: -3177.5
E69: -56373.38
E70: -256.59
B72: shell tcross | E72: -1500
B73: kanlıca yğrt | E73: -385
B74: fucicort | E74: -195
B75: 322.04 | E75: -322.04
B76: şile yemek | E76: -1865
B77: park | E77: -80
B78: şok | E78: -19.5
B79: migros farilya | E79: -706.97
B80: lc | E80: -299.99
B81: opet tcross | E81: -1620
B82: migros emaar | E82: -66.7
B83: yedigöller | E83: -45
B84: erenler | C84: 69 | E84: -69.66
B85: kasap | C85: 250 | E85: -250
B86: tat pide | C86: 145 | E86: -145
B87: erenler | C87: 80 | E87: -79.58
B88: kasap | C88: 300 | E88: -300
B89: ödeme | D89: 21576.4
B90: erenler | C90: 50 | E90: -49.3
B91: vedat | E91: -190
B92: erenler | E92: -375.55
B93: kasap | C93: 260 | E93: -260
B94: erenler | C94: 65.79 | E94: -65.79
B95: kasap | C95: 330 | E95: -330
B96: tat pide | C96: 225 | E96: -225
B97: Pazar döner | E97: -410
B98: a101 | E98: -27.25
B99: 2 ad metal kesme | E99: -70
B100: 2 tr çimento tzg | E100: -350
B101: vedat | E101: -420
B102: adıgüzeller | E102: -154.5
B103: vedat | E103: -290
B104: kasap | C104: 415 | E104: -415
B105: selanik pide | C105: =SUM(C81:C104) -> 2189.79
D106: HESAP KESİM
A111: EKİMe | B111: Devir | C111: 2024 | E111: =SUM(E112:E133) -> 726058.6
A112: 45565 | B112: yasemin | E112: 0
A113: =A112 -> 45565 | B113: umut | E113: 0
B114: pervin 407100-41600 | C114: 407100 | D114: 41600 | E114: =C114-D114 -> 365500
A115: =A113 -> 45565 | B115: İş 1626748 | E115: 1492
A116: =A113 -> 45565 | B116: İş ytrm 1626748 801 | C116: 40 | D116: 852 | E116: =D116*C116 -> 34080
A117: =A122 -> 45565 | B117: iş ALTIN.S1 | C117: 30.96 | D117: 4000 | E117: =D117*C117 -> 123840
A118: =A115 -> 45565 | B118: iş ytrm 382789 TTE | C118: 125000 | D118: 0.773 | E118: =D118*C118 -> 96625
A119: =A116 -> 45565 | B119: iş ytrm 382789 RGYAS | C119: 10 | D119: 124.8 | E119: =D119*C119 -> 1248
A120: =A119 -> 45565 | B120: iş ytrm 382789 KOTON | C120: 38 | D120: 19.22 | E120: =D120*C120 -> 730.36
A121: =A120 -> 45565 | B121: iş ytrm 382789 LILAK | C121: 26 | D121: 24.74 | E121: =D121*C121 -> 643.24
A122: =A121 -> 45565 | B122: denizbank | E122: =D122*C122 -> 0
...

Sheet 09_24
F1: GİRİŞ | G1: ÇIKIŞ | H1: BAKİYE
A2: - EYLÜL 2024 | C2: TOPLAM | D2: =SUM(D4:D28) -> 36484.15 | E2: =SUM(E4:E28) -> -81364.9 | F2: =SUM(F4:F28) -> 98006.38 | G2: =SUM(G4:G28) -> -69863.54 | H2: =F2+G2 -> 28142.84
A4: 45534 | B4: 2240 Turkcell fatura | E4: -152 | G4: -162.11 | H4: =H3+F4+G4 -> -162.11
B5: TUSDATA 17/30 | C5: 17-2-24 de toplu ödendi | E5: -250 | H5: =H4+F5+G5 -> -162.11
A6: 45538 | B6: KK 5165 Denizbank | E6: =E61 -> -21576.4 | G6: =E6 -> -21576.4 | H6: =H5+F6+G6 -> -21738.51
A7: 45539 | B7: KK 4876 İşbank | E7: =E46 -> -8037.9 | G7: =E7 -> -8037.9 | H7: =H6+F7+G7 -> -29776.41
B8: Aidat Marmara Royal Site 9/12 | E8: -1500 | G8: -1514.73 | H8: =H7+F8+G8 -> -31291.14
B9: Kira Adem Özen 4/12 Mrmr Ryl A Blok 82 | E9: -17500 | G9: -17500 | H9: =H8+F9+G9 -> -48791.14
B10: Elektrik 9522138254 Sanayi | E10: =E41*-1 -> 0 | G10: -5 | H10: =H9+F10+G10 -> -48796.14
A11: 45544 | B11: Doğuş Kira 1/12-2025-26 | C11: BANKADAN | F11: 15000 | H11: =H10+F11+G11 -> -33796.14
A12: 45551 | B12: Doğalgaz 800004222954 Kümbet D10 | C12: devlet | E12: -300 | G12: -76 | H12: =H11+F12+G12 -> -33872.14
A13: 45551 | B13: Doğalgaz 800004222959 Kümbet D09 | C13: devlet | E13: -100 | G13: -34 | H13: =H12+F13+G13 -> -33906.14
A14: 45552 | B14: yasemin 2 maaş 17000*2 | F14: 34000 | H14: =H13+F14+G14 -> 93.86
A15: 45550 | B15: tcross pervinden 3 | F15: 30000 | H15: =H14+F15+G15 -> 30093.86
B16: yasemin | E16: -6500 | G16: -6500 | H16: =H15+F16+G16 -> 23593.86
B17: umut | E17: -6500 | G17: -6500 | H17: =H16+F17+G17 -> 17093.86
B18: Genel Masraf | E18: -6500 | G18: -6500 | H18: =H17+F18+G18 -> 10593.86
B19: maaş | D19: 12984.15 | F19: 13006.38 | H19: =H18+F19+G19 -> 23600.24
B20: Elektrik 5847500300 Kümbet D09 | E20: -400 | G20: -455 | H20: =H19+F20+G20 -> 23145.24
A21: 45565 | B21: Elektrik 8222520300 Kümbet D10 | E21: -500 | G21: -805 | H21: =H20+F21+G21 -> 22340.24
A22: 45564 | B22: SANAYI BELEDIYE SAYC UCRETI | C22: 2024 / 2 | D22: deniz kk | E22: -1398.6 | H22: =H21+F22+G22 -> 22340.24
A23: 45564 | B23: tcross pervinden 4 | F23: 6000 | H23: =H22+F23+G23 -> 28340.24
A24: 45565 | B24: 2240 vodafone | G24: -197.4 | H24: =H23+F24+G24 -> 28142.84
B25: Doğuş Kira 7/12-2024-25 15000 - 6500 (07/03) 29-Şubattan | D25: 8500 | H25: =H24+F25+G25 -> 28142.84
A26: 45574 | B26: Doğuş Kira 2/12-2025-26 | D26: 15000 | H26: =H25+F26+G26 -> 28142.84
B27: Nazan Kira ödemesi | E27: -10000 | H27: =H26+F27+G27 -> 28142.84
B28: Doğalgaz Marmara Royal Ablok D:82 | C28: devlet | E28: -150 | H28: =H27+F28+G28 -> 28142.84
A29: 45574 | B29: t-cross kurban sinana | G29: -10000 | H29: =H28+F29+G29 -> 18142.84
B30: snyG | C30: 0.234011 | D30: 144000 | H30: =H29+F30+G30 -> 18142.84
B32: --------------------------------------------------------------------------------------------------------------------------------------------------
A33: KALAN BAKİYELER
A35: 44929 | B35: 9522138254 Sanayi Elektrik | D35: =SUM(D36:D41) -> 0 | E35: =SUM(E36:E41) -> 0
B36: Salih Ant Elektrik
B37: Hurdacı Elektrik
B38: Cihan Elektrik
B39: Merdal
B40: Metin
B41: Hacı Elektrik
B46: İşbank 4876 KK | E46: =SUM(E47:E58) -> -8037.9
A48: 45348 | B48: Atasun Gözlük | C48: 1406 | D48: 6 – 6 | E48: -234.35
A49: 45373 | B49: pazarama 64gb ram umut | C49: 10176.39 | D49: 6– 9 | E49: -1130.71
A50: 45375 | B50: amazon kc200 2tb nvme umut | C50: 5999 | D50: 6– 9 | E50: -666.56
A51: 45358 | B51: THY ist uçak bileti | C51: 2273 | D51: 6 – 6 | E51: -378.87
A52: 45371 | B52: THY ist uçak bileti iptal vergi iade | D52: 6 – 6 | E52: 101.79
A53: 45456 | B53: kurban kızılay | D53: 3 / 3 | E53: -3923.34
B55: ödeme | C55: 8154.2
B56: gib | E56: -1805.86
C57: HESAP KESİM
B61: Denizbank 5165 kk | E61: =SUM(E62:E70) -> -21576.4
E63: -21576.4
C64: HESAP KESİM
A101: EYLÜLe | B101: Devir | C101: 2024 | E101: =SUM(E102:E123) -> 749196.6
A102: 45534 | B102: yasemin | E102: 0
A103: =A102 -> 45534 | B103: umut | E103: 0
B104: pervin 438-35600 | E104: 407100
A105: =A103 -> 45534 | B105: İş 1626748 | E105: 5105.23
A106: =A103 -> 45534 | B106: İş ytrm 1626748 801 | C106: 40 | D106: 732.60648 | E106: =D106*C106 -> 29304.259
A107: =A112 -> 45534 | B107: iş ALTIN.S1 | C107: 28.5 | D107: 4000 | E107: =D107*C107 -> 114000
A108: =A105 -> 45534 | B108: iş ytrm 382789 TTE | C108: 125000 | D108: 0.779716 | E108: =D108*C108 -> 97464.5
A109: =A106 -> 45534 | B109: iş ytrm 382789 RGYAS | C109: 10 | D109: 103.7 | E109: =D109*C109 -> 1037
A110: =A109 -> 45534 | B110: iş ytrm 382789 KOTON | C110: 38 | D110: 21.42 | E110: =D110*C110 -> 813.96
A111: =A110 -> 45534 | B111: iş ytrm 382789 LILAK | C111: 26 | D111: 25.92 | E111: =D111*C111 -> 673.92
A112: =A111 -> 45534 | B112: denizbank | E112: =D112*C112 -> 0
E113: =D113*C113 -> 0
A114: =A107 -> 45534 | E114: =D114*C114 -> 0
A115: =A114 -> 45534 | E115: =D115*C115 -> 0
A116: =A115 -> 45534 | B116: xau iş alış 2867,2 | C116: 2697.73 | D116: 1 | E116: =D116*C116 -> 2697.73
A117: =A116 -> 45534 | B117: xau çeyrek | C117: 4500 | D117: 16 | E117: =D117*C117 -> 72000
A118: =A117 -> 45534 | B118: xau tam | C118: 18000 | D118: 1 | E118: =D118*C118 -> 18000
A119: =A118 -> 45534
A120: =A116 -> 45534 | B120: USD iş alış 35,4713 | C120: 33.2506
A121: =A120 -> 45534 | B121: eur iş alış 39,3164 | C121: 36.855
A122: =A121 -> 45534 | B122: kasa nakit | E122: 0
A123: =A122 -> 45534 | B123: nakit | E123: 1000
D126: Ay sonu BAKİYE | E126: =SUM(E102:E123) -> 749196.6
C127: =A101 -> EYLÜLe | D127: Bakiye | E127: =H2 -> 28142.84

Sheet 08_24
F1: GİRİŞ | G1: ÇIKIŞ | H1: BAKİYE
A2: - AĞUSTOS 2024 | C2: TOPLAM | D2: =SUM(D4:D46) -> 195484.15 | E2: =SUM(E4:E46) -> -88440.67 | F2: =SUM(F4:F47) -> 28006.38 | G2: =SUM(G4:G47) -> -88381.87 | H2: =F2+G2 -> -60375.49
A4: 45500 | B4: 2240 Turkcell fatura | C4: iş | E4: -152 | G4: -166.9 | H4: =H3+F4+G4 -> -166.9
B5: TUSDATA 16/30 | C5: 17-2-24 de toplu ödendi | E5: -250 | H5: =H4+F5+G5 -> -166.9
A6: 45509 | B6: Aidat Marmara Royal Site 9/12 | E6: -1500 | G6: -1532.3 | H6: =H5+F6+G6 -> -1699.2
A7: 45509 | B7: KK 4876 İşbank | E7: =E63 -> -8154.2 | G7: -8154.2 | H7: =H6+F7+G7 -> -9853.4
A8: 45509 | B8: KK 5165 Denizbank | E8: =E78 -> -21980.09 | G8: -21980.09 | H8: =H7+F8+G8 -> -31833.49
B9: umut s24 | G9: -10000 | H9: =H8+F9+G9 -> -41833.49
H10: =H9+F10+G10 -> -41833.49
A11: 45510 | B11: Doğuş Kira 12/12- Mart 2024- Mart 25 Ödenmiş oldu | D11: 15000 | F11: 15000 | H11: =H10+F11+G11 -> -26833.49
A12: 45511 | B12: Kira Adem Özen 3/12 Mrmr Ryl A Blok 82 | E12: -17500 | G12: -17500 | H12: =H11+F12+G12 -> -44333.49
B13: Elektrik 9522138254 Sanayi | E13: =E58*-1 -> 0 | G13: -50 | H13: =H12+F13+G13 -> -44383.49
A14: 45519 | B14: tcross pervinden 1 - 30000 | H14: =H13+F14+G14 -> -44383.49
A15: 45520 | B15: Elektrik 8758480300 Bahçe | G15: -95 | H15: =H14+F15+G15 -> -44478.49
A16: 45523 | B16: Doğalgaz 800004222954 Kümbet D10 | C16: devlet | E16: -300 | G16: -56 | H16: =H15+F16+G16 -> -44534.49
A17: 45523 | B17: Doğalgaz 800004222959 Kümbet D09 | C17: devlet | E17: -100 | G17: -28 | H17: =H16+F17+G17 -> -44562.49
A18: 45533 | B18: Elektrik 5847500300 Kümbet D09 | E18: -400 | G18: -500 | H18: =H17+F18+G18 -> -45062.49
A19: 45533 | B19: Elektrik 8222520300 Kümbet D10 | E19: -500 | G19: -865 | H19: =H18+F19+G19 -> -45927.49
B20: yasemin | H20: =H19+F20+G20 -> -45927.49
B21: yasemin | E21: -6500 | G21: -6500 | H21: =H20+F21+G21 -> -52427.49
B22: umut | E22: -6500 | G22: -6500 | H22: =H21+F22+G22 -> -58927.49
B23: Genel Masraf | E23: -6500 | G23: -6500 | H23: =H22+F23+G23 -> -65427.49
H24: =H23+F24+G24 -> -65427.49
B25: maaş | D25: 12984.15 | F25: 13006.38 | H25: =H24+F25+G25 -> -52421.11
H26: =H25+F26+G26 -> -52421.11
H27: =H26+F27+G27 -> -52421.11
A28: 45531 | B28: 3074 usulsuzluk 2024071001FCp0000016 | D28: ali balcı | E28: -750 | G28: =E28 -> -750 | H28: =H27+F28+G28 -> -53171.11
A29: 45531 | B29: 3074 usulsuzluk 2024071001FCp0000017 | D29: ali balcı | E29: -2137.5 | G29: =E29 -> -2137.5 | H29: =H28+F29+G29 -> -55308.61
A30: 45531 | B30: 3074 usulsuzluk 2024071001FCp0000018 | D30: ali balcı | E30: -925 | G30: =E30 -> -925 | H30: =H29+F30+G30 -> -56233.61
A31: 45531 | B31: 3074 usulsuzluk 2024071001FCp0000019 | D31: ali balcı | E31: -625 | G31: =E31 -> -625 | H31: =H30+F31+G31 -> -56858.61
A32: 45531 | B32: 3074 usulsuzluk 2024071001FCp0000020 | D32: ali balcı | E32: -1075 | G32: =E32 -> -1075 | H32: =H31+F32+G32 -> -57933.61
A33: 45531 | B33: 3074 usulsuzluk 2024071001FCp0000021 | D33: ali balcı | E33: -1825 | G33: =E33 -> -1825 | H33: =H32+F33+G33 -> -59758.61
H34: =H33+F34+G34 -> -59758.61
A35: 45531 | B35: 3074 DV 2024071001FCp0000022 | C35: ali balcı | D35: 19-09 ödeme | E35: -136.08 | G35: -136.08 | H35: =H34+F35+G35 -> -59894.69
A36: 45531 | B36: 3074 DV 2024071001FCp0000023 | C36: ali balcı | D36: 19-09 ödeme | E36: -258.61 | G36: -258.61 | H36: =H35+F36+G36 -> -60153.3
A37: 45531 | B37: 3074 DV 2024071001FCp0000024 | C37: ali balcı | D37: 19-09 ödeme | E37: -119.07 | G37: -119.07 | H37: =H36+F37+G37 -> -60272.37
A38: 45531 | B38: 3074 DV 2024071901FCp0000005 | C38: ali balcı | D38: 19-09 ödeme | E38: -103.12 | G38: -103.12 | H38: =H37+F38+G38 -> -60375.49
H39: =H38+F39+G39 -> -60375.49
A40: 45535 | B40: tcross pervinden 2 -5600 | H40: =H39+F40+G40 -> -60375.49
H41: =H40+F41+G41 -> -60375.49
B42: Doğuş Kira 1/12-2025-26 | D42: 15000 | H42: =H41+F42+G42 -> -60375.49
B43: Doğuş Kira 7/12-2024-25 15000 - 6500 (07/03) 29-Şubattan | D43: 8500 | H43: =H42+F43+G43 -> -60375.49
B44: Nazan Kira ödemesi | E44: -10000 | H44: =H43+F44+G44 -> -60375.49
B45: snyE süleymana 22-04-2024 de verildi | C45: 0.234011 | D45: 144000 | H45: =H44+F45+G45 -> -60375.49
B46: Doğalgaz Marmara Royal Ablok D:82 | C46: devlet | E46: -150 | H46: =H45+F46+G46 -> -60375.49
H47: =H46+F47+G47 -> -60375.49
B49: --------------------------------------------------------------------------------------------------------------------------------------------------
A50: KALAN BAKİYELER
A52: 44929 | B52: 9522138254 Sanayi Elektrik | D52: =SUM(D53:D58) -> 0 | E52: =SUM(E53:E58) -> 0
B53: Salih Ant Elektrik
B54: Hurdacı Elektrik
B55: Cihan Elektrik
B56: Merdal
B57: Metin
B58: Hacı Elektrik
B63: İşbank 4876 KK | E63: =SUM(E64:E75) -> -8154.2
A65: 45348 | B65: Atasun Gözlük | C65: 1406 | D65: 5 – 6 | E65: -234.33 | F65: 0
A66: 45373 | B66: pazarama 64gb ram umut | C66: 10176.39 | D66: 5– 9 | E66: -1130.71 | F66: 0
A67: 45375 | B67: amazon kc200 2tb nvme umut | C67: 5999 | D67: 5– 9 | E67: -666.56 | F67: 0
A68: 45358 | B68: THY ist uçak bileti | C68: 2273 | D68: 5 – 6 | E68: -378.87 | F68: 0
A69: 45371 | B69: THY ist uçak bileti iptal vergi iade | D69: 5 – 6 | E69: 101.77 | F69: 0
A70: 45442 | B70: bosch matkap 500maxipuan | D70: 2 / 2 | E70: -1054.14 | F70: 0
A71: 45456 | B71: kurban kızılay | D71: 2 / 3 | E71: -3923.33 | F71: 0
A72: 45470 | B72: vergi dairesi | E72: -868.03
A73: 45478 | B73: ödeme | D73: 2700.47
A74: 45478 | B74: ödeme | D74: 6244.07 | E74: HESAP KESİM
B78: Denizbank 5165 kk | E78: =SUM(E79:E121) -> -21980.09
B80: turknet 12ay 17-02-24 * 17-02-25 399,99 *12 + 299,99 | D80: 6 - 6 | E80: -649.8
B81: turknet 1. ay karttan iade | C81: 50 | D81: 6 - 6
A83: 45456 | B83: Kızılay kurban 11750/2 | D83: 2 / 2 | E83: -5875
A84: 45456 | B84: Kızılay kurban 4300*2 = 8600/2 | D84: 2 / 2 | E84: -4300
A85: 45475 | B85: vergi ankara | E85: -1129.5
A86: 45478 | B86: yaz okulu | E86: -1060
A88: 45467 | B88: pide et | C88: 120 | E88: -120
A89: 45467 | B89: tavk dnr | E89: -70
A90: 45467 | B90: motor yağı | E90: -1400
A91: 45468 | B91: pide et | C91: 150 | E91: -150
A92: 45468 | B92: tat dnr | E92: -230
A93: 45469 | B93: pide et | C93: 250 | E93: -250
A94: 45470 | B94: ozcan iskndr | E94: -130
A95: 45470 | B95: a101 | E95: -48.99
A96: 45470 | B96: petrol | E96: -169.5
A97: 45471 | B97: mercmk | E97: -80
A98: 45473 | B98: mrkt | E98: -50
A99: 45474 | B99: tavk dnr | E99: -70
A100: 45475 | B100: pide et | C100: 440 | E100: -440
A101: 45475 | B101: noter suleyman akan | E101: -1673
A102: 45475 | B102: ozcan iskndr | E102: -150
A103: 45476 | B103: tavk dnr | E103: -140
A104: 45477 | B104: oödeme otomtk | C104: 10597.81
A105: 45478 | B105: sofra bezi | E105: -300
A106: 45478 | B106: ödeme | C106: 15971.71
A107: 45479 | B107: bim yağ | E107: -325
A108: 45479 | B108: ceviz | E108: -629
B109: cevizli yapım | E109: -800
E110: -119.74
E111: -215.98
E112: -104
E113: -81.37
E114: -65.67
...

Sheet 07_24
F1: GİRİŞ | G1: ÇIKIŞ | H1: BAKİYE
A2: - TEMMUZ 2024 | C2: TOPLAM | D2: =SUM(D4:D39) -> 51000 | E2: =SUM(E4:E39) -> -85166.06 | F2: =SUM(F4:F39) -> 27984.15 | G2: =SUM(G4:G39) -> -87971.62 | H2: =F2+G2 -> -59987.47
A4: 45468 | B4: 2240 Turkcell fatura | E4: -152 | G4: -167 | H4: =H3+F4+G4 -> -167
H5: =H4+F5+G5 -> -167
A6: 45474 | B6: Elektrik 5847500300 Kümbet D09 | E6: -400 | G6: -275 | H6: =H5+F6+G6 -> -442
A7: 45474 | B7: Elektrik 8222520300 Kümbet D10 | E7: -500 | G7: -520 | H7: =H6+F7+G7 -> -962
B8: TUSDATA 15/30 | C8: 17-2-24 de toplu ödendi | E8: -250 | H8: =H7+F8+G8 -> -962
A9: 45478 | B9: KK 4876 İşbank | E9: =E55 -> -8944.54 | G9: =E9 -> -8944.54 | H9: =H8+F9+G9 -> -9906.54
A10: 45478 | B10: KK 5165 Denizbank | E10: =E72 -> -26619.52 | G10: =E10 -> -26619.52 | H10: =H9+F10+G10 -> -36526.06
A11: 45481 | B11: Doğuş Kira 11/12-2024-25 | D11: 15000 | F11: 15000 | H11: =H10+F11+G11 -> -21526.06
A12: 45481 | B12: Kira Adem Özen 2/12 Mrmr Ryl A Blok 82 | E12: -17500 | G12: -17500 | H12: =H11+F12+G12 -> -39026.06
A13: 45481 | B13: Aidat Marmara Royal Site 9/12 | E13: -1500 | G13: -1519.7 | H13: =H12+F13+G13 -> -40545.76
B14: Doğalgaz Marmara Royal Ablok D:82 | C14: devlet | E14: -150 | H14: =H13+F14+G14 -> -40545.76
A15: 45481 | B15: Nazan Kira ödemesi | E15: -10000 | G15: -10000 | H15: =H14+F15+G15 -> -50545.76
H16: =H15+F16+G16 -> -50545.76
H17: =H16+F17+G17 -> -50545.76
H18: =H17+F18+G18 -> -50545.76
A19: 45489 | B19: Doğalgaz 800004222954 Kümbet D10 | C19: devlet | E19: -300 | G19: -33 | H19: =H18+F19+G19 -> -50578.76
A20: 45489 | B20: Doğalgaz 800004222959 Kümbet D09 | C20: devlet | E20: -100 | G20: -27 | H20: =H19+F20+G20 -> -50605.76
H21: =H20+F21+G21 -> -50605.76
B22: Elektrik 9522138254 Sanayi | E22: =F50*-1 -> 0 | H22: =H21+F22+G22 -> -50605.76
H23: =H22+F23+G23 -> -50605.76
H24: =H23+F24+G24 -> -50605.76
H25: =H24+F25+G25 -> -50605.76
A26: 45500 | B26: yasemin | E26: -6250 | G26: -6500 | H26: =H25+F26+G26 -> -57105.76
A27: 45500 | B27: umut | E27: -6250 | G27: -6500 | H27: =H26+F27+G27 -> -63605.76
B28: Genel Masraf | E28: -6250 | G28: -6500 | H28: =H27+F28+G28 -> -70105.76
H29: =H28+F29+G29 -> -70105.76
B30: maaş | D30: 12500 | F30: 12984.15 | H30: =H29+F30+G30 -> -57121.61
H31: =H30+F31+G31 -> -57121.61
B32: Doğuş Kira 7/12-2024-25 15000 - 6500 (07/03) 29-Şubattan | D32: 8500 | H32: =H31+F32+G32 -> -57121.61
B33: Doğuş Kira 12/12- Mart 2024- Mart 25 Ödenmiş oldu | D33: 15000 | H33: =H32+F33+G33 -> -57121.61
A34: 45502 | B34: Elektrik 5847500300 Kümbet D09 | G34: -350 | H34: =H33+F34+G34 -> -57471.61
A35: 45502 | B35: Elektrik 8222520300 Kümbet D10 | G35: -710 | H35: =H34+F35+G35 -> -58181.61
A36: 45504 | B36: AUB YGV 2.taksit | G36: -1805.86 | H36: =H35+F36+G36 -> -59987.47
H37: =H36+F37+G37 -> -59987.47
H38: =H37+F38+G38 -> -59987.47
B41: --------------------------------------------------------------------------------------------------------------------------------------------------
A42: KALAN BAKİYELER
A44: 44929 | B44: 9522138254 Sanayi Elektrik | D44: =SUM(D45:D50) -> 0 | E44: =SUM(E45:E51) -> 0
B45: Salih Ant Elektrik
B46: Hurdacı Elektrik
B47: Cihan Elektrik
B48: Merdal | D48: hepsi
B49: Metin | D49: ödendi
B50: Hacı Elektrik
B55: İşbank 4876 KK | E55: =SUM(E56:E68) -> -8944.54
A57: 45348 | B57: Atasun Gözlük | C57: 1406 | D57: 4 – 6 | E57: -234.33
A58: 45373 | B58: pazarama 64gb ram umut | C58: 10176.39 | D58: 4– 9 | E58: -1130.71
A59: 45375 | B59: amazon kc200 2tb nvme umut | C59: 5999 | D59: 4– 9 | E59: -666.56
A60: 45358 | B60: THY ist uçak bileti | C60: 2273 | D60: 4 – 6 | E60: -378.87
A61: 45371 | B61: THY ist uçak bileti iptal vergi iade | D61: 4 – 6 | E61: 101.77
A63: 45442 | B63: bosch matkap 500maxipuan | D63: 1 / 2 | E63: -1054.14
A64: 45456 | B64: kurban kızılay | D64: 1 / 3 | E64: -3923.33
A65: 45442 | B65: vergi | E65: -278.97
A67: 45444 | B67: avans maximil | E67: -1379.4
A68: 45447 | B68: ödeme | D68: 4300 | E68: HESAP KESİM
B72: Denizbank 5165 kk | E72: =SUM(E73:E130) -> -26619.52
A74: 45285 | B74: hepsiburada yasemin laptop - 21,309,98 | D74: 6 – 6 | E74: -3551.68
B75: turknet 12ay 17-02-24 * 17-02-25 399,99 *12 + 299,99 | D75: 5 - 6 | E75: -649.78
B76: turknet 1. ay karttan iade | D76: 5 - 6
A78: 45456 | B78: Kızılay kurban 11750/2 | D78: 1 / 2 | E78: -5875
A79: 45456 | B79: Kızılay kurban 4300*2 = 8600/2 | D79: 1 / 2 | E79: -4300
A80: 45465 | B80: vergi | E80: -483.01
A81: 45436 | B81: yemek | E81: -80
A82: 45436 | B82: ulusu mak eksoz için | E82: -1000
A83: 45437 | B83: tavukçu | E83: -70
A84: 45438 | B84: erenler | E84: -232.27
A85: 45438 | B85: sivas döner | E85: -130
A86: 45469 | B86: sivas market | E86: -246.8
A87: 45439 | B87: tavukçu | E87: -70
A88: 45440 | B88: pide et | C88: 300 | E88: -300
A89: 45440 | B89: tat lok | E89: -460
A90: 45441 | B90: erenler | E90: -27.66
A91: 45441 | B91: pide et | C91: 400 | E91: -400
A92: 45442 | B92: pide et | C92: 200 | E92: -200
A93: 45442 | B93: inş | E93: -80
A94: 45444 | B94: çorba | E94: -80
A95: 45444 | B95: erenler | E95: -12.26
A96: 45444 | B96: pide et | C96: 350 | E96: -350
A97: 45444 | B97: çalışkan fide | E97: -300
A98: 45446 | B98: benzin | E98: -500
A99: 45446 | B99: tavukçu | E99: -70
A100: 45446 | B100: ödeme | D100: 7949.1
A101: 45447 | B101: pide et | C101: 240 | E101: -240
A102: 45447 | B102: tavukçu | E102: -70
A103: 45447 | B103: ödeme | D103: 11998.63
A104: 45448 | B104: pide et | C104: 280 | E104: -280
A105: 45448 | B105: bonus
A106: 45449 | B106: pide et | C106: 300 | E106: -300
A107: 45449 | B107: erenler | E107: -84.7
A108: 45450 | B108: pide et | C108: 300 | E108: -300
A109: 45450 | B109: çorba | E109: -80
A110: 45451 | B110: pide et | C110: 250 | E110: -250
A111: 45451 | B111: tavukçu | E111: -145
A112: 45454 | B112: pide et | C112: 400 | E112: -400
A113: 45455 | B113: örükçüoğlu toyota kapak contası | E113: -300
A114: 45456 | B114: pide et | C114: 300 | E114: -300
A115: 45456 | B115: tavukçu | E115: -70
A116: 45459 | B116: çorba | E116: -80
...

Sheet 06_24
F1: GİRİŞ | G1: ÇIKIŞ | H1: BAKİYE
A2: - HAZİRAN 2024 | C2: TOPLAM | D2: =SUM(D4:D36) -> 33500 | E2: =SUM(E4:E36) -> -77377.564 | F2: =SUM(F4:F36) -> 13427.62 | G2: =SUM(G4:G36) -> -97778.154 | H2: =F2+G2 -> -84350.534
A4: 29.5 | B4: 2240 Turkcell fatura | E4: -152 | G4: -166.9 | H4: =H3+F4+G4 -> -166.9
B5: TUSDATA 14/30 | C5: 17-2-24 de toplu ödendi | E5: -250 | G5: =E5 -> -250 | H5: =H4+F5+G5 -> -416.9
A6: 29.5 | B6: Doğalgaz Marmara Royal Ablok D:82 | C6: devlet | E6: -150 | G6: -47.4 | H6: =H5+F6+G6 -> -464.3
A7: 45446 | B7: KK 5165 Denizbank | E7: =E65 -> -19997.71 | G7: =E7 -> -19997.71 | H7: =H6+F7+G7 -> -20462.01
A8: 45446 | B8: KK 5165 Denizbank artı hesaptan | G8: -7860.53 | H8: =H7+F8+G8 -> -28322.54
A9: 45447 | B9: KK 5165 Denizbank nakit ödeme | G9: -11998.63 | H9: =H8+F9+G9 -> -40321.17
A10: 45447 | B10: KK 4876 İşbank | E10: =E50 -> -4300.09 | G10: -4300.09 | H10: =H9+F10+G10 -> -44621.26
A11: 45447 | B11: KK 4876 İşbank EUR BAKU 35,5039 | C11: 227.87 | E11: =-1*C11*C12 -> -8090.2737 | G11: =E11 -> -8090.2737 | H11: =H10+F11+G11 -> -52711.534
A12: 45447 | B12: KK 4876 İşbank EUR BAKU | C12: 35.5039 | H12: =H11+F12+G12 -> -52711.534
A13: 45447 | B13: Aidat Marmara Royal Site 1/12 | E13: -1500 | G13: -1512.13 | H13: =H12+F13+G13 -> -54223.664
A14: 45450 | B14: Nazan Kira ödemesi | E14: -10000 | G14: =E14 -> -10000 | H14: =H13+F14+G14 -> -64223.664
A15: 45450 | B15: Kira Adem Özen 1/12 Mrmr Ryl A Blok 82 | E15: -7500 | G15: =E15 -> -7500 | H15: =H14+F15+G15 -> -71723.664
A16: 45450 | B16: Kira Adem Özen 1/12 Mrmr Ryl A Blok 82 | E16: -10000 | G16: =E16 -> -10000 | H16: =H15+F16+G16 -> -81723.664
B17: iphone 7+ ferro 3600 mA batarya | G17: -700 | H17: =H16+F17+G17 -> -82423.664
H18: =H17+F18+G18 -> -82423.664
A19: 45454 | B19: maaş kurban ikramiyesi | F19: 3000 | H19: =H18+F19+G19 -> -79423.664
A20: 45454 | B20: Elektrik 9522138254 Sanayi | E20: =E47*-1 -> -37.49 | G20: -37.49 | H20: =H19+F20+G20 -> -79461.154
A21: 45463 | B21: Doğalgaz 800004222954 Kümbet D10 | C21: devlet | E21: -300 | G21: -305 | H21: =H20+F21+G21 -> -79766.154
A22: 45463 | B22: Doğalgaz 800004222959 Kümbet D09 | C22: devlet | E22: -100 | G22: 0 | H22: =H21+F22+G22 -> -79766.154
H23: =H22+F23+G23 -> -79766.154
H24: =H23+F24+G24 -> -79766.154
H25: =H24+F25+G25 -> -79766.154
H26: =H25+F26+G26 -> -79766.154
A27: 45476 | B27: yasemin | E27: -5000 | G27: -5006 | H27: =H26+F27+G27 -> -84772.154
A28: 45476 | B28: umut | E28: -5000 | G28: -5006 | H28: =H27+F28+G28 -> -89778.154
B29: Genel Masraf | E29: -5000 | G29: -5000 | H29: =H28+F29+G29 -> -94778.154
H30: =H29+F30+G30 -> -94778.154
B31: maaş | D31: 10000 | F31: 10427.62 | H31: =H30+F31+G31 -> -84350.534
B32: Doğuş Kira 11/12-2024-25 | D32: 15000 | H32: =H31+F32+G32 -> -84350.534
A33: 45351 | B33: Doğuş Kira 7/12-2024-25 15000 - 6500 (07/03) 29-Şubattan | D33: 8500 | H33: =H32+F33+G33 -> -84350.534
H34: =H33+F34+G34 -> -84350.534
B38: --------------------------------------------------------------------------------------------------------------------------------------------------
A39: KALAN BAKİYELER
A41: 44929 | B41: 9522138254 Sanayi Elektrik | D41: =SUM(D42:D47) -> 5394.16 | E41: =SUM(E42:E47) -> 4605.33
B42: Salih Ant Elektrik | D42: 468.65
B43: Hurdacı Elektrik | D43: 1257.73 | E43: 1260
B44: Süleyman Elektrik | C44: egea | D44: 919.84 | E44: 919.84
B45: Merdal | D45: 2358.03 | E45: 2358
B46: Metin | D46: 352.42 | E46: 30
B47: Hacı Elektrik | D47: 37.49 | E47: 37.49
B48: -4625
B50: İşbank 4876 KK | E50: =SUM(E51:E62) -> -4300.09
A53: 45187 | B53: Pazarama – | C53: 7648.33 | D53: 9 – 9 | E53: -849.85 | F53: 0
A54: 45348 | B54: Atasun Gözlük | C54: 1406 | D54: 3 – 6 | E54: -234.33 | F54: 0
A55: 45373 | B55: pazarama 64gb ram umut | C55: 10176.39 | D55: 3 – 9 | E55: -1130.71 | F55: 0
A56: 45375 | B56: amazon kc200 2tb nvme umut | C56: 5999 | D56: 3 – 9 | E56: -666.56 | F56: 0
A57: 45358 | B57: THY ist uçak bileti | C57: 2273 | D57: 3 – 6 | E57: -378.87 | F57: 0
A58: 45371 | B58: THY ist uçak bileti iptal vergi iade | D58: 3 – 6 | E58: 101.77
A60: 45418 | B60: marmara royal market | E60: -251.54 | F60: 0
A61: 45418 | B61: pizza locale ist | E61: -890 | F61: 0
A62: 45418 | B62: ödeme | C62: 4278.51 | E62: HESAP KESİM
B65: Denizbank 5165 kk | D65: 19997.71 | E65: =SUM(E66:E114) -> -19997.71 | F65: =D65+E65 -> 0
A67: 45285 | B67: hepsiburada yasemin laptop - 21,309,98 | D67: 5 – 6 | E67: -3551.66
B68: turknet 12ay 17-02-24 * 17-02-25 399,99 *12 + 299,99 | D68: 4 - 6 | E68: -649.78
B69: turknet 1. ay karttan iade | C69: 49.98 | D69: 4 - 6
A71: 45408 | B71: ajet | E71: -1407.23
A72: 45420 | B72: bonus | C72: 300
A73: 45426 | B73: akgünler | E73: -1469
A74: 45426 | B74: pegasus kıbrıs umut askerlik | E74: -1453
A75: 45427 | B75: akgünler iade | E75: 905.5
A77: 45407 | B77: topcam | E77: -800 | F77: 0
A78: 45408 | B78: incipark | E78: -550 | F78: 0
A79: 45411 | B79: talbay gıda | E79: -70 | F79: 0
A80: 45412 | B80: et pide | C80: x | D80: =E80 -> -250 | E80: -250 | F80: 0
A81: 45412 | B81: noter merdal kipel ihtar | E81: -1508 | F81: 0
A82: 45412 | B82: belbim metro 3 lü biniş | E82: -70 | F82: 0
A83: 45413 | B83: havaist saw-ist | E83: -516 | F83: 0
A84: 45413 | B84: havaist yurt dışı çıkış harcı bakü | E84: -150 | F84: 0
A85: 45413 | B85: havaist yurt dışı çıkış harcı bakü | E85: -150 | F85: 0
A86: 45413 | B86: yemek | E86: -530 | F86: 0
A87: 45418 | B87: ödeme | C87: 23491.02
A88: 45420 | B88: erenler | E88: -518.4 | F88: 0
A89: 45422 | B89: paşa mercimek | E89: -80 | F89: 0
A90: 45424 | B90: erenler | E90: -173.82 | F90: 0
A91: 45425 | B91: et pide | C91: x | D91: =E91 -> -200 | E91: -200 | F91: 0
A92: 45426 | B92: et pide | C92: x | D92: =E92 -> -300 | E92: -300 | F92: 0
A93: 45426 | B93: kayseri | E93: -600 | F93: 0
A94: 45427 | B94: misli puan yükleme | C94: 95.08 | F94: 0
A95: 45427 | B95: ykm pegasus kıbrıs | E95: -1123.15 | F95: 0
A96: 45427 | B96: ykm | C96: 1.26 | F96: 0
A97: 45427 | B97: kayseri otobüs | E97: -16 | F97: 0
A98: 45427 | B98: iskender | E98: -375 | F98: 0
A99: 45427 | B99: kayseri otobüs | E99: -11.5 | F99: 0
A100: 45428 | B100: benzin mağusa | E100: -500 | F100: 0
A101: 45428 | B101: önder mağusa | E101: -594.68 | F101: 0
A102: 45430 | B102: önder mağusa | E102: -169.99 | F102: 0
A103: 45430 | B103: ali yakar mağusa | E103: -330 | F103: 0
A104: 45430 | B104: önder mağusa | E104: -139.9 | F104: 0
A105: 45430 | B105: benzin mağusa | E105: -500 | F105: 0
A106: 45431 | B106: ekor | E106: -266 | F106: 0
A107: 45432 | B107: ekor | E107: -22.1 | F107: 0
A108: 45432 | B108: kayseri otobüs | E108: -11.5 | F108: 0
... A111: 45432 | B111: kayseri-tokat | E111: -650 | F111: 0
A112: 45435 | B112: et pide | C112: x | D112: =E112 -> -300 | E112: -300 | F112: 0
A113: 45435 | B113: aşçıbaşı sivas peri ankara | E113: -550 | F113: 0
C114: selanik pide | D114: =SUM(D79:D113) -> -1050 | E114: HESAP KESİM
A118: HAZİRANa | B118: Devir | C118: 2024 | E118: =SUM(E119:E135) -> 794302.16
A119: 45413 | B119: yasemin | E119: 64000
...

Sheet 05_24
F1: GİRİŞ | G1: ÇIKIŞ | H1: BAKİYE
A2: - MAYIS 2024 | C2: TOPLAM | D2: =SUM(D5:D26) -> 25000 | E2: =SUM(E5:E26) -> -64525.01 | F2: =SUM(F5:F26) -> 25427.62 | G2: =SUM(G5:G26) -> -64483.92 | H2: =F2+G2 -> -39056.3
B4: TUSDATA 13/30 | C4: 17-2-24 de toplu ödendi | E4: -250 | H4: =H3+F4+G4 -> 0
A5: 45404 | B5: 2240 Turkcell fatura | C5: işbank | E5: -152 | G5: -166.9 | H5: =H4+F5+G5 -> -166.9
A6: 45414 | B6: Elektrik 5847500300 Kümbet D09 | E6: -400 | G6: -330 | H6: =H5+F6+G6 -> -496.9
A7: 45414 | B7: Elektrik 8222520300 Kümbet D10 | E7: -500 | G7: -510 | H7: =H6+F7+G7 -> -1006.9
A8: 45414 | B8: AUB usulsüzlük cezası Ali Demirel Damga vergisi için | D8: 2-4 te ödendi | E8: -103.5 | H8: =H7+F8+G8 -> -1006.9
A9: 45418 | B9: Doğalgaz Marmara Royal Ablok D:82 | C9: devlet | E9: -150 | G9: -25.38 | H9: =H8+F9+G9 -> -1032.28
A10: 45418 | B10: KK 4876 İşbank | E10: =E41 -> -4278.51 | G10: -4276.51 | H10: =H9+F10+G10 -> -5308.79
A11: 45418 | B11: KK 5165 Denizbank | E11: =E57 -> -23541 | G11: -23541 | H11: =H10+F11+G11 -> -28849.79
A12: 45418 | B12: Aidat Marmara Royal Site 12/12 | E12: -1500 | G12: -1512.13 | H12: =H11+F12+G12 -> -30361.92
A13: 45418 | B13: Nazan Kira ödemesi | E13: -10000 | G13: -10000 | H13: =H12+F13+G13 -> -40361.92
A14: 45419 | B14: Kira Adem Özen 12/12 Mrmr Ryl A Blok 82 | E14: -5375 | G14: -5375 | H14: =H13+F14+G14 -> -45736.92
A15: 45419 | B15: Kira Adem Özen 12/12 Mrmr Ryl A Blok 82 | E15: -2125 | G15: -2125 | H15: =H14+F15+G15 -> -47861.92
A16: 45432 | B16: Doğalgaz 800004222954 Kümbet D10 | C16: devlet | E16: -300 | G16: -403 | H16: =H15+F16+G16 -> -48264.92
A17: 45432 | B17: Doğalgaz 800004222959 Kümbet D09 | C17: devlet | E17: -100 | G17: -34 | H17: =H16+F17+G17 -> -48298.92
B18: Elektrik 9522138254 Sanayi | E18: =E36*-1 -> -100 | G18: =E18 -> -100 | H18: =H17+F18+G18 -> -48398.92
A19: 45439 | B19: yasemin | E19: -5000 | G19: -5205 | H19: =H18+F19+G19 -> -53603.92
A20: 45439 | B20: umut | E20: -5000 | G20: -5205 | H20: =H19+F20+G20 -> -58808.92
A21: 45439 | B21: Genel Masraf | E21: -5000 | G21: -5000 | H21: =H20+F21+G21 -> -63808.92
B22: maaş | D22: 10000 | F22: 10427.62 | H22: =H21+F22+G22 -> -53381.3
A23: 45447 | B23: Doğuş Kira 10/12-2024-25 | D23: 15000 | F23: 15000 | H23: =H22+F23+G23 -> -38381.3
H24: =H23+F24+G24 -> -38381.3
A25: 45442 | B25: Elektrik 5847500300 Kümbet D09 | E25: -400 | G25: -240 | H25: =H24+F25+G25 -> -38621.3
A26: 45442 | B26: Elektrik 8222520300 Kümbet D10 | E26: -500 | G26: -435 | H26: =H25+F26+G26 -> -39056.3
B28: --------------------------------------------------------------------------------------------------------------------------------------------------
A30: 44929 | B30: 9522138254 Sanayi Elektrik | D30: =SUM(D31:D36) -> 3775.16 | E30: =SUM(E31:E36) -> 3775.28
B31: Salih Ant Elektrik | D31: 786.88 | E31: 787
B32: Hurdacı Elektrik | D32: 1205 | E32: 1205
B33: Cihan Elektrik | D33: 55.4 | E33: 55.4
B34: Merdal | D34: 1257.4 | E34: 1257.4
B35: Metin | D35: 370.48 | E35: 370.48
B36: Hacı Elektrik | D36: 100 | E36: 100
B41: İşbank 4876 KK | E41: =SUM(E42:E53) -> -4278.51
A43: 45187 | B43: Pazarama – | C43: 7648.33 | D43: 8 – 9 | E43: -849.81
A44: 45348 | B44: Atasun Gözlük | C44: 1406 | D44: 2 – 6 | E44: -234.33
A45: 45373 | B45: pazarama 64gb ram umut | C45: 10176.39 | D45: 2– 9 | E45: -1130.71
A46: 45375 | B46: amazon kc200 2tb nvme umut | C46: 5999 | D46: 2 – 9 | E46: -666.56
A47: 45358 | B47: THY ist uçak bileti | C47: 2273 | D47: 2 – 6 | E47: -378.87
A48: 45371 | B48: THY ist uçak bileti iptal vergi iade | D48: 2 – 6 | E48: 101.77
A49: 45377 | B49: pazarama bosch gsb 12v30 2295,18 - 740 maxipuan | D49: 1 – 9
B50: market | E50: -90
D51: 6693.55
B52: gib vergi | E52: -790
B53: kafe356 | E53: -240
D54: HESAP KESİM
B57: Denizbank 5165 kk | E57: =SUM(E58:E100) -> -23541
A59: 45285 | B59: hepsiburada yasemin laptop - 21,309,98 | D59: 4 – 6 | E59: -3551.66
B60: turknet 12ay 17-02-24 * 17-02-25 399,99 *12 + 299,99 | D60: 3 - 6 | E60: -649.78
B61: turknet 1. ay karttan iade | C61: 49.98 | D61: 3 - 6
A64: 45405 | B64: et bahçe | E64: -500
A65: 45398 | B65: gaz kamil | E65: -400
A66: 45398 | B66: mrkt | E66: -48.5
A67: 45398 | B67: gaz kamil | E67: -871.29
A68: 45398 | B68: gaz kamil | E68: -810.42
A69: 45397 | B69: et pide | C69: 240 | E69: -240
A70: 45388 | B70: audi lastik değşm | E70: -400
D71: 6501.46
A72: 45383 | B72: et pide | C72: 250 | E72: -250
A73: 45377 | B73: 2240 | E73: -167
A74: 45377 | B74: 2240 | E74: -2.17
A75: 45377 | B75: 2240 | E75: -0.11
A76: 45406 | B76: mrkt | E76: -34.6
A77: 24.4 | B77: mrkt | E77: -370.4
A78: 45405 | B78: ajet tjk-saw azerbaycan | E78: -1306.88
A79: 45387 | B79: azarbeijan airlines ist-baku-ist | E79: -13938.19
B81: selanik yemek | C81: =SUM(C69:C80) -> 490
D100: HESAP KESİM
A101: MAYISa | B101: Devir | C101: 2024 | E101: =SUM(E102:E118) -> 1018967.9
A102: 45413 | B102: yasemin | E102: 64000
A103: =A102 -> 45413 | B103: umut | E103: 150845
A104: =A103 -> 45413 | B104: İş 789 | E104: 6036.94
A105: =A104 -> 45413 | B105: iş sny | E105: 102000
A106: =A105 -> 45413 | B106: iş sny umut-ortak 156 | E106: 0
A107: =A106 -> 45413 | B107: iş ytrm | E107: 0
A108: =A107 -> 45413 | B108: iş 801 | E108: 0
A109: =A108 -> 45413 | B109: iş TTE | C109: 125000 | D109: 0.880976 | E109: =D109*C109 -> 110122
A110: =A109 -> 45413 | B110: iş RNSGY | C110: 10 | D110: 145 | E110: =D110*C110 -> 1450
A111: =A109 -> 45413 | B111: denizbank | E111: 450
A112: =A111 -> 45413 | B112: iş ALTIN.S1 | C112: 2500 | D112: 25.11 | E112: =D112*C112 -> 62775
A113: =A111 -> 45413 | B113: xau iş alış 2461,08 | C113: 2308.97 | D113: 156 | E113: =D113*C113 -> 360199.32
A114: =A113 -> 45413 | B114: usd iş satış-alış 33,5088 | C114: 31.8793 | D114: 850 | E114: =D114*C114 -> 27097.405
A115: =A114 -> 45413 | B115: usd nakit | C115: =C114 -> 31.8793 | D115: 250 | E115: =D115*C115 -> 7969.825
A116: =A115 -> 45413 | B116: eur iş alış 35,1526 | C116: 34.3945 | D116: 58.8 | E116: =D116*C116 -> 2022.3966
A117: =A116 -> 45413 | B117: kasa nakit | E117: 120000
A118: =A117 -> 45413 | B118: nakit | E118: 4000
D121: Ay sonu BAKİYE | E121: =SUM(E102:E118) -> 1018967.9
C122: =A101 -> MAYISa | D122: Bakiye | E122: =H2 -> -39056.3

Sheet 04_24
F1: GİRİŞ | G1: ÇIKIŞ | H1: BAKİYE
A2: - NİSAN 2024 | C2: TOPLAM | D2: =SUM(D5:D45) -> 40000 | E2: =SUM(E5:E45) -> -51710.3 | F2: =SUM(F5:F45) -> 332427.62 | G2: =SUM(G5:G45) -> -86892.22 | H2: =F2+G2 -> 245535.4
A5: 45339 | B5: TUSDATA 12/30 | C5: 17-2-24 de toplu ödendi | E5: -250 | H5: =H4+F5+G5 -> 0
A6: 45377 | B6: 2240 Turkcell fatura | C6: dnz kk | E6: -152 | G6: -169.28 | H6: =H5+F6+G6 -> -169.28
A7: 45383 | B7: Aidat Marmara Royal Site 11/12 | E7: -1500 | G7: -1512.13 | H7: =H6+F7+G7 -> -1681.41
A8: 45384 | B8: Ablama bayram öncesi (iş 5gr) | G8: -10000 | H8: =H7+F8+G8 -> -11681.41
A9: 45384 | B9: AUB YGV 1.taksit | E9: -2273.07 | G9: -2237.07 | H9: =H8+F9+G9 -> -13918.48
A10: 45384 | B10: AUB usulsüzlük cezası Ali Demirel Damga vergisi için | D10: 2-5 vadeli idi | E10: -103.5 | G10: -103.5 | H10: =H9+F10+G10 -> -14021.98
A11: 45385 | B11: Doğalgaz Marmara Royal Ablok D:82 | C11: devlet | E11: -150 | G11: -197.34 | H11: =H10+F11+G11 -> -14219.32
A12: 45385 | B12: KK 5165 Denizbank | E12: =E97 -> -6501.46 | G12: =E12 -> -6501.46 | H12: =H11+F12+G12 -> -20720.78
A13: 45386 | B13: KK 4876 İşbank | E13: =E65 -> -6693.55 | G13: =E13 -> -6693.55 | H13: =H12+F13+G13 -> -27414.33
A14: 45386 | B14: Doğuş Kira 8/12-2024-25 30 Marttan | D14: 15000 | F14: 15000 | H14: =H13+F14+G14 -> -12414.33
A15: 45387 | B15: SGK bayramlık | F15: 3000 | H15: =H14+F15+G15 -> -9414.33
A16: 45389 | B16: Kira Adem Özen 11/12 Mrmr Ryl A Blok 82 | E16: -5375 | G16: =E16 -> -5375 | H16: =H15+F16+G16 -> -14789.33
A17: 45389 | B17: Kira Adem Özen 11/12 Mrmr Ryl A Blok 82 | E17: -2125 | G17: =E17 -> -2125 | H17: =H16+F17+G17 -> -16914.33
B18: Nazan Kira ödemesi | E18: -10000 | G18: =E18 -> -10000 | H18: =H17+F18+G18 -> -26914.33
A19: 45397 | B19: Elektrik 9522138254 Sanayi | E19: =E60*-1 -> -286.72 | G19: =E19 -> -286.72 | H19: =H18+F19+G19 -> -27201.05
A20: 45397 | B20: Elektrik 8758480300 Bahçe | G20: -55 | H20: =H19+F20+G20 -> -27256.05
A21: 45397 | B21: snyF Merdal Kipel bankadan ödeme | F21: 85000 | H21: =H20+F21+G21 -> 57743.95
A22: 45398 | B22: Doğalgaz 800004222954 Kümbet D10 | C22: Devlet 142,24 | E22: -300 | G22: -636 | H22: =H21+F22+G22 -> 57107.95
A23: 45398 | B23: Doğalgaz 800004222959 Kümbet D09 | C23: devlet | E23: -100 | G23: 0 | H23: =H22+F23+G23 -> 57107.95
A24: 45401 | B24: lihkab ücreti - tuzgümrüğü ölçüm | G24: -3592.17 | H24: =H23+F24+G24 -> 53515.78
A25: 45404 | B25: snyE Kira Bedeli Süleyman Akan | C25: nakit | F25: 1000 | H25: =H24+F25+G25 -> 54515.78
B26: snyE Kira Bedeli Süleyman Akan | C26: nakit | F26: 50000 | H26: =H25+F26+G26 -> 104515.78
B27: snyE Kira Bedeli Süleyman Akan | C27: işbank umut ortak hesabe KİRA BEDELİ | F27: 33000 | H27: =H26+F27+G27 -> 137515.78
B28: snyE Kira Bedeli Süleyman Akan | C28: nakit | F28: 120000 | H28: =H27+F28+G28 -> 257515.78
B29: snyE Kira Bedeli İADE Cihan ÇAM | G29: -24000 | H29: =H28+F29+G29 -> 233515.78
H30: =H29+F30+G30 -> 233515.78
H31: =H30+F31+G31 -> 233515.78
H32: =H31+F32+G32 -> 233515.78
H33: =H32+F33+G33 -> 233515.78
A34: 45414 | B34: Elektrik 5847500300 Kümbet D09 | E34: -400 | H34: =H33+F34+G34 -> 233515.78
A35: 45414 | B35: Elektrik 8222520300 Kümbet D10 | E35: -500 | H35: =H34+F35+G35 -> 233515.78
H36: =H35+F36+G36 -> 233515.78
B37: yasemin | H37: =H36+F37+G37 -> 233515.78
B38: Yasemin + bayram | E38: -5000 | G38: -6704 | H38: =H37+F38+G38 -> 226811.78
B39: Umut + bayram | E39: -5000 | G39: -6704 | H39: =H38+F39+G39 -> 220107.78
B40: Genel Masraf | E40: -5000 | H40: =H39+F40+G40 -> 220107.78
B41: maaş | D41: 10000 | F41: 10427.62 | H41: =H40+F41+G41 -> 230535.4
B42: Doğuş Kira 9/12-2024-25 | D42: 15000 | F42: 15000 | H42: =H41+F42+G42 -> 245535.4
H43: =H42+F43+G43 -> 245535.4
H44: =H43+F44+G44 -> 245535.4
A45: 45322 | B45: snyE senet 5/5 7000 ödenmedi kiracı değişti | H45: =H44+F45+G45 -> 245535.4
B51: --------------------------------------------------------------------------------------------------------------------------------------------------
A52: KALAN BAKİYELER
A54: 44929 | B54: 9522138254 Sanayi Elektrik | D54: =SUM(D55:D60) -> 4514.12 | E54: =SUM(E55:E60) -> 4437.22
B55: Salih Ant Elektrik | D55: 874.44 | E55: 800
B56: Hurdacı Elektrik | D56: 1078.92 | E56: 1079
B57: Cihan Elektrik | D57: 173.45 | E57: 172.5
B58: Merdal | C58: umuta havale | D58: 1774 | E58: 1774
B59: Metin | D59: 326.59 | E59: 325
B60: Hacı Elektrik | D60: 286.72 | E60: =D60 -> 286.72
B65: İşbank 4876 KK | E65: =SUM(E66:E91) -> -6693.55
A67: 45187 | B67: Pazarama – | C67: 7648.33 | D67: 7 – 9 | E67: -849.81
A68: 45348 | B68: Atasun Gözlük | C68: 1406 | D68: 1 – 6 | E68: -234.33
A69: 45358 | B69: THY ist uçak bileti | C69: 2273 | D69: 1 – 6 | E69: -378.87
A70: 45371 | B70: THY ist uçak bileti iptal vergi iade | D70: 1 – 6 | E70: 101.77
A71: 45373 | B71: pazarama 64gb ram umut | C71: 10176.39 | D71: 1– 9 | E71: -1130.71
A72: 45375 | B72: amazon kc200 2tb nvme umut | C72: 5999 | D72: 1– 9 | E72: -666.56
A74: 45347 | B74: kofteci | E74: -343
A75: 45348 | B75: atasun yakın gözlük sigorta | E75: -150
A76: 45351 | B76: pide | C76: =E76 -> -86.95 | E76: -86.95
A77: 45353 | B77: benzin | E77: -500
A78: 45353 | B78: peri bilet kayseri | E78: -600
A79: 45354 | B79: benzin çapa | E79: -330
A80: 45355 | B80: et | C80: =E80 -> -200 | E80: -200
A81: 45355 | B81: yemek | E81: -50
A82: 45356 | B82: et | C82: =E82 -> -200 | E82: -200
A83: 45357 | B83: led-fiş aksoy | E83: -160
A84: 45357 | B84: ödeme | C84: 6341.66
A85: 45361 | B85: erenler | E85: -294.14
A86: 45358 | B86: et | C86: =E86 -> -200 | E86: -200
E87: -3.05
A88: 45376 | B88: kk ücret | E88: -874.19
E89: -43.71
A90: 45374 | B90: pazarama online indirim | E90: 500
A91: 45374 | B91: pazarama online indirim | D91: HESAP KESİM
B92: selanik pide | C92: 686.95
B97: Denizbank 5165 kk | E97: =SUM(E98:E105) -> -6501.46
A99: 45214 | B99: amazon coreliquid 240r 3201TL-Arctic Fan 399TL | D99: 6 – 6 | E99: -600
A100: 45285 | B100: hepsiburada yasemin laptop - 21,309,98 | D100: 3 – 6 | E100: -3551.66 | F100: 0
B101: turknet 12ay 17-02-24 * 17-02-25 299,99 *12 + 299,99 | D101: 2 - 6 | E101: -649.78 | F101: 0
B102: turknet 1. ay karttan iade | C102: 49.98 | D102: 2 - 6 | E102: 49.98 | F102: 0
A104: 45374 | B104: örükçüoğlu audi porya | E104: -1750
D105: HESAP KESİM
A111: NİSANa | B111: Devir | C111: 2024 | E111: =SUM(E112:E126) -> 774287.74
A112: 45383 | B112: yasemin | E112: 64000
A113: =A112 -> 45383 | B113: umut | E113: 150845
A114: =A113 -> 45383 | B114: İş 789 | E114: 6036.94
A115: =A114 -> 45383 | B115: iş sny | E115: 0
A116: =A115 -> 45383 | B116: iş sny umut-ortak 156 | E116: 0
A117: =A116 -> 45383 | B117: iş ytrm | E117: 0
A118: =A117 -> 45383 | B118: iş 801 | E118: 0
A119: =A118 -> 45383 | B119: iş TTE | C119: 125000*0,880976 | E119: 110122
A120: =A119 -> 45383 | B120: denizbank | E120: 450
A121: =A120 -> 45383 | B121: xau iş alış 2461,08 | C121: 2308.97 | D121: 161 | E121: =D121*C121 -> 371744.17
A122: =A121 -> 45383 | B122: usd iş satış-alış 33,5088 | C122: 31.8793 | D122: 850 | E122: =D122*C122 -> 27097.405
A123: =A122 -> 45383 | B123: usd nakit | C123: =C122 -> 31.8793 | D123: 250 | E123: =D123*C123 -> 7969.825
A124: =A123 -> 45383 | B124: eur iş alış 35,1526 | C124: 34.3945 | D124: 58.8 | E124: =D124*C124 -> 2022.3966
A125: =A124 -> 45383 | B125: kasa nakit | E125: 30000
...

Sheet 03_24
F1: GİRİŞ | G1: ÇIKIŞ | H1: BAKİYE
B2: - MART 2024 | C2: TOPLAM | D2: =SUM(D6:D27) -> 12800 | E2: =SUM(E3:E29) -> -114592.82 | F2: =SUM(F3:F29) -> 19667.49 | G2: =SUM(G3:G29) -> -116144.16 | H2: =F2+G2 -> -96476.67
B4: TUSDATA 11/30 | C4: 17-2-24 de toplu ödendi | E4: -250 | H4: =H3+F4+G4 -> 0
A5: 45352 | B5: Aidat Marmara Royal Site 10/12 | E5: -1500 | G5: -1512.13 | H5: =H4+F5+G5 -> -1512.13
A6: 45355 | B6: 2240 Turkcell fatura | E6: -152 | G6: -166.9 | H6: =H5+F6+G6 -> -1679.03
A7: 45356 | B7: Nazan Kira ödemesi | E7: -10000 | G7: =E7 -> -10000 | H7: =H6+F7+G7 -> -11679.03
A8: 45356 | B8: KK 5165 Denizbank | C8: 72000 | E8: =E65 -> -72173.5 | G8: =E8 -> -72173.5 | H8: =H7+F8+G8 -> -83852.53
A9: 45357 | B9: KK 4876 İşbank | E9: =E46 -> -6341.66 | G9: =E9 -> -6341.66 | H9: =H8+F9+G9 -> -90194.19
A10: 45357 | B10: alumba gss prim borcu | C10: iş havale | G10: -220.03 | H10: =H9+F10+G10 -> -90414.22
A11: 45357 | B11: alumba gss prim borcu | C11: iş havale | G11: -631.37 | H11: =H10+F11+G11 -> -91045.59
A12: 45358 | B12: Kira Adem Özen 10/12 Mrmr Ryl A Blok 82 | E12: -5375 | G12: =E12 -> -5375 | H12: =H11+F12+G12 -> -96420.59
A13: 45358 | B13: Kira Adem Özen 10/12 Mrmr Ryl A Blok 82 | E13: -2125 | G13: =E13 -> -2125 | H13: =H12+F13+G13 -> -98545.59
A14: 45358 | B14: Doğuş Kira 7/12-2024-25 | F14: 6500 | H14: =H13+F14+G14 -> -92045.59
A15: 45359 | B15: Doğalgaz Marmara Royal Ablok D:82 | E15: -150 | G15: -168.91 | H15: =H14+F15+G15 -> -92214.5
A16: 45362 | B16: Elektrik 9522138254 Sanayi | E16: =E41*-1 -> -225.66 | G16: =-225.66 -> -225.66 | H16: =H15+F16+G16 -> -92440.16
A17: 45372 | B17: Doğalgaz 800004222954 Kümbet D10 | C17: devlet | E17: -300 | G17: -1083 | H17: =H16+F17+G17 -> -93523.16
A18: 45372 | B18: Doğalgaz 800004222959 Kümbet D09 | C18: devlet | E18: -100 | G18: 0 | H18: =H17+F18+G18 -> -93523.16
A19: 45378 | B19: maaş | D19: 10000 | F19: 10367.49 | H19: =H18+F19+G19 -> -83155.67
A20: 45378 | B20: yasemin | E20: -5000 | G20: -5203 | H20: =H19+F20+G20 -> -88358.67
B21: yasemin okul -65000 deniz kk ile | H21: =H20+F21+G21 -> -88358.67
A22: 45378 | B22: umut | E22: -5000 | G22: -5203 | H22: =H21+F22+G22 -> -93561.67
A23: 45378 | B23: Genel Masraf | E23: -5000 | G23: -5000 | H23: =H22+F23+G23 -> -98561.67
A24: 45380 | B24: Tuzgümrüğü kira | D24: 2800 | F24: 2800 | H24: =H23+F24+G24 -> -95761.67
A25: 45380 | B25: Elektrik 5847500300 Kümbet D09 | E25: -400 | G25: -255 | H25: =H24+F25+G25 -> -96016.67
A26: 45380 | B26: Elektrik 8222520300 Kümbet D10 | E26: -500 | G26: -460 | H26: =H25+F26+G26 -> -96476.67
H27: =H26+F27+G27 -> -96476.67
H28: =H27+F28+G28 -> -96476.67
H29: =H28+F29+G29 -> -96476.67
B32: --------------------------------------------------------------------------------------------------------------------------------------------------
B33: KALAN BAKİYELER
A35: 44929 | B35: 9522138254 Sanayi Elektrik | D35: =SUM(D36:D41) -> 5343.55 | E35: =SUM(E36:E41) -> 5345.8
B36: Salih Ant Elektrik | D36: 967.68 | E36: 970
B37: Hurdacı Elektrik 32,42 1. aydan ekleNDİ | C37: BANKADAN | D37: 1224.42 | E37: 1225
B38: Cihan Elektrik | D38: 237.14 | E38: 237.14
B39: Merdal 90,58 2. aydan düş | D39: 2248.8 | E39: 2248
B40: Metin | D40: 439.85 | E40: 440
B41: Hacı Elektrik | D41: 225.66 | E41: 225.66
B46: İşbank 4876 KK | E46: =SUM(E47:E60) -> -6341.66
A47: 45187 | B47: Pazarama – | C47: 7648.33 | D47: 6 – 9 | E47: -849.81
A48: 45187 | B48: Amazon - | C48: 11128 | D48: 6 – 6 | E48: -1854.65
A49: 45325 | B49: erenler | E49: -453.4
A50: 45326 | B50: pçamlıbel pide | E50: -300
A51: 45327 | B51: ödeme | C51: 3900.57
A52: 45330 | B52: kesik yemek | E52: -900
A53: 45330 | B53: erenler pide için | E53: -116.38
A54: 45331 | B54: et | E54: -100
A55: 45331 | B55: damga vergisi ali demirel | E55: -215.42
A56: 45332 | B56: et | E56: -100
A57: 45332 | B57: aşıkbaba yasemin | E57: -900
A58: 45337 | B58: atasun yakın gözlük | E58: -352
A59: 45338 | B59: et | E59: -100
A60: 45339 | B60: et | E60: -100
D61: HESAP KESİM
B65: Denizbank 5165 kk | E65: =SUM(E66:E85) -> -72173.5
A67: 45187 | B67: amazon işlemci i9 13900k | D67: 6 – 6 | E67: -3974.42 | F67: 0
A68: 45214 | B68: amazon coreliquid 240r 3201TL-Arctic Fan 399TL | D68: 5 – 6 | E68: -600
A69: 45285 | B69: hepsiburada yasemin laptop - 21,309,98 | D69: 2 – 6 | E69: -3551.66
A70: 45259 | B70: snyH Emlak vergileri | C70: -1204.5 | D70: 3 – 3 | E70: -401.5
A71: 45259 | B71: Emlak vergisi ayşe balcı | C71: -148.6 | D71: 3 – 3 | E71: -49.54
A72: 45259 | B72: emlak vergisi atila ev POBA | C72: -244.8 | D72: 3 – 3 | E72: -81.6
A73: 45259 | B73: emlka vergisi hmb | C73: -532.6 | D73: 3 – 3 | E73: -177.54
B74: audi mtv 2024-1 | C74: 899 | D74: 2 - 2 | E74: -449.5
B75: audi mtv 2023-2 ek | D75: 2 - 2 | E75: -299.64
B76: trafik cezası pervine yazıldı | D76: 2 - 2 | E76: -546.82
B77: turknet 12ay 17-02-24 * 17-02-25 399,99 *12 + 299,99 | D77: 1 - 6 | E77: -649.78
B78: turknet 1. ay karttan iade | C78: 49.98 | D78: 1 - 6
A81: 45324 | B81: aof 2. dönem harç | E81: -1195
A82: 45327 | B82: turrknet 17-01-24 * 17-02-24 ilk fatura | C82: -299.99
A83: 45336 | B83: yasemin okul | E83: -59483.25
A84: 45329 | B84: ceza dr184 sungurlu | E84: -713.25
A85: 45327 | B85: ödeme | C85: 24742.96
D87: HESAP KESİM
A108: MART | B108: Devir | C108: 2024 | E108: =SUM(E109:E127) -> 745852.05
A109: 45352 | B109: yasemin | E109: 64000
A110: =A109 -> 45352 | B110: umut 29,500 yasemin okul iadesi | E110: 150845
A111: =A110 -> 45352 | B111: İş 789 | E111: 5039.78
A112: =A111 -> 45352 | B112: iş sny | E112: 0
A113: =A112 -> 45352 | B113: iş sny umut-ortak 156 | E113: 0
A114: =A113 -> 45352 | B114: iş ytrm | E114: 0
A115: =A114 -> 45352 | B115: iş 801 | E115: 0
A116: =A115 -> 45352 | B116: iş TTE | C116: 125000*1,034036 | E116: 129254.5
A117: =A116 -> 45352 | B117: ALVES | C117: 12*19,45 | E117: 256.56
A118: =A117 -> 45352 | B118: LMKDC | C118: 36*38 | E118: 0
A119: =A118 -> 45352 | B119: OBAMS | C119: 15*39,24 | E119: 588.6
A120: =A119 -> 45352 | B120: MOGAN
A121: =A120 -> 45352 | B121: denizbank | E121: 450
A122: =A121 -> 45352 | B122: xau iş alış 2087,56 | C122: 2017.98 | D122: 161 | E122: =D122*C122 -> 324894.78
A123: =A122 -> 45352 | B123: usd iş satış-alış 31,6936 | C123: 30.7262 | D123: 850 | E123: =D123*C123 -> 26117.27
A124: =A123 -> 45352 | B124: usd nakit | C124: 30.726 | D124: 250 | E124: =D124*C124 -> 7681.5
A125: =A124 -> 45352 | B125: eur iş alış 34,2704 | C125: 33.2243 | D125: 81.99 | E125: =D125*C125 -> 2724.0604
A126: =A125 -> 45352 | B126: kasa nakit | E126: 30000
A127: =A126 -> 45352 | B127: nakit | E127: 4000
D130: Ay sonu BAKİYE | E130: =SUM(E109:E127) -> 745852.05
C131: =A108 -> MART | D131: Bakiye | E131: =H2 -> -96476.67

Sheet 02_24
F1: GİRİŞ | G1: ÇIKIŞ | H1: BAKİYE
A2: - ŞUBAT 2024 | C2: TOPLAM | D2: =SUM(D4:D31) -> 19300 | E2: =SUM(E4:E31) -> -65325.85 | F2: =SUM(F4:F31) -> 20543.64 | G2: =SUM(G4:G31) -> -69834.74 | H2: =F2+G2 -> -49291.1
A4: 45323 | B4: 2240 Turkcell fatura | E4: -152 | G4: -167 | H4: =H3+F4+G4 -> -167
A5: 45323 | B5: Aidat Marmara Royal Site 9/12 | E5: -1500 | G5: -1512.13 | H5: =H4+F5+G5 -> -1679.13
A6: 45323 | B6: Nazan Kira ödemesi | E6: -10000 | G6: -10000 | H6: =H5+F6+G6 -> -11679.13
A7: 45323 | B7: TUSDATA 10/30 | E7: -250 | G7: -250 | H7: =H6+F7+G7 -> -11929.13
A8: 45339 | B8: TUSDATA 10/30 - 20-30 * 11 adet senet ödemesi (şubat 2 kez ödendi yanlışlıkla) | G8: -2750 | H8: =H7+F8+G8 -> -14679.13
A9: 45327 | B9: KK 4876 İşbank | E9: =E47 -> -3900.57 | G9: =E9 -> -3900.57 | H9: =H8+F9+G9 -> -18579.7
A10: 45327 | B10: KK 5165 Denizbank | E10: =E64 -> -24792.94 | G10: =E10 -> -24792.94 | H10: =H9+F10+G10 -> -43372.64
A11: 45328 | B11: Doğuş Kira 6/12-2024-25 | F11: 6500 | H11: =H10+F11+G11 -> -36872.64
A12: 45329 | B12: Kira Adem Özen 9/12 Mrmr Ryl A Blok 82 | E12: -5375 | G12: =E12 -> -5375 | H12: =H11+F12+G12 -> -42247.64
A13: 45329 | B13: Kira Adem Özen 9/12 Mrmr Ryl A Blok 82 | E13: -2125 | G13: =E13 -> -2125 | H13: =H12+F13+G13 -> -44372.64
A14: 45329 | B14: maaş ocak ayı EK ödeme | F14: 816.04 | H14: =H13+F14+G14 -> -43556.6
A15: 45329 | B15: trafik cezası sungurlu istanbula giderken 28-12-2023 | E15: -713.25 | G15: =E15 -> -713.25 | H15: =H14+F15+G15 -> -44269.85
B16: 29.01.2024 trafik cezası MB-26446083 tebliğ tar: 09-01-24 sungurlu | H16: =H15+F16+G16 -> -44269.85
A17: 45329 | B17: Doğalgaz 800004222959 Kümbet D09 | C17: devlet 16,62 | E17: -100 | G17: 0 | H17: =H16+F17+G17 -> -44269.85
A18: 45334 | B18: Doğalgaz Marmara Royal Ablok D:82 | C18: devlet | E18: -150 | G18: -242.76 | H18: =H17+F18+G18 -> -44512.61
A19: 45334 | B19: Elektrik 9522138254 Sanayi | E19: =E42*-1 -> -67.09 | G19: =E19 -> -67.09 | H19: =H18+F19+G19 -> -44579.7
A20: 45341 | B20: Doğalgaz 800004222954 Kümbet D10 | C20: devlet 138,75 | E20: -300 | G20: -1734 | H20: =H19+F20+G20 -> -46313.7
A21: 45341 | B21: Tuzgümrüğü kira | D21: 2800 | F21: 2800 | H21: =H20+F21+G21 -> -43513.7
A22: 45349 | B22: yasemin | E22: -5000 | G22: -5200 | H22: =H21+F22+G22 -> -48713.7
A23: 45349 | B23: umut | E23: -5000 | G23: -5200 | H23: =H22+F23+G23 -> -53913.7
A24: 45349 | B24: Genel Masraf | E24: -5000 | G24: -5000 | H24: =H23+F24+G24 -> -58913.7
A25: 45349 | B25: maaş | D25: 10000 | F25: 10427.6 | H25: =H24+F25+G25 -> -48486.1
A26: 45358 | B26: Doğuş Kira 7/12-2024-25 | D26: 6500 | H26: =H25+F26+G26 -> -48486.1
H27: =H26+F27+G27 -> -48486.1
A28: 45351 | B28: Elektrik 5847500300 Kümbet D09 | E28: -400 | G28: -300 | H28: =H27+F28+G28 -> -48786.1
A29: 45351 | B29: Elektrik 8222520300 Kümbet D10 | E29: -500 | G29: -505 | H29: =H28+F29+G29 -> -49291.1
B30: snyE senet 5/5 7- 7 = 0 kalan | C30: 7000 | H30: =H29+F30+G30 -> -49291.1
B33: --------------------------------------------------------------------------------------------------------------------------------------------------
A34: KALAN BAKİYELER
A36: 44929 | B36: 9522138254 Sanayi Elektrik | D36: =SUM(D37:D42) -> 3749.53 | E36: =SUM(E37:E42) -> 3837.49
B37: Salih Ant Elektrik | D37: 999.4 | E37: 999.4
B38: Hurdacı Elektrik | D38: 876.64 | E38: 875
B39: Cihan Elektrik | D39: 431.36 | E39: 431
A40: 45334 | B40: Merdal fazla havale | C40: =E40-D40 -> 90.68 | D40: 891.32 | E40: 982
B41: Metin | D41: 483.72 | E41: 483
B42: Hacı Elektrik | D42: 67.09 | E42: 67.09
B47: İşbank 4876 KK | E47: =SUM(E48:E61) -> -3900.57
A50: 45043 | B50: Pazarama – i7-13700 + KC3000-512gb | C50: 10764.57 | D50: 9 – 9 | E50: -1196.09
A51: 45187 | B51: Pazarama – | C51: 7648.33 | D51: 5 – 9 | E51: -849.81
A52: 45187 | B52: Amazon - | C52: 11128 | D52: 5 – 6 | E52: -1854.67
D53: HESAP KESİM
B64: Denizbank 5165 kk | E64: =SUM(E65:E102) -> -24792.94
A66: 45187 | B66: amazon işlemci i9 13900k | D66: 5 – 6 | E66: -3974.44
A67: 45214 | B67: amazon coreliquid 240r 3201TL-Arctic Fan 399TL | D67: 4 – 6 | E67: -600
A68: 45285 | B68: hepsiburada yasemin laptop - 21,309,98 | D68: 1 – 6 | E68: -3551.66
A69: 45259 | B69: snyH Emlak vergileri | C69: -1204.5 | D69: 2 – 3 | E69: -401.5
A70: 45259 | B70: Emlak vergisi ayşe balcı | C70: -148.6 | D70: 2 – 3 | E70: -49.53
A71: 45259 | B71: emlak vergisi atila ev POBA | C71: -244.8 | D71: 2 – 3 | E71: -81.6
A72: 45259 | B72: emlka vergisi hmb | C72: -532.6 | D72: 2 – 3 | E72: -177.53
B73: audi mtv 2024-1 | C73: 899 | D73: 1 - 2 | E73: -449.5
B74: audi mtv 2023-2 ek | D74: 1 - 2 | E74: -299.64
B75: trafik cezası pervine yazıldı | D75: 1 - 2 | E75: -546.83
A77: 45312 | B77: sivas yemek | E77: -505
A78: 45312 | B78: sivas market | E78: -223.2
A79: 45310 | B79: sivas yemek | E79: -655
A80: 45293 | B80: ist yemek | E80: -480
A81: 45293 | B81: ist audi benzin | E81: -1200
A82: 45293 | B82: ist audi benzin | E82: -500
B83: ödeme | C83: 12474.55
A84: 45293 | B84: ist cam fitili | E84: -150
A85: 45291 | B85: ist silikon | E85: -60
A86: 45290 | B86: ist otopark | E86: -73
A87: 45290 | B87: ist otopark | E87: -100
A88: 45289 | B88: ist yemek | E88: -944
A89: 45288 | B89: sakarya market | E89: -140
A90: 45288 | B90: sakarya audi benzin | E90: -1570.18
A91: 45288 | B91: erenler | E91: -169.27
A92: 45288 | B92: ist sucuk | E92: -800
A93: 45287 | B93: erenler | E93: -438.05
A94: 45653 | B94: pide et | D94: 185 | E94: -185
A95: 45653 | B95: pide sebze | D95: 25.85 | E95: -25.85
A96: 45286 | B96: ordu market | E96: -160
A97: 45286 | B97: ordu yemek nalan | E97: -300
A98: 45651 | B98: pide çökelik erenler | D98: 112.64 | E98: -112.64
B99: superonline | E99: -193
B100: karadağ air montenegro uçak bileti | E100: -5517.52
B101: hgs | E101: -105
B102: hgs | E102: -54
C103: selanik pide kart toplam | D103: =SUM(D94:D102) -> 323.49
D104: HESAP KESİM
A111: ŞUBAT | B111: Devir | C111: 2024 | E111: =SUM(E112:E130) -> 809249.83
A112: 45352 | B112: yasemin | E112: 64000
A113: =A112 -> 45352 | B113: umut 15+15=30000 yasemin okul iadesi | E113: 180345.5 | F113: 30000
A114: =A113 -> 45352 | B114: İş 789 | E114: 5039.78 | F114: =E114 -> 5039.78
A115: =A114 -> 45352 | B115: iş sny | E115: 0
A116: =A115 -> 45352 | B116: iş sny umut-ortak 156 | E116: 0
A117: =A116 -> 45352 | B117: iş ytrm | E117: 0
A118: =A117 -> 45352 | B118: iş 801 | C118: 57 * 576,588071 | E118: 32865.52 | F118: =E118 -> 32865.52
A119: =A118 -> 45352 | B119: iş TTE | C119: 125000*1,034036 | E119: 129254.5
A120: =A119 -> 45352 | B120: ALVES | C120: 12*19,45 | E120: 256.56 | F120: =E120 -> 256.56
A121: =A120 -> 45352 | B121: LMKDC | C121: 36*28,66 | E121: 1031.76 | F121: =E121 -> 1031.76
A122: =A121 -> 45352 | B122: OBAMS | C122: 15*39,24 | E122: 588.6
A123: =A122 -> 45352 | B123: MOGAN
A124: =A123 -> 45352 | B124: denizbank | E124: 450 | F124: =E124 -> 450
A125: =A124 -> 45352 | B125: xau iş alış 2087,56 | C125: 2017.98 | D125: 161 | E125: =D125*C125 -> 324894.78
A126: =A125 -> 45352 | B126: usd iş satış-alış 31,6936 | C126: 30.7262 | D126: 850 | E126: =D126*C126 -> 26117.27
A127: =A126 -> 45352 | B127: usd nakit | C127: 30.726 | D127: 250 | E127: =D127*C127 -> 7681.5
A128: =A127 -> 45352 | B128: eur iş alış 34,2704 | C128: 33.2243 | D128: 81.99 | E128: =D128*C128 -> 2724.0604
...

Sheet 01_24
F1: GİRİŞ | G1: ÇIKIŞ | H1: BAKİYE
A2: - OCAK 2024 | C2: TOPLAM | D2: =SUM(D4:D42) -> 340464.6 | E2: =SUM(E4:E42) -> -52469.76 | F2: =SUM(F4:F42) -> 194911.58 | G2: =SUM(G4:G42) -> -66377.21 | H2: =F2+G2 -> 128534.37
A4: 45231 | B4: 2240 Turkcell fatura | E4: -152 | G4: -152 | H4: =H3+F4+G4 -> -152
B5: Nazan Kira ödemesi | E5: -10000 | G5: -10000 | H5: =H4+F5+G5 -> -10152
B6: TUSDATA 9/30 | E6: -250 | G6: -250 | H6: =H5+F6+G6 -> -10402
H7: =H6+F7+G7 -> -10402
B8: Doğalgaz Marmara Royal Ablok D:82 | C8: devlet | E8: -150 | G8: 0 | H8: =H7+F8+G8 -> -10402
A9: 45309 | B9: Doğalgaz 800004222954 Kümbet D10 | C9: devlet | D9: 137.3 | E9: -300 | G9: -1408 | H9: =H8+F9+G9 -> -11810
A10: 45299 | B10: Doğalgaz 800004222959 Kümbet D09 | C10: devlet | D10: 27.3 | E10: -100 | G10: 0 | H10: =H9+F10+G10 -> -11810
H11: =H10+F11+G11 -> -11810
B12: Elektrik 9522138254 Sanayi | E12: =E55*-1 -> -169.14 | G12: =E12 -> -169.14 | H12: =H11+F12+G12 -> -11979.14
B13: KK 4876 İşbank | E13: =E60 -> -3961.94 | G13: =E13 -> -3961.94 | H13: =H12+F13+G13 -> -15941.08
A14: 45294 | B14: KK 5165 Denizbank | E14: =E77 -> -12474.55 | G14: -12474 | H14: =H13+F14+G14 -> -28415.08
A15: 45295 | B15: Kira Adem Özen 8/12 Mrmr Ryl A Blok 82 | E15: -5375 | G15: =E15 -> -5375 | H15: =H14+F15+G15 -> -33790.08
B16: Kira Adem Özen 8/12 Mrmr Ryl A Blok 82 | E16: -2125 | G16: =E16 -> -2125 | H16: =H15+F16+G16 -> -35915.08
B17: Aidat Marmara Royal Site 8/12 | E17: -1512.13 | G17: -1512.13 | H17: =H16+F17+G17 -> -37427.21
H18: =H17+F18+G18 -> -37427.21
B19: yasemin | E19: -5000 | G19: -4800 | H19: =H18+F19+G19 -> -42227.21
B20: umut | E20: -5000 | G20: -4800 | H20: =H19+F20+G20 -> -47027.21
B21: Genel Masraf | E21: -5000 | G21: -5000 | H21: =H20+F21+G21 -> -52027.21
B22: Elektrik 5847500300 Kümbet D09 | E22: -400 | G22: -230 | H22: =H21+F22+G22 -> -52257.21
B23: Elektrik 8222520300 Kümbet D10 | E23: -500 | G23: -420 | H23: =H22+F23+G23 -> -52677.21
H24: =H23+F24+G24 -> -52677.21
A25: 45300 | B25: atila balcı zeytinyağı için havale mehmet yabir | G25: -5000 | H25: =H24+F25+G25 -> -57677.21
H26: =H25+F26+G26 -> -57677.21
B27: maaş | D27: 10000 | F27: 9611.58 | H27: =H26+F27+G27 -> -48065.63
B28: Tuzgümrüğü kira | D28: 2800 | F28: 2800 | H28: =H27+F28+G28 -> -45265.63
A29: 45293 | B29: Doğuş Kira 5/12-2024-25– 30-12-23 | F29: 6500 | H29: =H28+F29+G29 -> -38765.63
A30: 45328 | B30: Doğuş Kira 6/12-2024-25 | D30: 6500 | H30: =H29+F30+G30 -> -38765.63
A31: 45294 | B31: Kira snyE senet 4/5 13- 6 = 7000 kalan | F31: 6000 | H31: =H30+F31+G31 -> -32765.63
B32: snyE senet 5/5 7- 7 = 0 kalan | D32: 7000 | H32: =H31+F32+G32 -> -32765.63
B33: snyB Tahmin Edilen 120000 | D33: 170000 | H33: =H32+F33+G33 -> -32765.63
A34: 45295 | B34: snyB Nakit | F34: 120000 | H34: =H33+F34+G34 -> 87234.37
A35: 45296 | B35: snyB Nakit | F35: 26000 | H35: =H34+F35+G35 -> 113234.37
A36: 45299 | B36: snyB bankadan umuta | F36: 24000 | H36: =H35+F36+G36 -> 137234.37
B37: umuta kiradan harçlık | G37: -4000 | H37: =H36+F37+G37 -> 133234.37
A38: 45321 | B38: umuta kiradan harçlık | G38: -1000 | H38: =H37+F38+G38 -> 132234.37
B39: pimapen Orhan conta değişim | G39: -3700 | H39: =H38+F39+G39 -> 128534.37
H40: =H39+F40+G40 -> 128534.37
A41: 45315 | B41: Superonline modem yurtiçi kargo ile gitti | H41: =H40+F41+G41 -> 128534.37
B42: snyF | C42: 0.234011 | D42: 144000 | H42: =H41+F42+G42 -> 128534.37
H43: =H42+F43+G43 -> 128534.37
H44: =H43+F44+G44 -> 128534.37
H45: =H44+F45+G45 -> 128534.37
B46: --------------------------------------------------------------------------------------------------------------------------------------------------
A47: KALAN BAKİYELER
A49: 44929 | B49: 9522138254 Sanayi Elektrik | D49: =SUM(D50:D55) -> 4772.15 | E49: =SUM(E50:E55) -> 4742.64
B50: Salih Ant Elektrik | C50: kaza yaptı | D50: 1329.72 | E50: 1330
B51: Hurdacı Elektrik 32,42 eksik | D51: 1282.42 | E51: 1250
B52: Cihan Elektrik | D52: 298.67 | E52: 298.5
B53: Merdal 382789 havale | D53: 1204.38 | E53: 1205
B54: Metin | D54: 487.82 | E54: 490
B55: Hacı Elektrik | D55: 169.14 | E55: 169.14
B60: İşbank 4876 KK | E60: =SUM(E61:E74) -> -3961.94
A63: 45043 | B63: Pazarama – i7-13700 + KC3000-512gb | C63: 10764.57 | D63: 8 – 9 | E63: -1196.06
A64: 45187 | B64: Pazarama – | C64: 7648.33 | D64: 4 – 9 | E64: -849.81
A65: 45187 | B65: Amazon - | C65: 11128 | D65: 4 – 6 | E65: -1854.67
A66: 44995 | B66: al nlbry bosch gal12-40 şarj | C66: 613.91 | D66: 10 – 10 | E66: -61.4
D67: HESAP KESİM
B77: Denizbank 5165 kk | E77: =SUM(E78:E112) -> -12474.55
A79: 45187 | B79: amazon işlemci i9 13900k | D79: 4 – 6 | E79: -3974.44
A80: 45214 | B80: amazon coreliquid 240r 3201TL-Arctic Fan 399TL | D80: 3 – 6 | E80: -600
A82: 45259 | B82: snyH Emlak vergileri | C82: -1204.5 | D82: 1 – 3 | E82: -401.5
A83: 45259 | B83: Emlak vergisi ayşe balcı | C83: -148.6 | D83: 1 – 3 | E83: -49.53
A84: 45259 | B84: emlak vergisi atila ev POBA | C84: -244.8 | D84: 1 – 3 | E84: -81.6
A85: 45259 | B85: emlka vergisi hmb | C85: -532.6 | D85: 1 – 3 | E85: -177.53
A86: 45285 | B86: hepsiburada yasemin laptop - 21,309,98
B87: bonus | C87: 109.92
A88: 45283 | B88: sivas yemek | E88: -90
A89: 45283 | B89: pide | C89: =E89 -> -105.12 | E89: -105.12
A90: 45282 | B90: pide | C90: =E90 -> -58.63 | E90: -58.63
A91: 45281 | B91: sivas yemek | E91: -110
A92: 45281 | B92: pide | C92: =E92 -> -70 | E92: -70
A93: 45281 | B93: pide | C93: =E93 -> -76.66 | E93: -76.66
A94: 45279 | B94: emrar arar tokat ? | E94: -260
A95: 45278 | B95: pide | C95: =E95 -> -370 | E95: -370
A96: 45276 | B96: izzet çağlar tokat ? | E96: -300
A97: 45276 | B97: pide | C97: =E97 -> -250 | E97: -250
A98: 45275 | B98: et ev | E98: -470
A99: 45275 | B99: kasap zeki tokat ? | E99: -285
A100: 45274 | B100: pide | C100: =E100 -> -150 | E100: -150
A101: 45272 | B101: snycd noter ihtar süre bitimi | E101: -1108.15
A102: 45271 | B102: pide | C102: =E102 -> -150 | E102: -150
A103: 45270 | B103: audi benzin | E103: -1551.29
A104: 45270 | B104: erenler ev | E104: -315.1
A105: 45267 | B105: sivas yemek | E105: -300
A106: 45266 | B106: pide | C106: =E106 -> -200 | E106: -200
A107: 45265 | B107: pide | C107: =E107 -> -200 | E107: -200
A108: 45264 | B108: ödeme | D108: 11990.16
A109: 45260 | B109: pide | C109: =E109 -> -200 | E109: -200
A110: 45257 | B110: pide | C110: =E110 -> -250 | E110: -250
A111: 45255 | B111: pide | C111: =E111 -> -160 | E111: -160
A112: 45254 | B112: pide | C112: =E112 -> -160 | E112: -160
D113: HESAP KESİM
B114: selanik pide | C114: =SUM(C89:C113) -> -2400.41
A118: OCAK | B118: Devir | C118: 2023 | E118: =SUM(E119:E135) -> 813151.51
A119: 45322 | B119: yasemin | E119: 64000
A120: =A119 -> 45322 | B120: umut 250 usd * 30,97 = 7742,5 | E120: 210345.5
A121: =A120 -> 45322 | B121: İş 789 | E121: 7564.7
A122: =A121 -> 45322 | B122: iş sny | E122: 122.31
...

Sheet GNLK-_2023
C1: TAHMİNİ | F1: GERÇEKLEŞEN | K1: 0.235384 | L1: =1-K1 -> 0.764616 | N1: NY
A2: -2022 | B2: GİRİŞ | C2: ÇIKIŞ | D2: BAKİYE | E2: GİRİŞ | F2: ÇIKIŞ | G2: BAKİYE | J2: kR | K2: nzn | L2: hc | M2: Hc 1/1 | N2: =F26/1000 -> 356.02227
A3: Ocak | B3: ='01_23'!D2 -> 13261 | C3: ='01_23'!E2 -> -22808.31 | D3: =B3+C3 -> -9547.31 | E3: ='01_23'!F2 -> 8049.2 | F3: ='01_23'!G2 -> -23047.62 | G3: =E3+F3 -> -14998.42 | I3: dgs | J3: 78 | M3: =J3 -> 78 | N3: ='01_23'!E111/1000 -> 356.02227
A4: Şubat | B4: ='02_23'!D2 -> 15761 | C4: ='02_23'!E2 -> -56286.92 | D4: =B4+C4+D3 -> -50073.23 | E4: ='02_23'!F2 -> 26990.01 | F4: ='02_23'!G2 -> -77441.49 | G4: =E4+F4+G3 -> -65449.9 | I4: sF | J4: 83.16 | K4: =J4*$K$1 -> 19.574533 | L4: =J4-K4 -> 63.585467 | N4: ='02_23'!E111/1000 -> 335.748
A5: Mart | B5: ='03_23'!D2 -> 88189 | C5: ='03_23'!E2 -> -24634.69 | D5: =B5+C5+D4 -> 13481.08 | E5: ='03_23'!F2 -> 23139.34 | F5: ='03_23'!G2 -> -33283.54 | G5: =E5+F5+G4 -> -75594.1 | I5: tzg | J5: 33 | M5: 33 | N5: ='03_23'!E111/1000 -> 310.9323
A6: Nisan | B6: ='04_23'!D2 -> 20911 | C6: ='04_23'!E2 -> -54277.093 | D6: =B6+C6+D5 -> -19885.013 | E6: ='04_23'!F2 -> 72630 | F6: ='04_23'!G2 -> -58332.79 | G6: =E6+F6+G5 -> -61296.89 | I6: maaş ocak-haziran | M6: =E18/1000 -> 39.20855 | N6: ='04_23'!E111/1000 -> 367.48341
A7: Mayıs | B7: ='05_23'!D2 -> 17911 | C7: ='05_23'!E2 -> -20977.52 | D7: =B7+C7+D6 -> -22951.533 | E7: ='05_23'!F2 -> 19800 | F7: ='05_23'!G2 -> -25248.52 | G7: =E7+F7+G6 -> -66745.41 | I7: maaş temmuz-aralık | M7: =(E19+E20)/1000 -> 51.93253 | N7: ='05_23'!E111/1000 -> 358.02834
A8: Hazrn | B8: ='06_23'!D2 -> 28744 | C8: ='06_23'!E2 -> -26572.63 | D8: =B8+C8+D7 -> -20780.163 | E8: ='06_23'!F2 -> 33133 | F8: ='06_23'!G2 -> -28830.22 | G8: =E8+F8+G7 -> -62442.63 | I8: lise | J8: 150 | M8: =J8/4 -> 37.5 | N8: ='06_23'!E111/1000 -> 377.42543
A9: Temmz | B9: ='07_23'!D2 -> 67911 | C9: ='07_23'!E2 -> -35277.64 | D9: =B9+C9+D8 -> 11853.197 | E9: ='07_23'!F2 -> 70250 | F9: ='07_23'!G2 -> -42110.31 | G9: =E9+F9+G8 -> -34302.94 | I9: sE | J9: 96 | K9: =J9*$K$1 -> 22.596864 | L9: =J9-K9 -> 73.403136 | N9: ='07_23'!E111/1000 -> 433.28659
A10: Ağusts | B10: ='08_23'!D2 -> 87911 | C10: ='08_23'!E2 -> -32079.01 | D10: =B10+C10+D9 -> 67685.187 | E10: ='08_23'!F2 -> 16800 | F10: ='08_23'!G2 -> -37135.35 | G10: =E10+F10+G9 -> -54638.29 | I10: ap | J10: 100 | M10: 10 | N10: ='08_23'!E111/1000 -> 399.80057
A11: Eylül | B11: ='09_23'!D2 -> 133300 | C11: ='09_23'!E2 -> -31871.02 | D11: =B11+C11+D10 -> 169114.17 | E11: ='09_23'!F2 -> 257800 | F11: ='09_23'!G2 -> -34914.91 | G11: =E11+F11+G10 -> 168246.8 | I11: sG | J11: 96 | K11: =J11*$K$1 -> 22.596864 | L11: =J11-K11 -> 73.403136 | N11: ='09_23'!E111/1000 -> 604.3701
A12: Ekim | B12: ='10_23'!D2 -> 32800 | C12: ='10_23'!E2 -> -44478.17 | D12: =B12+C12+D11 -> 157436 | E12: ='10_23'!F2 -> 23200 | F12: ='10_23'!G2 -> -43968.17 | G12: =E12+F12+G11 -> 147478.63 | I12: sA | J12: 84 | K12: =J12*$K$1 -> 19.772256 | L12: =J12-K12 -> 64.227744 | N12: ='10_23'!E111/1000 -> 610.64973
A13: Kasım | B13: ='11_23'!D2 -> 262800 | C13: ='11_23'!E2 -> -98843.11 | D13: =B13+C13+D12 -> 321392.89 | E13: ='11_23'!F2 -> 177687.06 | F13: ='11_23'!G2 -> -242504.11 | G13: =E13+F13+G12 -> 82661.58 | I13: sCD | J13: 135 | K13: =J13*$K$1 -> 31.77684 | L13: =J13-K13 -> 103.22316 | N13: ='11_23'!E111/1000 -> 709.39308
A14: Aralık | B14: ='12_23'!D2 -> 22800 | C14: ='12_23'!E2 -> -38101.83 | D14: =B14+C14+D13 -> 306091.06 | E14: ='12_23'!F2 -> 16232.53 | F14: ='12_23'!G2 -> -41854.23 | G14: =E14+F14+G13 -> 57039.88 | I14: sB | K14: =J14*$K$1 -> 0 | L14: =J14-K14 -> 0 | N14: ='12_23'!E113/1000 -> 218.088
A15: TPLM | B15: =SUM(B3:B14) -> 792299 | C15: =SUM(C3:C14) -> -486207.94 | D15: =B15+C15 -> 306091.06 | E15: =SUM(E3:E14) -> 745711.14 | F15: =SUM(F3:F14) -> -688671.26 | G15: =E15+F15 -> 57039.88 | J15: =SUM(J3:J14) -> 855.16 | K15: =SUM(K4:K14) -> 116.31736 | L15: =SUM(L4:L14) -> 377.84264 | M15: =SUM(M3:M10) -> 249.64108
A16: 12 | B16: =B15/A16 -> 66024.917 | C16: =C15/A16 -> -40517.329 | E16: =E15/A16 -> 62142.595 | F16: =F15/A16 -> -57389.272 | G16: =G15/A16 -> 4753.3233 | J16: =J15/12 -> 71.263333 | K16: =K15/12 -> 9.6931131 | L16: =L15/12 -> 31.486887 | M16: =M15/12 -> 20.803423 | N16: =AVERAGE(N2:N15) -> 418.25001
L17: HACI | M17: =L15+M15 -> 627.48372
D18: ocak-haziran maaş toplamı | E18: ='01_23'!F20+'02_23'!F21+'03_23'!F20+'04_23'!F20+'05_23'!F19+'06_23'!F21 -> 39208.55 | F18: 5589 | G18: 25 | L18: / 12 | M18: =M17/12 -> 52.29031
D19: temmuz-aralık maaş toplamı | E19: ='07_23'!F26+'08_23'!F22+'09_23'!F21+'10_23'!F23+'11_23'!F21+'12_23'!F28 -> 44932.53 | F19: =F18*G18/100 -> 1397.25 | G19: temmuz artış %
