Workbook

Sheet Sheet4
B2: Sinan ÇELİK
C4: HESAP ÖZETİ
F5: tutar | G5: bakiye
C6: 01-01-2026 / 31-12-2026
C7: 2026 kira bedeli | F7: 420000 | G7: =F7 -> 420000
C8: ilk 2 ay | F8: -60000 | G8: =G7+F8 -> 360000
C9: indirim | F9: -60000 | G9: =G8+F9 -> 300000
B10: 46045 | C10: ilk ödeme | D10: 2026 3-4-5 | F10: -90000 | G10: =G9+F10 -> 210000
A11: 1 | B11: 46111 | C11: Senet 30000 TL | D11: 2026-6
A12: 2 | B12: 46142 | C12: Senet 30000 TL | D12: 2026-7
A13: 3 | B13: 46172 | C13: Senet 30000 TL | D13: 2026-8
A14: 4 | B14: 46203 | C14: Senet 30000 TL | D14: 2026-9
A15: 5 | B15: 46233 | C15: Senet 30000 TL | D15: 2026-10
A16: 6 | B16: 46264 | C16: Senet 30000 TL | D16: 2026-11
A17: 7 | B17: 46295 | C17: Senet 30000 TL | D17: 2026-12
C18: 2027 kira bedeli | F18: 420000+tüfe artışı
A19: 8 | B19: 46325 | D19: 2027-1
A20: 9 | B20: 46356 | D20: 2027-2
A21: 10 | B21: 46386 | D21: 2027-3
A22: 11 | B22: 46417 | D22: 2027-4
A23: 12 | B23: 46446 | D23: 2027-5
A24: 13 | B24: 46476 | D24: 2027-6
A25: 14 | B25: 46507 | D25: 2027-7
A26: 15 | B26: 46537 | D26: 2027-8
A27: 16 | B27: 46568 | D27: 2027-9
A28: 17 | B28: 46598 | D28: 2027-10
A29: 18 | B29: 46629 | D29: 2027-11
A30: 19 | B30: 46660 | D30: 2027-12

Sheet Senet Borçlu Alacaklı Giriş
B1: Alacaklı Adı Soyadı / Unvanı | C1: HACI MURAT BALCI
B2: İl | C2: TOKAT
A4: BORÇLU | B4: Kişilik | C4: Tüzel Kişi
B5: Adı Soyadı / Unvanı | C5: Bursa Fabrika Satış Mağazası – Adem Duman
B6: Adresi | C6: Hızarhane Cad. No:5 TOKAT
B7: Vergi Dairesi | C7: Tokat
B8: Vergi No/TC Kimlik No | C8: 341 3267 6260
A9: KEFİL | B9: Adı Soyadı / Unvanı | C9: Adem Duman
B10: Adresi | C10: Esentepe Mah. Şehit Ulaşar Cad. Belde Sitesi B Blk. K1: D:3 TOKAT
B11: Vergi Dairesi | C11: Tokat
B12: Vergi No/TC Kimlik No | C12: 341 3267 6260

Sheet Senet Taksit Giriş
B2: Senet No | C2: Düzenleme Tarihi | D2: Vade Tarihi | E2: Tutarı Rakamla | F2: Tutarı Yazıyla | G2: Borcun Nedeni | H2: Senet Mühteviyatı
A3: 3 | B3: 1 | C3: 44252 | D3: 44285 | E3: 2000 | F3: =PROPER(IF(IF(LEN(SUBSTITUTE(ROUND(E3,2), ",", ""))=LEN(ROUND(E3,2)),ROUND(E3,2),TRIM(LEFT(ROUND(E3,2),FIND(",",ROUND(E3,2))-1)))*1>=10^6,CHOOSE(LEFT(RIGHT(IF(LEN(SUBSTITUTE(ROUND(E3,2), ",", ""))=LEN(ROUND(E3,2)),ROUND(E3,2),TRIM(LEFT(ROUND(E3,2),FIND(",",ROUND(E3,2))-1)))*1,7),1)+1,"","birmilyon","ikimilyon","üçmilyon","dörtmilyon","beşmilyon","altımilyon","yedimilyon","sekizmilyon","dokuzmilyon"),"")&IF(IF(LEN(SUBSTITUTE(ROUND(E3,2), ",", ""))=LEN(ROUND(E3,2)),ROUND(E3,2),TRIM(LEFT(ROUND(E3,2),FIND(",",ROUND(E3,2))-1)))*1>=10^5,CHOOSE(LEFT(RIGHT(IF(LEN(SUBSTITUTE(ROUND(E3,2), ",", ""))=LEN(ROUND(E3,2)),ROUND(E3,2),TRIM(LEFT(ROUND(E3,2),FIND(",",ROUND(E3,2))-1)))*1,6),1)+1,"","yüz","ikiyüz","üçyüz","dörtyüz","beşyüz","altıyüz","yediyüz","sekizyüz","dokuzyüz"),"")&IF(IF(LEN(SUBSTITUTE(ROUND(E3,2), ",", ""))=LEN(ROUND(E3,2)),ROUND(E3,2),TRIM(LEFT(ROUND(E3,2),FIND(",",ROUND(E3,2))-1)))*1>=10^4,CHOOSE(LEFT(RIGHT(IF(LEN(SUBSTITUTE(ROUND(E3,2), ",", ""))=LEN(ROUND(E3,2)),ROUND(E3,2),TRIM(LEFT(ROUND(E3,2),FIND(",",ROUND(E3,2))-1)))*1,5),1)+1,"","on","yirmi","otuz","kırk","elli","altmış","yetmiş","seksen","doksan"),"")&IF(IF(LEN(SUBSTITUTE(ROUND(E3,2), ",", ""))=LEN(ROUND(E3,2)),ROUND(E3,2),TRIM(LEFT(ROUND(E3,2),FIND(",",ROUND(E3,2))-1)))*1>=10^3,CHOOSE(LEFT(RIGHT(IF(LEN(SUBSTITUTE(ROUND(E3,2), ",", ""))=LEN(ROUND(E3,2)),ROUND(E3,2),TRIM(LEFT(ROUND(E3,2),FIND(",",ROUND(E3,2))-1)))*1,4),1)+1,"","","iki","üç","dört","beş","altı","yedi","sekiz","dokuz"),"")&IF(AND(IF(LEN(SUBSTITUTE(ROUND(E3,2), ",", ""))=LEN(ROUND(E3,2)),ROUND(E3,2),TRIM(LEFT(ROUND(E3,2),FIND(",",ROUND(E3,2))-1)))*1>=10^3,VALUE(LEFT(RIGHT(IF(LEN(SUBSTITUTE(ROUND(E3,2), ",", ""))=LEN(ROUND(E3,2)),ROUND(E3,2),TRIM(LEFT(ROUND(E3,2),FIND(",",ROUND(E3,2))-1)))*1,6),3))>0),IF(AND(IF(LEN(SUBSTITUTE(ROUND(E3,2), ",", ""))=LEN(ROUND(E3,2)),ROUND(E3,2),TRIM(LEFT(ROUND(E3,2),FIND(",",ROUND(E3,2))-1)))*1>1999,LEFT(RIGHT(IF(LEN(SUBSTITUTE(ROUND(E3,2), ",", ""))=LEN(ROUND(E3,2)),ROUND(E3,2),TRIM(LEFT(ROUND(E3,2),FIND(",",ROUND(E3,2))-1)))*1,4),1)="1",LEFT(RIGHT(IF(LEN(SUBSTITUTE(ROUND(E3,2), ",", ""))=LEN(ROUND(E3,2)),ROUND(E3,2),TRIM(LEFT(ROUND(E3,2),FIND(",",ROUND(E3,2))-1)))*1,6),2)<>"00"),"birbin","bin"),"")&IF(IF(LEN(SUBSTITUTE(ROUND(E3,2), ",", ""))=LEN(ROUND(E3,2)),ROUND(E3,2),TRIM(LEFT(ROUND(E3,2),FIND(",",ROUND(E3,2))-1)))*1>=100,CHOOSE(LEFT(RIGHT(IF(LEN(SUBSTITUTE(ROUND(E3,2), ",", ""))=LEN(ROUND(E3,2)),ROUND(E3,2),TRIM(LEFT(ROUND(E3,2),FIND(",",ROUND(E3,2))-1)))*1,3),1)+1,"","yüz","ikiyüz","üçyüz","dörtyüz","beşyüz","altıyüz","yediyüz","sekizyüz","dokuzyüz"),"")&IF(IF(LEN(SUBSTITUTE(ROUND(E3,2), ",", ""))=LEN(ROUND(E3,2)),ROUND(E3,2),TRIM(LEFT(ROUND(E3,2),FIND(",",ROUND(E3,2))-1)))*1>=10,CHOOSE(LEFT(RIGHT(IF(LEN(SUBSTITUTE(ROUND(E3,2), ",", ""))=LEN(ROUND(E3,2)),ROUND(E3,2),TRIM(LEFT(ROUND(E3,2),FIND(",",ROUND(E3,2))-1)))*1,2),1)+1,"","on","yirmi","otuz","kırk","elli","altmış","yetmiş","seksen","doksan"),"")&CHOOSE(MOD(IF(LEN(SUBSTITUTE(ROUND(E3,2), ",", ""))=LEN(ROUND(E3,2)),ROUND(E3,2),TRIM(LEFT(ROUND(E3,2),FIND(",",ROUND(E3,2))-1)))*1,10)+1,"","bir","iki","üç","dört","beş","altı","yedi","sekiz","dokuz")) & " TL " & IF(OR(LEN(SUBSTITUTE(E3, ",", ""))=LEN(E3),LEN(SUBSTITUTE(ROUND(E3,2), ",", ""))=LEN(ROUND(E3,2))),"", PROPER(IF(IF(LEN(TRIM(RIGHT(ROUND(E3,2),LEN(ROUND(E3,2))-FIND(",",ROUND(E3,2)))))<2,TRIM(RIGHT(ROUND(E3,2),LEN(ROUND(E3,2))-FIND(",",ROUND(E3,2))))*10,TRIM(RIGHT(ROUND(E3,2),LEN(ROUND(E3,2))-FIND(",",ROUND(E3,2))))*1)>=10^5,CHOOSE(LEFT(RIGHT(IF(LEN(TRIM(RIGHT(ROUND(E3,2),LEN(ROUND(E3,2))-FIND(",",ROUND(E3,2)))))<2,TRIM(RIGHT(ROUND(E3,2),LEN(ROUND(E3,2))-FIND(",",ROUND(E3,2))))*10,TRIM(RIGHT(ROUND(E3,2),LEN(ROUND(E3,2))-FIND(",",ROUND(E3,2))))*1),6),1)+1,"","yüz","ikiyüz","üçyüz","dörtyüz","beşyüz","altıyüz","yediyüz","sekizyüz","dokuzyüz"),"")&IF(IF(LEN(TRIM(RIGHT(ROUND(E3,2),LEN(ROUND(E3,2))-FIND(",",ROUND(E3,2)))))<2,TRIM(RIGHT(ROUND(E3,2),LEN(ROUND(E3,2))-FIND(",",ROUND(E3,2))))*10,TRIM(RIGHT(ROUND(E3,2),LEN(ROUND(E3,2))-FIND(",",ROUND(E3,2))))*1)>=10^4,CHOOSE(LEFT(RIGHT(IF(LEN(TRIM(RIGHT(ROUND(E3,2),LEN(ROUND(E3,2))-FIND(",",ROUND(E3,2)))))<2,TRIM(RIGHT(ROUND(E3,2),LEN(ROUND(E3,2))-FIND(",",ROUND(E3,2))))*10,TRIM(RIGHT(ROUND(E3,2),LEN(ROUND(E3,2))-FIND(",",ROUND(E3,2))))*1),5),1)+1,"","on","yirmi","otuz","kırk","elli","altmış","yetmiş","seksen","doksan"),"")&IF(IF(LEN(TRIM(RIGHT(ROUND(E3,2),LEN(ROUND(E3,2))-FIND(",",ROUND(E3,2)))))<2,TRIM(RIGHT(ROUND(E3,2),LEN(ROUND(E3,2))-FIND(",",ROUND(E3,2))))*10,TRIM(RIGHT(ROUND(E3,2),LEN(ROUND(E3,2))-FIND(",",ROUND(E3,2))))*1)>=10^3,CHOOSE(LEFT(RIGHT(IF(LEN(TRIM(RIGHT(ROUND(E3,2),LEN(ROUND(E3,2))-FIND(",",ROUND(E3,2)))))<2,TRIM(RIGHT(ROUND(E3,2),LEN(ROUND(E3,2))-FIND(",",ROUND(E3,2))))*10,TRIM(RIGHT(ROUND(E3,2),LEN(ROUND(E3,2))-FIND(",",ROUND(E3,2))))*1),4),1)+1,"","","iki","üç","dört","beş","altı","yedi","sekiz","dokuz"),"")&IF(IF(LEN(TRIM(RIGHT(ROUND(E3,2),LEN(ROUND(E3,2))-FIND(",",ROUND(E3,2)))))<2,TRIM(RIGHT(ROUND(E3,2),LEN(ROUND(E3,2))-FIND(",",ROUND(E3,2))))*10,TRIM(RIGHT(ROUND(E3,2),LEN(ROUND(E3,2))-FIND(",",ROUND(E3,2))))*1)>=10,CHOOSE(LEFT(RIGHT(IF(LEN(TRIM(RIGHT(ROUND(E3,2),LEN(ROUND(E3,2))-FIND(",",ROUND(E3,2)))))<2,TRIM(RIGHT(ROUND(E3,2),LEN(ROUND(E3,2))-FIND(",",ROUND(E3,2))))*10,TRIM(RIGHT(ROUND(E3,2),LEN(ROUND(E3,2))-FIND(",",ROUND(E3,2))))*1),2),1)+1,"","on","yirmi","otuz","kırk","elli","altmış","yetmiş","seksen","doksan"),"")&CHOOSE(MOD(IF(LEN(TRIM(RIGHT(ROUND(E3,2),LEN(ROUND(E3,2))-FIND(",",ROUND(E3,2)))))<2,TRIM(RIGHT(ROUND(E3,2),LEN(ROUND(E3,2))-FIND(",",ROUND(E3,2))))*10,TRIM(RIGHT(ROUND(E3,2),LEN(ROUND(E3,2))-FIND(",",ROUND(E3,2))))*1),10)+1,"","bir","iki","üç","dört","beş","altı","yedi","sekiz","dokuz")) & " Kr") -> İkibin TL | G3: NAKDEN | H3: 1. Taksit
B4: 2 | C4: 44252 | D4: 44316 | E4: 2000 | F4: =PROPER(IF(IF(LEN(SUBSTITUTE(ROUND(E4,2), ",", ""))=LEN(ROUND(E4,2)),ROUND(E4,2),TRIM(LEFT(ROUND(E4,2),FIND(",",ROUND(E4,2))-1)))*1>=10^6,CHOOSE(LEFT(RIGHT(IF(LEN(SUBSTITUTE(ROUND(E4,2), ",", ""))=LEN(ROUND(E4,2)),ROUND(E4,2),TRIM(LEFT(ROUND(E4,2),FIND(",",ROUND(E4,2))-1)))*1,7),1)+1,"","birmilyon","ikimilyon","üçmilyon","dörtmilyon","beşmilyon","altımilyon","yedimilyon","sekizmilyon","dokuzmilyon"),"")&IF(IF(LEN(SUBSTITUTE(ROUND(E4,2), ",", ""))=LEN(ROUND(E4,2)),ROUND(E4,2),TRIM(LEFT(ROUND(E4,2),FIND(",",ROUND(E4,2))-1)))*1>=10^5,CHOOSE(LEFT(RIGHT(IF(LEN(SUBSTITUTE(ROUND(E4,2), ",", ""))=LEN(ROUND(E4,2)),ROUND(E4,2),TRIM(LEFT(ROUND(E4,2),FIND(",",ROUND(E4,2))-1)))*1,6),1)+1,"","yüz","ikiyüz","üçyüz","dörtyüz","beşyüz","altıyüz","yediyüz","sekizyüz","dokuzyüz"),"")&IF(IF(LEN(SUBSTITUTE(ROUND(E4,2), ",", ""))=LEN(ROUND(E4,2)),ROUND(E4,2),TRIM(LEFT(ROUND(E4,2),FIND(",",ROUND(E4,2))-1)))*1>=10^4,CHOOSE(LEFT(RIGHT(IF(LEN(SUBSTITUTE(ROUND(E4,2), ",", ""))=LEN(ROUND(E4,2)),ROUND(E4,2),TRIM(LEFT(ROUND(E4,2),FIND(",",ROUND(E4,2))-1)))*1,5),1)+1,"","on","yirmi","otuz","kırk","elli","altmış","yetmiş","seksen","doksan"),"")&IF(IF(LEN(SUBSTITUTE(ROUND(E4,2), ",", ""))=LEN(ROUND(E4,2)),ROUND(E4,2),TRIM(LEFT(ROUND(E4,2),FIND(",",ROUND(E4,2))-1)))*1>=10^3,CHOOSE(LEFT(RIGHT(IF(LEN(SUBSTITUTE(ROUND(E4,2), ",", ""))=LEN(ROUND(E4,2)),ROUND(E4,2),TRIM(LEFT(ROUND(E4,2),FIND(",",ROUND(E4,2))-1)))*1,4),1)+1,"","","iki","üç","dört","beş","altı","yedi","sekiz","dokuz"),"")&IF(AND(IF(LEN(SUBSTITUTE(ROUND(E4,2), ",", ""))=LEN(ROUND(E4,2)),ROUND(E4,2),TRIM(LEFT(ROUND(E4,2),FIND(",",ROUND(E4,2))-1)))*1>=10^3,VALUE(LEFT(RIGHT(IF(LEN(SUBSTITUTE(ROUND(E4,2), ",", ""))=LEN(ROUND(E4,2)),ROUND(E4,2),TRIM(LEFT(ROUND(E4,2),FIND(",",ROUND(E4,2))-1)))*1,6),3))>0),IF(AND(IF(LEN(SUBSTITUTE(ROUND(E4,2), ",", ""))=LEN(ROUND(E4,2)),ROUND(E4,2),TRIM(LEFT(ROUND(E4,2),FIND(",",ROUND(E4,2))-1)))*1>1999,LEFT(RIGHT(IF(LEN(SUBSTITUTE(ROUND(E4,2), ",", ""))=LEN(ROUND(E4,2)),ROUND(E4,2),TRIM(LEFT(ROUND(E4,2),FIND(",",ROUND(E4,2))-1)))*1,4),1)="1",LEFT(RIGHT(IF(LEN(SUBSTITUTE(ROUND(E4,2), ",", ""))=LEN(ROUND(E4,2)),ROUND(E4,2),TRIM(LEFT(ROUND(E4,2),FIND(",",ROUND(E4,2))-1)))*1,6),2)<>"00"),"birbin","bin"),"")&IF(IF(LEN(SUBSTITUTE(ROUND(E4,2), ",", ""))=LEN(ROUND(E4,2)),ROUND(E4,2),TRIM(LEFT(ROUND(E4,2),FIND(",",ROUND(E4,2))-1)))*1>=100,CHOOSE(LEFT(RIGHT(IF(LEN(SUBSTITUTE(ROUND(E4,2), ",", ""))=LEN(ROUND(E4,2)),ROUND(E4,2),TRIM(LEFT(ROUND(E4,2),FIND(",",ROUND(E4,2))-1)))*1,3),1)+1,"","yüz","ikiyüz","üçyüz","dörtyüz","beşyüz","altıyüz","yediyüz","sekizyüz","dokuzyüz"),"")&IF(IF(LEN(SUBSTITUTE(ROUND(E4,2), ",", ""))=LEN(ROUND(E4,2)),ROUND(E4,2),TRIM(LEFT(ROUND(E4,2),FIND(",",ROUND(E4,2))-1)))*1>=10,CHOOSE(LEFT(RIGHT(IF(LEN(SUBSTITUTE(ROUND(E4,2), ",", ""))=LEN(ROUND(E4,2)),ROUND(E4,2),TRIM(LEFT(ROUND(E4,2),FIND(",",ROUND(E4,2))-1)))*1,2),1)+1,"","on","yirmi","otuz","kırk","elli","altmış","yetmiş","seksen","doksan"),"")&CHOOSE(MOD(IF(LEN(SUBSTITUTE(ROUND(E4,2), ",", ""))=LEN(ROUND(E4,2)),ROUND(E4,2),TRIM(LEFT(ROUND(E4,2),FIND(",",ROUND(E4,2))-1)))*1,10)+1,"","bir","iki","üç","dört","beş","altı","yedi","sekiz","dokuz")) & " TL " & IF(OR(LEN(SUBSTITUTE(E4, ",", ""))=LEN(E4),LEN(SUBSTITUTE(ROUND(E4,2), ",", ""))=LEN(ROUND(E4,2))),"", PROPER(IF(IF(LEN(TRIM(RIGHT(ROUND(E4,2),LEN(ROUND(E4,2))-FIND(",",ROUND(E4,2)))))<2,TRIM(RIGHT(ROUND(E4,2),LEN(ROUND(E4,2))-FIND(",",ROUND(E4,2))))*10,TRIM(RIGHT(ROUND(E4,2),LEN(ROUND(E4,2))-FIND(",",ROUND(E4,2))))*1)>=10^5,CHOOSE(LEFT(RIGHT(IF(LEN(TRIM(RIGHT(ROUND(E4,2),LEN(ROUND(E4,2))-FIND(",",ROUND(E4,2)))))<2,TRIM(RIGHT(ROUND(E4,2),LEN(ROUND(E4,2))-FIND(",",ROUND(E4,2))))*10,TRIM(RIGHT(ROUND(E4,2),LEN(ROUND(E4,2))-FIND(",",ROUND(E4,2))))*1),6),1)+1,"","yüz","ikiyüz","üçyüz","dörtyüz","beşyüz","altıyüz","yediyüz","sekizyüz","dokuzyüz"),"")&IF(IF(LEN(TRIM(RIGHT(ROUND(E4,2),LEN(ROUND(E4,2))-FIND(",",ROUND(E4,2)))))<2,TRIM(RIGHT(ROUND(E4,2),LEN(ROUND(E4,2))-FIND(",",ROUND(E4,2))))*10,TRIM(RIGHT(ROUND(E4,2),LEN(ROUND(E4,2))-FIND(",",ROUND(E4,2))))*1)>=10^4,CHOOSE(LEFT(RIGHT(IF(LEN(TRIM(RIGHT(ROUND(E4,2),LEN(ROUND(E4,2))-FIND(",",ROUND(E4,2)))))<2,TRIM(RIGHT(ROUND(E4,2),LEN(ROUND(E4,2))-FIND(",",ROUND(E4,2))))*10,TRIM(RIGHT(ROUND(E4,2),LEN(ROUND(E4,2))-FIND(",",ROUND(E4,2))))*1),5),1)+1,"","on","yirmi","otuz","kırk","elli","altmış","yetmiş","seksen","doksan"),"")&IF(IF(LEN(TRIM(RIGHT(ROUND(E4,2),LEN(ROUND(E4,2))-FIND(",",ROUND(E4,2)))))<2,TRIM(RIGHT(ROUND(E4,2),LEN(ROUND(E4,2))-FIND(",",ROUND(E4,2))))*10,TRIM(RIGHT(ROUND(E4,2),LEN(ROUND(E4,2))-FIND(",",ROUND(E4,2))))*1)>=10^3,CHOOSE(LEFT(RIGHT(IF(LEN(TRIM(RIGHT(ROUND(E4,2),LEN(ROUND(E4,2))-FIND(",",ROUND(E4,2)))))<2,TRIM(RIGHT(ROUND(E4,2),LEN(ROUND(E4,2))-FIND(",",ROUND(E4,2))))*10,TRIM(RIGHT(ROUND(E4,2),LEN(ROUND(E4,2))-FIND(",",ROUND(E4,2))))*1),4),1)+1,"","","iki","üç","dört","beş","altı","yedi","sekiz","dokuz"),"")&IF(IF(LEN(TRIM(RIGHT(ROUND(E4,2),LEN(ROUND(E4,2))-FIND(",",ROUND(E4,2)))))<2,TRIM(RIGHT(ROUND(E4,2),LEN(ROUND(E4,2))-FIND(",",ROUND(E4,2))))*10,TRIM(RIGHT(ROUND(E4,2),LEN(ROUND(E4,2))-FIND(",",ROUND(E4,2))))*1)>=10,CHOOSE(LEFT(RIGHT(IF(LEN(TRIM(RIGHT(ROUND(E4,2),LEN(ROUND(E4,2))-FIND(",",ROUND(E4,2)))))<2,TRIM(RIGHT(ROUND(E4,2),LEN(ROUND(E4,2))-FIND(",",ROUND(E4,2))))*10,TRIM(RIGHT(ROUND(E4,2),LEN(ROUND(E4,2))-FIND(",",ROUND(E4,2))))*1),2),1)+1,"","on","yirmi","otuz","kırk","elli","altmış","yetmiş","seksen","doksan"),"")&CHOOSE(MOD(IF(LEN(TRIM(RIGHT(ROUND(E4,2),LEN(ROUND(E4,2))-FIND(",",ROUND(E4,2)))))<2,TRIM(RIGHT(ROUND(E4,2),LEN(ROUND(E4,2))-FIND(",",ROUND(E4,2))))*10,TRIM(RIGHT(ROUND(E4,2),LEN(ROUND(E4,2))-FIND(",",ROUND(E4,2))))*1),10)+1,"","bir","iki","üç","dört","beş","altı","yedi","sekiz","dokuz")) & " Kr") -> İkibin TL | G4: =G3 -> NAKDEN | H4: 2. Taksit
B5: 3 | C5: 44252 | D5: 44346 | E5: 2000 | F5: =PROPER(IF(IF(LEN(SUBSTITUTE(ROUND(E5,2), ",", ""))=LEN(ROUND(E5,2)),ROUND(E5,2),TRIM(LEFT(ROUND(E5,2),FIND(",",ROUND(E5,2))-1)))*1>=10^6,CHOOSE(LEFT(RIGHT(IF(LEN(SUBSTITUTE(ROUND(E5,2), ",", ""))=LEN(ROUND(E5,2)),ROUND(E5,2),TRIM(LEFT(ROUND(E5,2),FIND(",",ROUND(E5,2))-1)))*1,7),1)+1,"","birmilyon","ikimilyon","üçmilyon","dörtmilyon","beşmilyon","altımilyon","yedimilyon","sekizmilyon","dokuzmilyon"),"")&IF(IF(LEN(SUBSTITUTE(ROUND(E5,2), ",", ""))=LEN(ROUND(E5,2)),ROUND(E5,2),TRIM(LEFT(ROUND(E5,2),FIND(",",ROUND(E5,2))-1)))*1>=10^5,CHOOSE(LEFT(RIGHT(IF(LEN(SUBSTITUTE(ROUND(E5,2), ",", ""))=LEN(ROUND(E5,2)),ROUND(E5,2),TRIM(LEFT(ROUND(E5,2),FIND(",",ROUND(E5,2))-1)))*1,6),1)+1,"","yüz","ikiyüz","üçyüz","dörtyüz","beşyüz","altıyüz","yediyüz","sekizyüz","dokuzyüz"),"")&IF(IF(LEN(SUBSTITUTE(ROUND(E5,2), ",", ""))=LEN(ROUND(E5,2)),ROUND(E5,2),TRIM(LEFT(ROUND(E5,2),FIND(",",ROUND(E5,2))-1)))*1>=10^4,CHOOSE(LEFT(RIGHT(IF(LEN(SUBSTITUTE(ROUND(E5,2), ",", ""))=LEN(ROUND(E5,2)),ROUND(E5,2),TRIM(LEFT(ROUND(E5,2),FIND(",",ROUND(E5,2))-1)))*1,5),1)+1,"","on","yirmi","otuz","kırk","elli","altmış","yetmiş","seksen","doksan"),"")&IF(IF(LEN(SUBSTITUTE(ROUND(E5,2), ",", ""))=LEN(ROUND(E5,2)),ROUND(E5,2),TRIM(LEFT(ROUND(E5,2),FIND(",",ROUND(E5,2))-1)))*1>=10^3,CHOOSE(LEFT(RIGHT(IF(LEN(SUBSTITUTE(ROUND(E5,2), ",", ""))=LEN(ROUND(E5,2)),ROUND(E5,2),TRIM(LEFT(ROUND(E5,2),FIND(",",ROUND(E5,2))-1)))*1,4),1)+1,"","","iki","üç","dört","beş","altı","yedi","sekiz","dokuz"),"")&IF(AND(IF(LEN(SUBSTITUTE(ROUND(E5,2), ",", ""))=LEN(ROUND(E5,2)),ROUND(E5,2),TRIM(LEFT(ROUND(E5,2),FIND(",",ROUND(E5,2))-1)))*1>=10^3,VALUE(LEFT(RIGHT(IF(LEN(SUBSTITUTE(ROUND(E5,2), ",", ""))=LEN(ROUND(E5,2)),ROUND(E5,2),TRIM(LEFT(ROUND(E5,2),FIND(",",ROUND(E5,2))-1)))*1,6),3))>0),IF(AND(IF(LEN(SUBSTITUTE(ROUND(E5,2), ",", ""))=LEN(ROUND(E5,2)),ROUND(E5,2),TRIM(LEFT(ROUND(E5,2),FIND(",",ROUND(E5,2))-1)))*1>1999,LEFT(RIGHT(IF(LEN(SUBSTITUTE(ROUND(E5,2), ",", ""))=LEN(ROUND(E5,2)),ROUND(E5,2),TRIM(LEFT(ROUND(E5,2),FIND(",",ROUND(E5,2))-1)))*1,4),1)="1",LEFT(RIGHT(IF(LEN(SUBSTITUTE(ROUND(E5,2), ",", ""))=LEN(ROUND(E5,2)),ROUND(E5,2),TRIM(LEFT(ROUND(E5,2),FIND(",",ROUND(E5,2))-1)))*1,6),2)<>"00"),"birbin","bin"),"")&IF(IF(LEN(SUBSTITUTE(ROUND(E5,2), ",", ""))=LEN(ROUND(E5,2)),ROUND(E5,2),TRIM(LEFT(ROUND(E5,2),FIND(",",ROUND(E5,2))-1)))*1>=100,CHOOSE(LEFT(RIGHT(IF(LEN(SUBSTITUTE(ROUND(E5,2), ",", ""))=LEN(ROUND(E5,2)),ROUND(E5,2),TRIM(LEFT(ROUND(E5,2),FIND(",",ROUND(E5,2))-1)))*1,3),1)+1,"","yüz","ikiyüz","üçyüz","dörtyüz","beşyüz","altıyüz","yediyüz","sekizyüz","dokuzyüz"),"")&IF(IF(LEN(SUBSTITUTE(ROUND(E5,2), ",", ""))=LEN(ROUND(E5,2)),ROUND(E5,2),TRIM(LEFT(ROUND(E5,2),FIND(",",ROUND(E5,2))-1)))*1>=10,CHOOSE(LEFT(RIGHT(IF(LEN(SUBSTITUTE(ROUND(E5,2), ",", ""))=LEN(ROUND(E5,2)),ROUND(E5,2),TRIM(LEFT(ROUND(E5,2),FIND(",",ROUND(E5,2))-1)))*1,2),1)+1,"","on","yirmi","otuz","kırk","elli","altmış","yetmiş","seksen","doksan"),"")&CHOOSE(MOD(IF(LEN(SUBSTITUTE(ROUND(E5,2), ",", ""))=LEN(ROUND(E5,2)),ROUND(E5,2),TRIM(LEFT(ROUND(E5,2),FIND(",",ROUND(E5,2))-1)))*1,10)+1,"","bir","iki","üç","dört","beş","altı","yedi","sekiz","dokuz")) & " TL " & IF(OR(LEN(SUBSTITUTE(E5, ",", ""))=LEN(E5),LEN(SUBSTITUTE(ROUND(E5,2), ",", ""))=LEN(ROUND(E5,2))),"", PROPER(IF(IF(LEN(TRIM(RIGHT(ROUND(E5,2),LEN(ROUND(E5,2))-FIND(",",ROUND(E5,2)))))<2,TRIM(RIGHT(ROUND(E5,2),LEN(ROUND(E5,2))-FIND(",",ROUND(E5,2))))*10,TRIM(RIGHT(ROUND(E5,2),LEN(ROUND(E5,2))-FIND(",",ROUND(E5,2))))*1)>=10^5,CHOOSE(LEFT(RIGHT(IF(LEN(TRIM(RIGHT(ROUND(E5,2),LEN(ROUND(E5,2))-FIND(",",ROUND(E5,2)))))<2,TRIM(RIGHT(ROUND(E5,2),LEN(ROUND(E5,2))-FIND(",",ROUND(E5,2))))*10,TRIM(RIGHT(ROUND(E5,2),LEN(ROUND(E5,2))-FIND(",",ROUND(E5,2))))*1),6),1)+1,"","yüz","ikiyüz","üçyüz","dörtyüz","beşyüz","altıyüz","yediyüz","sekizyüz","dokuzyüz"),"")&IF(IF(LEN(TRIM(RIGHT(ROUND(E5,2),LEN(ROUND(E5,2))-FIND(",",ROUND(E5,2)))))<2,TRIM(RIGHT(ROUND(E5,2),LEN(ROUND(E5,2))-FIND(",",ROUND(E5,2))))*10,TRIM(RIGHT(ROUND(E5,2),LEN(ROUND(E5,2))-FIND(",",ROUND(E5,2))))*1)>=10^4,CHOOSE(LEFT(RIGHT(IF(LEN(TRIM(RIGHT(ROUND(E5,2),LEN(ROUND(E5,2))-FIND(",",ROUND(E5,2)))))<2,TRIM(RIGHT(ROUND(E5,2),LEN(ROUND(E5,2))-FIND(",",ROUND(E5,2))))*10,TRIM(RIGHT(ROUND(E5,2),LEN(ROUND(E5,2))-FIND(",",ROUND(E5,2))))*1),5),1)+1,"","on","yirmi","otuz","kırk","elli","altmış","yetmiş","seksen","doksan"),"")&IF(IF(LEN(TRIM(RIGHT(ROUND(E5,2),LEN(ROUND(E5,2))-FIND(",",ROUND(E5,2)))))<2,TRIM(RIGHT(ROUND(E5,2),LEN(ROUND(E5,2))-FIND(",",ROUND(E5,2))))*10,TRIM(RIGHT(ROUND(E5,2),LEN(ROUND(E5,2))-FIND(",",ROUND(E5,2))))*1)>=10^3,CHOOSE(LEFT(RIGHT(IF(LEN(TRIM(RIGHT(ROUND(E5,2),LEN(ROUND(E5,2))-FIND(",",ROUND(E5,2)))))<2,TRIM(RIGHT(ROUND(E5,2),LEN(ROUND(E5,2))-FIND(",",ROUND(E5,2))))*10,TRIM(RIGHT(ROUND(E5,2),LEN(ROUND(E5,2))-FIND(",",ROUND(E5,2))))*1),4),1)+1,"","","iki","üç","dört","beş","altı","yedi","sekiz","dokuz"),"")&IF(IF(LEN(TRIM(RIGHT(ROUND(E5,2),LEN(ROUND(E5,2))-FIND(",",ROUND(E5,2)))))<2,TRIM(RIGHT(ROUND(E5,2),LEN(ROUND(E5,2))-FIND(",",ROUND(E5,2))))*10,TRIM(RIGHT(ROUND(E5,2),LEN(ROUND(E5,2))-FIND(",",ROUND(E5,2))))*1)>=10,CHOOSE(LEFT(RIGHT(IF(LEN(TRIM(RIGHT(ROUND(E5,2),LEN(ROUND(E5,2))-FIND(",",ROUND(E5,2)))))<2,TRIM(RIGHT(ROUND(E5,2),LEN(ROUND(E5,2))-FIND(",",ROUND(E5,2))))*10,TRIM(RIGHT(ROUND(E5,2),LEN(ROUND(E5,2))-FIND(",",ROUND(E5,2))))*1),2),1)+1,"","on","yirmi","otuz","kırk","elli","altmış","yetmiş","seksen","doksan"),"")&CHOOSE(MOD(IF(LEN(TRIM(RIGHT(ROUND(E5,2),LEN(ROUND(E5,2))-FIND(",",ROUND(E5,2)))))<2,TRIM(RIGHT(ROUND(E5,2),LEN(ROUND(E5,2))-FIND(",",ROUND(E5,2))))*10,TRIM(RIGHT(ROUND(E5,2),LEN(ROUND(E5,2))-FIND(",",ROUND(E5,2))))*1),10)+1,"","bir","iki","üç","dört","beş","altı","yedi","sekiz","dokuz")) & " Kr") -> İkibin TL | G5: =G4 -> NAKDEN | H5: 3. Taksit
B6: 4 | C6: 44252 | D6: 44377 | E6: 2000 | F6: =PROPER(IF(IF(LEN(SUBSTITUTE(ROUND(E6,2), ",", ""))=LEN(ROUND(E6,2)),ROUND(E6,2),TRIM(LEFT(ROUND(E6,2),FIND(",",ROUND(E6,2))-1)))*1>=10^6,CHOOSE(LEFT(RIGHT(IF(LEN(SUBSTITUTE(ROUND(E6,2), ",", ""))=LEN(ROUND(E6,2)),ROUND(E6,2),TRIM(LEFT(ROUND(E6,2),FIND(",",ROUND(E6,2))-1)))*1,7),1)+1,"","birmilyon","ikimilyon","üçmilyon","dörtmilyon","beşmilyon","altımilyon","yedimilyon","sekizmilyon","dokuzmilyon"),"")&IF(IF(LEN(SUBSTITUTE(ROUND(E6,2), ",", ""))=LEN(ROUND(E6,2)),ROUND(E6,2),TRIM(LEFT(ROUND(E6,2),FIND(",",ROUND(E6,2))-1)))*1>=10^5,CHOOSE(LEFT(RIGHT(IF(LEN(SUBSTITUTE(ROUND(E6,2), ",", ""))=LEN(ROUND(E6,2)),ROUND(E6,2),TRIM(LEFT(ROUND(E6,2),FIND(",",ROUND(E6,2))-1)))*1,6),1)+1,"","yüz","ikiyüz","üçyüz","dörtyüz","beşyüz","altıyüz","yediyüz","sekizyüz","dokuzyüz"),"")&IF(IF(LEN(SUBSTITUTE(ROUND(E6,2), ",", ""))=LEN(ROUND(E6,2)),ROUND(E6,2),TRIM(LEFT(ROUND(E6,2),FIND(",",ROUND(E6,2))-1)))*1>=10^4,CHOOSE(LEFT(RIGHT(IF(LEN(SUBSTITUTE(ROUND(E6,2), ",", ""))=LEN(ROUND(E6,2)),ROUND(E6,2),TRIM(LEFT(ROUND(E6,2),FIND(",",ROUND(E6,2))-1)))*1,5),1)+1,"","on","yirmi","otuz","kırk","elli","altmış","yetmiş","seksen","doksan"),"")&IF(IF(LEN(SUBSTITUTE(ROUND(E6,2), ",", ""))=LEN(ROUND(E6,2)),ROUND(E6,2),TRIM(LEFT(ROUND(E6,2),FIND(",",ROUND(E6,2))-1)))*1>=10^3,CHOOSE(LEFT(RIGHT(IF(LEN(SUBSTITUTE(ROUND(E6,2), ",", ""))=LEN(ROUND(E6,2)),ROUND(E6,2),TRIM(LEFT(ROUND(E6,2),FIND(",",ROUND(E6,2))-1)))*1,4),1)+1,"","","iki","üç","dört","beş","altı","yedi","sekiz","dokuz"),"")&IF(AND(IF(LEN(SUBSTITUTE(ROUND(E6,2), ",", ""))=LEN(ROUND(E6,2)),ROUND(E6,2),TRIM(LEFT(ROUND(E6,2),FIND(",",ROUND(E6,2))-1)))*1>=10^3,VALUE(LEFT(RIGHT(IF(LEN(SUBSTITUTE(ROUND(E6,2), ",", ""))=LEN(ROUND(E6,2)),ROUND(E6,2),TRIM(LEFT(ROUND(E6,2),FIND(",",ROUND(E6,2))-1)))*1,6),3))>0),IF(AND(IF(LEN(SUBSTITUTE(ROUND(E6,2), ",", ""))=LEN(ROUND(E6,2)),ROUND(E6,2),TRIM(LEFT(ROUND(E6,2),FIND(",",ROUND(E6,2))-1)))*1>1999,LEFT(RIGHT(IF(LEN(SUBSTITUTE(ROUND(E6,2), ",", ""))=LEN(ROUND(E6,2)),ROUND(E6,2),TRIM(LEFT(ROUND(E6,2),FIND(",",ROUND(E6,2))-1)))*1,4),1)="1",LEFT(RIGHT(IF(LEN(SUBSTITUTE(ROUND(E6,2), ",", ""))=LEN(ROUND(E6,2)),ROUND(E6,2),TRIM(LEFT(ROUND(E6,2),FIND(",",ROUND(E6,2))-1)))*1,6),2)<>"00"),"birbin","bin"),"")&IF(IF(LEN(SUBSTITUTE(ROUND(E6,2), ",", ""))=LEN(ROUND(E6,2)),ROUND(E6,2),TRIM(LEFT(ROUND(E6,2),FIND(",",ROUND(E6,2))-1)))*1>=100,CHOOSE(LEFT(RIGHT(IF(LEN(SUBSTITUTE(ROUND(E6,2), ",", ""))=LEN(ROUND(E6,2)),ROUND(E6,2),TRIM(LEFT(ROUND(E6,2),FIND(",",ROUND(E6,2))-1)))*1,3),1)+1,"","yüz","ikiyüz","üçyüz","dörtyüz","beşyüz","altıyüz","yediyüz","sekizyüz","dokuzyüz"),"")&IF(IF(LEN(SUBSTITUTE(ROUND(E6,2), ",", ""))=LEN(ROUND(E6,2)),ROUND(E6,2),TRIM(LEFT(ROUND(E6,2),FIND(",",ROUND(E6,2))-1)))*1>=10,CHOOSE(LEFT(RIGHT(IF(LEN(SUBSTITUTE(ROUND(E6,2), ",", ""))=LEN(ROUND(E6,2)),ROUND(E6,2),TRIM(LEFT(ROUND(E6,2),FIND(",",ROUND(E6,2))-1)))*1,2),1)+1,"","on","yirmi","otuz","kırk","elli","altmış","yetmiş","seksen","doksan"),"")&CHOOSE(MOD(IF(LEN(SUBSTITUTE(ROUND(E6,2), ",", ""))=LEN(ROUND(E6,2)),ROUND(E6,2),TRIM(LEFT(ROUND(E6,2),FIND(",",ROUND(E6,2))-1)))*1,10)+1,"","bir","iki","üç","dört","beş","altı","yedi","sekiz","dokuz")) & " TL " & IF(OR(LEN(SUBSTITUTE(E6, ",", ""))=LEN(E6),LEN(SUBSTITUTE(ROUND(E6,2), ",", ""))=LEN(ROUND(E6,2))),"", PROPER(IF(IF(LEN(TRIM(RIGHT(ROUND(E6,2),LEN(ROUND(E6,2))-FIND(",",ROUND(E6,2)))))<2,TRIM(RIGHT(ROUND(E6,2),LEN(ROUND(E6,2))-FIND(",",ROUND(E6,2))))*10,TRIM(RIGHT(ROUND(E6,2),LEN(ROUND(E6,2))-FIND(",",ROUND(E6,2))))*1)>=10^5,CHOOSE(LEFT(RIGHT(IF(LEN(TRIM(RIGHT(ROUND(E6,2),LEN(ROUND(E6,2))-FIND(",",ROUND(E6,2)))))<2,TRIM(RIGHT(ROUND(E6,2),LEN(ROUND(E6,2))-FIND(",",ROUND(E6,2))))*10,TRIM(RIGHT(ROUND(E6,2),LEN(ROUND(E6,2))-FIND(",",ROUND(E6,2))))*1),6),1)+1,"","yüz","ikiyüz","üçyüz","dörtyüz","beşyüz","altıyüz","yediyüz","sekizyüz","dokuzyüz"),"")&IF(IF(LEN(TRIM(RIGHT(ROUND(E6,2),LEN(ROUND(E6,2))-FIND(",",ROUND(E6,2)))))<2,TRIM(RIGHT(ROUND(E6,2),LEN(ROUND(E6,2))-FIND(",",ROUND(E6,2))))*10,TRIM(RIGHT(ROUND(E6,2),LEN(ROUND(E6,2))-FIND(",",ROUND(E6,2))))*1)>=10^4,CHOOSE(LEFT(RIGHT(IF(LEN(TRIM(RIGHT(ROUND(E6,2),LEN(ROUND(E6,2))-FIND(",",ROUND(E6,2)))))<2,TRIM(RIGHT(ROUND(E6,2),LEN(ROUND(E6,2))-FIND(",",ROUND(E6,2))))*10,TRIM(RIGHT(ROUND(E6,2),LEN(ROUND(E6,2))-FIND(",",ROUND(E6,2))))*1),5),1)+1,"","on","yirmi","otuz","kırk","elli","altmış","yetmiş","seksen","doksan"),"")&IF(IF(LEN(TRIM(RIGHT(ROUND(E6,2),LEN(ROUND(E6,2))-FIND(",",ROUND(E6,2)))))<2,TRIM(RIGHT(ROUND(E6,2),LEN(ROUND(E6,2))-FIND(",",ROUND(E6,2))))*10,TRIM(RIGHT(ROUND(E6,2),LEN(ROUND(E6,2))-FIND(",",ROUND(E6,2))))*1)>=10^3,CHOOSE(LEFT(RIGHT(IF(LEN(TRIM(RIGHT(ROUND(E6,2),LEN(ROUND(E6,2))-FIND(",",ROUND(E6,2)))))<2,TRIM(RIGHT(ROUND(E6,2),LEN(ROUND(E6,2))-FIND(",",ROUND(E6,2))))*10,TRIM(RIGHT(ROUND(E6,2),LEN(ROUND(E6,2))-FIND(",",ROUND(E6,2))))*1),4),1)+1,"","","iki","üç","dört","beş","altı","yedi","sekiz","dokuz"),"")&IF(IF(LEN(TRIM(RIGHT(ROUND(E6,2),LEN(ROUND(E6,2))-FIND(",",ROUND(E6,2)))))<2,TRIM(RIGHT(ROUND(E6,2),LEN(ROUND(E6,2))-FIND(",",ROUND(E6,2))))*10,TRIM(RIGHT(ROUND(E6,2),LEN(ROUND(E6,2))-FIND(",",ROUND(E6,2))))*1)>=10,CHOOSE(LEFT(RIGHT(IF(LEN(TRIM(RIGHT(ROUND(E6,2),LEN(ROUND(E6,2))-FIND(",",ROUND(E6,2)))))<2,TRIM(RIGHT(ROUND(E6,2),LEN(ROUND(E6,2))-FIND(",",ROUND(E6,2))))*10,TRIM(RIGHT(ROUND(E6,2),LEN(ROUND(E6,2))-FIND(",",ROUND(E6,2))))*1),2),1)+1,"","on","yirmi","otuz","kırk","elli","altmış","yetmiş","seksen","doksan"),"")&CHOOSE(MOD(IF(LEN(TRIM(RIGHT(ROUND(E6,2),LEN(ROUND(E6,2))-FIND(",",ROUND(E6,2)))))<2,TRIM(RIGHT(ROUND(E6,2),LEN(ROUND(E6,2))-FIND(",",ROUND(E6,2))))*10,TRIM(RIGHT(ROUND(E6,2),LEN(ROUND(E6,2))-FIND(",",ROUND(E6,2))))*1),10)+1,"","bir","iki","üç","dört","beş","altı","yedi","sekiz","dokuz")) & " Kr") -> İkibin TL | G6: =G5 -> NAKDEN | H6: 4. Taksit
B7: 5 | C7: 44252 | D7: 44407 | E7: 14000 | F7: =PROPER(IF(IF(LEN(SUBSTITUTE(ROUND(E7,2), ",", ""))=LEN(ROUND(E7,2)),ROUND(E7,2),TRIM(LEFT(ROUND(E7,2),FIND(",",ROUND(E7,2))-1)))*1>=10^6,CHOOSE(LEFT(RIGHT(IF(LEN(SUBSTITUTE(ROUND(E7,2), ",", ""))=LEN(ROUND(E7,2)),ROUND(E7,2),TRIM(LEFT(ROUND(E7,2),FIND(",",ROUND(E7,2))-1)))*1,7),1)+1,"","birmilyon","ikimilyon","üçmilyon","dörtmilyon","beşmilyon","altımilyon","yedimilyon","sekizmilyon","dokuzmilyon"),"")&IF(IF(LEN(SUBSTITUTE(ROUND(E7,2), ",", ""))=LEN(ROUND(E7,2)),ROUND(E7,2),TRIM(LEFT(ROUND(E7,2),FIND(",",ROUND(E7,2))-1)))*1>=10^5,CHOOSE(LEFT(RIGHT(IF(LEN(SUBSTITUTE(ROUND(E7,2), ",", ""))=LEN(ROUND(E7,2)),ROUND(E7,2),TRIM(LEFT(ROUND(E7,2),FIND(",",ROUND(E7,2))-1)))*1,6),1)+1,"","yüz","ikiyüz","üçyüz","dörtyüz","beşyüz","altıyüz","yediyüz","sekizyüz","dokuzyüz"),"")&IF(IF(LEN(SUBSTITUTE(ROUND(E7,2), ",", ""))=LEN(ROUND(E7,2)),ROUND(E7,2),TRIM(LEFT(ROUND(E7,2),FIND(",",ROUND(E7,2))-1)))*1>=10^4,CHOOSE(LEFT(RIGHT(IF(LEN(SUBSTITUTE(ROUND(E7,2), ",", ""))=LEN(ROUND(E7,2)),ROUND(E7,2),TRIM(LEFT(ROUND(E7,2),FIND(",",ROUND(E7,2))-1)))*1,5),1)+1,"","on","yirmi","otuz","kırk","elli","altmış","yetmiş","seksen","doksan"),"")&IF(IF(LEN(SUBSTITUTE(ROUND(E7,2), ",", ""))=LEN(ROUND(E7,2)),ROUND(E7,2),TRIM(LEFT(ROUND(E7,2),FIND(",",ROUND(E7,2))-1)))*1>=10^3,CHOOSE(LEFT(RIGHT(IF(LEN(SUBSTITUTE(ROUND(E7,2), ",", ""))=LEN(ROUND(E7,2)),ROUND(E7,2),TRIM(LEFT(ROUND(E7,2),FIND(",",ROUND(E7,2))-1)))*1,4),1)+1,"","","iki","üç","dört","beş","altı","yedi","sekiz","dokuz"),"")&IF(AND(IF(LEN(SUBSTITUTE(ROUND(E7,2), ",", ""))=LEN(ROUND(E7,2)),ROUND(E7,2),TRIM(LEFT(ROUND(E7,2),FIND(",",ROUND(E7,2))-1)))*1>=10^3,VALUE(LEFT(RIGHT(IF(LEN(SUBSTITUTE(ROUND(E7,2), ",", ""))=LEN(ROUND(E7,2)),ROUND(E7,2),TRIM(LEFT(ROUND(E7,2),FIND(",",ROUND(E7,2))-1)))*1,6),3))>0),IF(AND(IF(LEN(SUBSTITUTE(ROUND(E7,2), ",", ""))=LEN(ROUND(E7,2)),ROUND(E7,2),TRIM(LEFT(ROUND(E7,2),FIND(",",ROUND(E7,2))-1)))*1>1999,LEFT(RIGHT(IF(LEN(SUBSTITUTE(ROUND(E7,2), ",", ""))=LEN(ROUND(E7,2)),ROUND(E7,2),TRIM(LEFT(ROUND(E7,2),FIND(",",ROUND(E7,2))-1)))*1,4),1)="1",LEFT(RIGHT(IF(LEN(SUBSTITUTE(ROUND(E7,2), ",", ""))=LEN(ROUND(E7,2)),ROUND(E7,2),TRIM(LEFT(ROUND(E7,2),FIND(",",ROUND(E7,2))-1)))*1,6),2)<>"00"),"birbin","bin"),"")&IF(IF(LEN(SUBSTITUTE(ROUND(E7,2), ",", ""))=LEN(ROUND(E7,2)),ROUND(E7,2),TRIM(LEFT(ROUND(E7,2),FIND(",",ROUND(E7,2))-1)))*1>=100,CHOOSE(LEFT(RIGHT(IF(LEN(SUBSTITUTE(ROUND(E7,2), ",", ""))=LEN(ROUND(E7,2)),ROUND(E7,2),TRIM(LEFT(ROUND(E7,2),FIND(",",ROUND(E7,2))-1)))*1,3),1)+1,"","yüz","ikiyüz","üçyüz","dörtyüz","beşyüz","altıyüz","yediyüz","sekizyüz","dokuzyüz"),"")&IF(IF(LEN(SUBSTITUTE(ROUND(E7,2), ",", ""))=LEN(ROUND(E7,2)),ROUND(E7,2),TRIM(LEFT(ROUND(E7,2),FIND(",",ROUND(E7,2))-1)))*1>=10,CHOOSE(LEFT(RIGHT(IF(LEN(SUBSTITUTE(ROUND(E7,2), ",", ""))=LEN(ROUND(E7,2)),ROUND(E7,2),TRIM(LEFT(ROUND(E7,2),FIND(",",ROUND(E7,2))-1)))*1,2),1)+1,"","on","yirmi","otuz","kırk","elli","altmış","yetmiş","seksen","doksan"),"")&CHOOSE(MOD(IF(LEN(SUBSTITUTE(ROUND(E7,2), ",", ""))=LEN(ROUND(E7,2)),ROUND(E7,2),TRIM(LEFT(ROUND(E7,2),FIND(",",ROUND(E7,2))-1)))*1,10)+1,"","bir","iki","üç","dört","beş","altı","yedi","sekiz","dokuz")) & " TL " & IF(OR(LEN(SUBSTITUTE(E7, ",", ""))=LEN(E7),LEN(SUBSTITUTE(ROUND(E7,2), ",", ""))=LEN(ROUND(E7,2))),"", PROPER(IF(IF(LEN(TRIM(RIGHT(ROUND(E7,2),LEN(ROUND(E7,2))-FIND(",",ROUND(E7,2)))))<2,TRIM(RIGHT(ROUND(E7,2),LEN(ROUND(E7,2))-FIND(",",ROUND(E7,2))))*10,TRIM(RIGHT(ROUND(E7,2),LEN(ROUND(E7,2))-FIND(",",ROUND(E7,2))))*1)>=10^5,CHOOSE(LEFT(RIGHT(IF(LEN(TRIM(RIGHT(ROUND(E7,2),LEN(ROUND(E7,2))-FIND(",",ROUND(E7,2)))))<2,TRIM(RIGHT(ROUND(E7,2),LEN(ROUND(E7,2))-FIND(",",ROUND(E7,2))))*10,TRIM(RIGHT(ROUND(E7,2),LEN(ROUND(E7,2))-FIND(",",ROUND(E7,2))))*1),6),1)+1,"","yüz","ikiyüz","üçyüz","dörtyüz","beşyüz","altıyüz","yediyüz","sekizyüz","dokuzyüz"),"")&IF(IF(LEN(TRIM(RIGHT(ROUND(E7,2),LEN(ROUND(E7,2))-FIND(",",ROUND(E7,2)))))<2,TRIM(RIGHT(ROUND(E7,2),LEN(ROUND(E7,2))-FIND(",",ROUND(E7,2))))*10,TRIM(RIGHT(ROUND(E7,2),LEN(ROUND(E7,2))-FIND(",",ROUND(E7,2))))*1)>=10^4,CHOOSE(LEFT(RIGHT(IF(LEN(TRIM(RIGHT(ROUND(E7,2),LEN(ROUND(E7,2))-FIND(",",ROUND(E7,2)))))<2,TRIM(RIGHT(ROUND(E7,2),LEN(ROUND(E7,2))-FIND(",",ROUND(E7,2))))*10,TRIM(RIGHT(ROUND(E7,2),LEN(ROUND(E7,2))-FIND(",",ROUND(E7,2))))*1),5),1)+1,"","on","yirmi","otuz","kırk","elli","altmış","yetmiş","seksen","doksan"),"")&IF(IF(LEN(TRIM(RIGHT(ROUND(E7,2),LEN(ROUND(E7,2))-FIND(",",ROUND(E7,2)))))<2,TRIM(RIGHT(ROUND(E7,2),LEN(ROUND(E7,2))-FIND(",",ROUND(E7,2))))*10,TRIM(RIGHT(ROUND(E7,2),LEN(ROUND(E7,2))-FIND(",",ROUND(E7,2))))*1)>=10^3,CHOOSE(LEFT(RIGHT(IF(LEN(TRIM(RIGHT(ROUND(E7,2),LEN(ROUND(E7,2))-FIND(",",ROUND(E7,2)))))<2,TRIM(RIGHT(ROUND(E7,2),LEN(ROUND(E7,2))-FIND(",",ROUND(E7,2))))*10,TRIM(RIGHT(ROUND(E7,2),LEN(ROUND(E7,2))-FIND(",",ROUND(E7,2))))*1),4),1)+1,"","","iki","üç","dört","beş","altı","yedi","sekiz","dokuz"),"")&IF(IF(LEN(TRIM(RIGHT(ROUND(E7,2),LEN(ROUND(E7,2))-FIND(",",ROUND(E7,2)))))<2,TRIM(RIGHT(ROUND(E7,2),LEN(ROUND(E7,2))-FIND(",",ROUND(E7,2))))*10,TRIM(RIGHT(ROUND(E7,2),LEN(ROUND(E7,2))-FIND(",",ROUND(E7,2))))*1)>=10,CHOOSE(LEFT(RIGHT(IF(LEN(TRIM(RIGHT(ROUND(E7,2),LEN(ROUND(E7,2))-FIND(",",ROUND(E7,2)))))<2,TRIM(RIGHT(ROUND(E7,2),LEN(ROUND(E7,2))-FIND(",",ROUND(E7,2))))*10,TRIM(RIGHT(ROUND(E7,2),LEN(ROUND(E7,2))-FIND(",",ROUND(E7,2))))*1),2),1)+1,"","on","yirmi","otuz","kırk","elli","altmış","yetmiş","seksen","doksan"),"")&CHOOSE(MOD(IF(LEN(TRIM(RIGHT(ROUND(E7,2),LEN(ROUND(E7,2))-FIND(",",ROUND(E7,2)))))<2,TRIM(RIGHT(ROUND(E7,2),LEN(ROUND(E7,2))-FIND(",",ROUND(E7,2))))*10,TRIM(RIGHT(ROUND(E7,2),LEN(ROUND(E7,2))-FIND(",",ROUND(E7,2))))*1),10)+1,"","bir","iki","üç","dört","beş","altı","yedi","sekiz","dokuz")) & " Kr") -> Ondörtbin TL | G7: =G6 -> NAKDEN | H7: 5. Taksit
B8: 6 | C8: 44252 | D8: 44438 | E8: 2000 | F8: =PROPER(IF(IF(LEN(SUBSTITUTE(ROUND(E8,2), ",", ""))=LEN(ROUND(E8,2)),ROUND(E8,2),TRIM(LEFT(ROUND(E8,2),FIND(",",ROUND(E8,2))-1)))*1>=10^6,CHOOSE(LEFT(RIGHT(IF(LEN(SUBSTITUTE(ROUND(E8,2), ",", ""))=LEN(ROUND(E8,2)),ROUND(E8,2),TRIM(LEFT(ROUND(E8,2),FIND(",",ROUND(E8,2))-1)))*1,7),1)+1,"","birmilyon","ikimilyon","üçmilyon","dörtmilyon","beşmilyon","altımilyon","yedimilyon","sekizmilyon","dokuzmilyon"),"")&IF(IF(LEN(SUBSTITUTE(ROUND(E8,2), ",", ""))=LEN(ROUND(E8,2)),ROUND(E8,2),TRIM(LEFT(ROUND(E8,2),FIND(",",ROUND(E8,2))-1)))*1>=10^5,CHOOSE(LEFT(RIGHT(IF(LEN(SUBSTITUTE(ROUND(E8,2), ",", ""))=LEN(ROUND(E8,2)),ROUND(E8,2),TRIM(LEFT(ROUND(E8,2),FIND(",",ROUND(E8,2))-1)))*1,6),1)+1,"","yüz","ikiyüz","üçyüz","dörtyüz","beşyüz","altıyüz","yediyüz","sekizyüz","dokuzyüz"),"")&IF(IF(LEN(SUBSTITUTE(ROUND(E8,2), ",", ""))=LEN(ROUND(E8,2)),ROUND(E8,2),TRIM(LEFT(ROUND(E8,2),FIND(",",ROUND(E8,2))-1)))*1>=10^4,CHOOSE(LEFT(RIGHT(IF(LEN(SUBSTITUTE(ROUND(E8,2), ",", ""))=LEN(ROUND(E8,2)),ROUND(E8,2),TRIM(LEFT(ROUND(E8,2),FIND(",",ROUND(E8,2))-1)))*1,5),1)+1,"","on","yirmi","otuz","kırk","elli","altmış","yetmiş","seksen","doksan"),"")&IF(IF(LEN(SUBSTITUTE(ROUND(E8,2), ",", ""))=LEN(ROUND(E8,2)),ROUND(E8,2),TRIM(LEFT(ROUND(E8,2),FIND(",",ROUND(E8,2))-1)))*1>=10^3,CHOOSE(LEFT(RIGHT(IF(LEN(SUBSTITUTE(ROUND(E8,2), ",", ""))=LEN(ROUND(E8,2)),ROUND(E8,2),TRIM(LEFT(ROUND(E8,2),FIND(",",ROUND(E8,2))-1)))*1,4),1)+1,"","","iki","üç","dört","beş","altı","yedi","sekiz","dokuz"),"")&IF(AND(IF(LEN(SUBSTITUTE(ROUND(E8,2), ",", ""))=LEN(ROUND(E8,2)),ROUND(E8,2),TRIM(LEFT(ROUND(E8,2),FIND(",",ROUND(E8,2))-1)))*1>=10^3,VALUE(LEFT(RIGHT(IF(LEN(SUBSTITUTE(ROUND(E8,2), ",", ""))=LEN(ROUND(E8,2)),ROUND(E8,2),TRIM(LEFT(ROUND(E8,2),FIND(",",ROUND(E8,2))-1)))*1,6),3))>0),IF(AND(IF(LEN(SUBSTITUTE(ROUND(E8,2), ",", ""))=LEN(ROUND(E8,2)),ROUND(E8,2),TRIM(LEFT(ROUND(E8,2),FIND(",",ROUND(E8,2))-1)))*1>1999,LEFT(RIGHT(IF(LEN(SUBSTITUTE(ROUND(E8,2), ",", ""))=LEN(ROUND(E8,2)),ROUND(E8,2),TRIM(LEFT(ROUND(E8,2),FIND(",",ROUND(E8,2))-1)))*1,4),1)="1",LEFT(RIGHT(IF(LEN(SUBSTITUTE(ROUND(E8,2), ",", ""))=LEN(ROUND(E8,2)),ROUND(E8,2),TRIM(LEFT(ROUND(E8,2),FIND(",",ROUND(E8,2))-1)))*1,6),2)<>"00"),"birbin","bin"),"")&IF(IF(LEN(SUBSTITUTE(ROUND(E8,2), ",", ""))=LEN(ROUND(E8,2)),ROUND(E8,2),TRIM(LEFT(ROUND(E8,2),FIND(",",ROUND(E8,2))-1)))*1>=100,CHOOSE(LEFT(RIGHT(IF(LEN(SUBSTITUTE(ROUND(E8,2), ",", ""))=LEN(ROUND(E8,2)),ROUND(E8,2),TRIM(LEFT(ROUND(E8,2),FIND(",",ROUND(E8,2))-1)))*1,3),1)+1,"","yüz","ikiyüz","üçyüz","dörtyüz","beşyüz","altıyüz","yediyüz","sekizyüz","dokuzyüz"),"")&IF(IF(LEN(SUBSTITUTE(ROUND(E8,2), ",", ""))=LEN(ROUND(E8,2)),ROUND(E8,2),TRIM(LEFT(ROUND(E8,2),FIND(",",ROUND(E8,2))-1)))*1>=10,CHOOSE(LEFT(RIGHT(IF(LEN(SUBSTITUTE(ROUND(E8,2), ",", ""))=LEN(ROUND(E8,2)),ROUND(E8,2),TRIM(LEFT(ROUND(E8,2),FIND(",",ROUND(E8,2))-1)))*1,2),1)+1,"","on","yirmi","otuz","kırk","elli","altmış","yetmiş","seksen","doksan"),"")&CHOOSE(MOD(IF(LEN(SUBSTITUTE(ROUND(E8,2), ",", ""))=LEN(ROUND(E8,2)),ROUND(E8,2),TRIM(LEFT(ROUND(E8,2),FIND(",",ROUND(E8,2))-1)))*1,10)+1,"","bir","iki","üç","dört","beş","altı","yedi","sekiz","dokuz")) & " TL " & IF(OR(LEN(SUBSTITUTE(E8, ",", ""))=LEN(E8),LEN(SUBSTITUTE(ROUND(E8,2), ",", ""))=LEN(ROUND(E8,2))),"", PROPER(IF(IF(LEN(TRIM(RIGHT(ROUND(E8,2),LEN(ROUND(E8,2))-FIND(",",ROUND(E8,2)))))<2,TRIM(RIGHT(ROUND(E8,2),LEN(ROUND(E8,2))-FIND(",",ROUND(E8,2))))*10,TRIM(RIGHT(ROUND(E8,2),LEN(ROUND(E8,2))-FIND(",",ROUND(E8,2))))*1)>=10^5,CHOOSE(LEFT(RIGHT(IF(LEN(TRIM(RIGHT(ROUND(E8,2),LEN(ROUND(E8,2))-FIND(",",ROUND(E8,2)))))<2,TRIM(RIGHT(ROUND(E8,2),LEN(ROUND(E8,2))-FIND(",",ROUND(E8,2))))*10,TRIM(RIGHT(ROUND(E8,2),LEN(ROUND(E8,2))-FIND(",",ROUND(E8,2))))*1),6),1)+1,"","yüz","ikiyüz","üçyüz","dörtyüz","beşyüz","altıyüz","yediyüz","sekizyüz","dokuzyüz"),"")&IF(IF(LEN(TRIM(RIGHT(ROUND(E8,2),LEN(ROUND(E8,2))-FIND(",",ROUND(E8,2)))))<2,TRIM(RIGHT(ROUND(E8,2),LEN(ROUND(E8,2))-FIND(",",ROUND(E8,2))))*10,TRIM(RIGHT(ROUND(E8,2),LEN(ROUND(E8,2))-FIND(",",ROUND(E8,2))))*1)>=10^4,CHOOSE(LEFT(RIGHT(IF(LEN(TRIM(RIGHT(ROUND(E8,2),LEN(ROUND(E8,2))-FIND(",",ROUND(E8,2)))))<2,TRIM(RIGHT(ROUND(E8,2),LEN(ROUND(E8,2))-FIND(",",ROUND(E8,2))))*10,TRIM(RIGHT(ROUND(E8,2),LEN(ROUND(E8,2))-FIND(",",ROUND(E8,2))))*1),5),1)+1,"","on","yirmi","otuz","kırk","elli","altmış","yetmiş","seksen","doksan"),"")&IF(IF(LEN(TRIM(RIGHT(ROUND(E8,2),LEN(ROUND(E8,2))-FIND(",",ROUND(E8,2)))))<2,TRIM(RIGHT(ROUND(E8,2),LEN(ROUND(E8,2))-FIND(",",ROUND(E8,2))))*10,TRIM(RIGHT(ROUND(E8,2),LEN(ROUND(E8,2))-FIND(",",ROUND(E8,2))))*1)>=10^3,CHOOSE(LEFT(RIGHT(IF(LEN(TRIM(RIGHT(ROUND(E8,2),LEN(ROUND(E8,2))-FIND(",",ROUND(E8,2)))))<2,TRIM(RIGHT(ROUND(E8,2),LEN(ROUND(E8,2))-FIND(",",ROUND(E8,2))))*10,TRIM(RIGHT(ROUND(E8,2),LEN(ROUND(E8,2))-FIND(",",ROUND(E8,2))))*1),4),1)+1,"","","iki","üç","dört","beş","altı","yedi","sekiz","dokuz"),"")&IF(IF(LEN(TRIM(RIGHT(ROUND(E8,2),LEN(ROUND(E8,2))-FIND(",",ROUND(E8,2)))))<2,TRIM(RIGHT(ROUND(E8,2),LEN(ROUND(E8,2))-FIND(",",ROUND(E8,2))))*10,TRIM(RIGHT(ROUND(E8,2),LEN(ROUND(E8,2))-FIND(",",ROUND(E8,2))))*1)>=10,CHOOSE(LEFT(RIGHT(IF(LEN(TRIM(RIGHT(ROUND(E8,2),LEN(ROUND(E8,2))-FIND(",",ROUND(E8,2)))))<2,TRIM(RIGHT(ROUND(E8,2),LEN(ROUND(E8,2))-FIND(",",ROUND(E8,2))))*10,TRIM(RIGHT(ROUND(E8,2),LEN(ROUND(E8,2))-FIND(",",ROUND(E8,2))))*1),2),1)+1,"","on","yirmi","otuz","kırk","elli","altmış","yetmiş","seksen","doksan"),"")&CHOOSE(MOD(IF(LEN(TRIM(RIGHT(ROUND(E8,2),LEN(ROUND(E8,2))-FIND(",",ROUND(E8,2)))))<2,TRIM(RIGHT(ROUND(E8,2),LEN(ROUND(E8,2))-FIND(",",ROUND(E8,2))))*10,TRIM(RIGHT(ROUND(E8,2),LEN(ROUND(E8,2))-FIND(",",ROUND(E8,2))))*1),10)+1,"","bir","iki","üç","dört","beş","altı","yedi","sekiz","dokuz")) & " Kr") -> İkibin TL | G8: =G7 -> NAKDEN | H8: 6. Taksit
B9: 7 | C9: 44252 | D9: 44469 | E9: 2000 | F9: =PROPER(IF(IF(LEN(SUBSTITUTE(ROUND(E9,2), ",", ""))=LEN(ROUND(E9,2)),ROUND(E9,2),TRIM(LEFT(ROUND(E9,2),FIND(",",ROUND(E9,2))-1)))*1>=10^6,CHOOSE(LEFT(RIGHT(IF(LEN(SUBSTITUTE(ROUND(E9,2), ",", ""))=LEN(ROUND(E9,2)),ROUND(E9,2),TRIM(LEFT(ROUND(E9,2),FIND(",",ROUND(E9,2))-1)))*1,7),1)+1,"","birmilyon","ikimilyon","üçmilyon","dörtmilyon","beşmilyon","altımilyon","yedimilyon","sekizmilyon","dokuzmilyon"),"")&IF(IF(LEN(SUBSTITUTE(ROUND(E9,2), ",", ""))=LEN(ROUND(E9,2)),ROUND(E9,2),TRIM(LEFT(ROUND(E9,2),FIND(",",ROUND(E9,2))-1)))*1>=10^5,CHOOSE(LEFT(RIGHT(IF(LEN(SUBSTITUTE(ROUND(E9,2), ",", ""))=LEN(ROUND(E9,2)),ROUND(E9,2),TRIM(LEFT(ROUND(E9,2),FIND(",",ROUND(E9,2))-1)))*1,6),1)+1,"","yüz","ikiyüz","üçyüz","dörtyüz","beşyüz","altıyüz","yediyüz","sekizyüz","dokuzyüz"),"")&IF(IF(LEN(SUBSTITUTE(ROUND(E9,2), ",", ""))=LEN(ROUND(E9,2)),ROUND(E9,2),TRIM(LEFT(ROUND(E9,2),FIND(",",ROUND(E9,2))-1)))*1>=10^4,CHOOSE(LEFT(RIGHT(IF(LEN(SUBSTITUTE(ROUND(E9,2), ",", ""))=LEN(ROUND(E9,2)),ROUND(E9,2),TRIM(LEFT(ROUND(E9,2),FIND(",",ROUND(E9,2))-1)))*1,5),1)+1,"","on","yirmi","otuz","kırk","elli","altmış","yetmiş","seksen","doksan"),"")&IF(IF(LEN(SUBSTITUTE(ROUND(E9,2), ",", ""))=LEN(ROUND(E9,2)),ROUND(E9,2),TRIM(LEFT(ROUND(E9,2),FIND(",",ROUND(E9,2))-1)))*1>=10^3,CHOOSE(LEFT(RIGHT(IF(LEN(SUBSTITUTE(ROUND(E9,2), ",", ""))=LEN(ROUND(E9,2)),ROUND(E9,2),TRIM(LEFT(ROUND(E9,2),FIND(",",ROUND(E9,2))-1)))*1,4),1)+1,"","","iki","üç","dört","beş","altı","yedi","sekiz","dokuz"),"")&IF(AND(IF(LEN(SUBSTITUTE(ROUND(E9,2), ",", ""))=LEN(ROUND(E9,2)),ROUND(E9,2),TRIM(LEFT(ROUND(E9,2),FIND(",",ROUND(E9,2))-1)))*1>=10^3,VALUE(LEFT(RIGHT(IF(LEN(SUBSTITUTE(ROUND(E9,2), ",", ""))=LEN(ROUND(E9,2)),ROUND(E9,2),TRIM(LEFT(ROUND(E9,2),FIND(",",ROUND(E9,2))-1)))*1,6),3))>0),IF(AND(IF(LEN(SUBSTITUTE(ROUND(E9,2), ",", ""))=LEN(ROUND(E9,2)),ROUND(E9,2),TRIM(LEFT(ROUND(E9,2),FIND(",",ROUND(E9,2))-1)))*1>1999,LEFT(RIGHT(IF(LEN(SUBSTITUTE(ROUND(E9,2), ",", ""))=LEN(ROUND(E9,2)),ROUND(E9,2),TRIM(LEFT(ROUND(E9,2),FIND(",",ROUND(E9,2))-1)))*1,4),1)="1",LEFT(RIGHT(IF(LEN(SUBSTITUTE(ROUND(E9,2), ",", ""))=LEN(ROUND(E9,2)),ROUND(E9,2),TRIM(LEFT(ROUND(E9,2),FIND(",",ROUND(E9,2))-1)))*1,6),2)<>"00"),"birbin","bin"),"")&IF(IF(LEN(SUBSTITUTE(ROUND(E9,2), ",", ""))=LEN(ROUND(E9,2)),ROUND(E9,2),TRIM(LEFT(ROUND(E9,2),FIND(",",ROUND(E9,2))-1)))*1>=100,CHOOSE(LEFT(RIGHT(IF(LEN(SUBSTITUTE(ROUND(E9,2), ",", ""))=LEN(ROUND(E9,2)),ROUND(E9,2),TRIM(LEFT(ROUND(E9,2),FIND(",",ROUND(E9,2))-1)))*1,3),1)+1,"","yüz","ikiyüz","üçyüz","dörtyüz","beşyüz","altıyüz","yediyüz","sekizyüz","dokuzyüz"),"")&IF(IF(LEN(SUBSTITUTE(ROUND(E9,2), ",", ""))=LEN(ROUND(E9,2)),ROUND(E9,2),TRIM(LEFT(ROUND(E9,2),FIND(",",ROUND(E9,2))-1)))*1>=10,CHOOSE(LEFT(RIGHT(IF(LEN(SUBSTITUTE(ROUND(E9,2), ",", ""))=LEN(ROUND(E9,2)),ROUND(E9,2),TRIM(LEFT(ROUND(E9,2),FIND(",",ROUND(E9,2))-1)))*1,2),1)+1,"","on","yirmi","otuz","kırk","elli","altmış","yetmiş","seksen","doksan"),"")&CHOOSE(MOD(IF(LEN(SUBSTITUTE(ROUND(E9,2), ",", ""))=LEN(ROUND(E9,2)),ROUND(E9,2),TRIM(LEFT(ROUND(E9,2),FIND(",",ROUND(E9,2))-1)))*1,10)+1,"","bir","iki","üç","dört","beş","altı","yedi","sekiz","dokuz")) & " TL " & IF(OR(LEN(SUBSTITUTE(E9, ",", ""))=LEN(E9),LEN(SUBSTITUTE(ROUND(E9,2), ",", ""))=LEN(ROUND(E9,2))),"", PROPER(IF(IF(LEN(TRIM(RIGHT(ROUND(E9,2),LEN(ROUND(E9,2))-FIND(",",ROUND(E9,2)))))<2,TRIM(RIGHT(ROUND(E9,2),LEN(ROUND(E9,2))-FIND(",",ROUND(E9,2))))*10,TRIM(RIGHT(ROUND(E9,2),LEN(ROUND(E9,2))-FIND(",",ROUND(E9,2))))*1)>=10^5,CHOOSE(LEFT(RIGHT(IF(LEN(TRIM(RIGHT(ROUND(E9,2),LEN(ROUND(E9,2))-FIND(",",ROUND(E9,2)))))<2,TRIM(RIGHT(ROUND(E9,2),LEN(ROUND(E9,2))-FIND(",",ROUND(E9,2))))*10,TRIM(RIGHT(ROUND(E9,2),LEN(ROUND(E9,2))-FIND(",",ROUND(E9,2))))*1),6),1)+1,"","yüz","ikiyüz","üçyüz","dörtyüz","beşyüz","altıyüz","yediyüz","sekizyüz","dokuzyüz"),"")&IF(IF(LEN(TRIM(RIGHT(ROUND(E9,2),LEN(ROUND(E9,2))-FIND(",",ROUND(E9,2)))))<2,TRIM(RIGHT(ROUND(E9,2),LEN(ROUND(E9,2))-FIND(",",ROUND(E9,2))))*10,TRIM(RIGHT(ROUND(E9,2),LEN(ROUND(E9,2))-FIND(",",ROUND(E9,2))))*1)>=10^4,CHOOSE(LEFT(RIGHT(IF(LEN(TRIM(RIGHT(ROUND(E9,2),LEN(ROUND(E9,2))-FIND(",",ROUND(E9,2)))))<2,TRIM(RIGHT(ROUND(E9,2),LEN(ROUND(E9,2))-FIND(",",ROUND(E9,2))))*10,TRIM(RIGHT(ROUND(E9,2),LEN(ROUND(E9,2))-FIND(",",ROUND(E9,2))))*1),5),1)+1,"","on","yirmi","otuz","kırk","elli","altmış","yetmiş","seksen","doksan"),"")&IF(IF(LEN(TRIM(RIGHT(ROUND(E9,2),LEN(ROUND(E9,2))-FIND(",",ROUND(E9,2)))))<2,TRIM(RIGHT(ROUND(E9,2),LEN(ROUND(E9,2))-FIND(",",ROUND(E9,2))))*10,TRIM(RIGHT(ROUND(E9,2),LEN(ROUND(E9,2))-FIND(",",ROUND(E9,2))))*1)>=10^3,CHOOSE(LEFT(RIGHT(IF(LEN(TRIM(RIGHT(ROUND(E9,2),LEN(ROUND(E9,2))-FIND(",",ROUND(E9,2)))))<2,TRIM(RIGHT(ROUND(E9,2),LEN(ROUND(E9,2))-FIND(",",ROUND(E9,2))))*10,TRIM(RIGHT(ROUND(E9,2),LEN(ROUND(E9,2))-FIND(",",ROUND(E9,2))))*1),4),1)+1,"","","iki","üç","dört","beş","altı","yedi","sekiz","dokuz"),"")&IF(IF(LEN(TRIM(RIGHT(ROUND(E9,2),LEN(ROUND(E9,2))-FIND(",",ROUND(E9,2)))))<2,TRIM(RIGHT(ROUND(E9,2),LEN(ROUND(E9,2))-FIND(",",ROUND(E9,2))))*10,TRIM(RIGHT(ROUND(E9,2),LEN(ROUND(E9,2))-FIND(",",ROUND(E9,2))))*1)>=10,CHOOSE(LEFT(RIGHT(IF(LEN(TRIM(RIGHT(ROUND(E9,2),LEN(ROUND(E9,2))-FIND(",",ROUND(E9,2)))))<2,TRIM(RIGHT(ROUND(E9,2),LEN(ROUND(E9,2))-FIND(",",ROUND(E9,2))))*10,TRIM(RIGHT(ROUND(E9,2),LEN(ROUND(E9,2))-FIND(",",ROUND(E9,2))))*1),2),1)+1,"","on","yirmi","otuz","kırk","elli","altmış","yetmiş","seksen","doksan"),"")&CHOOSE(MOD(IF(LEN(TRIM(RIGHT(ROUND(E9,2),LEN(ROUND(E9,2))-FIND(",",ROUND(E9,2)))))<2,TRIM(RIGHT(ROUND(E9,2),LEN(ROUND(E9,2))-FIND(",",ROUND(E9,2))))*10,TRIM(RIGHT(ROUND(E9,2),LEN(ROUND(E9,2))-FIND(",",ROUND(E9,2))))*1),10)+1,"","bir","iki","üç","dört","beş","altı","yedi","sekiz","dokuz")) & " Kr") -> İkibin TL | G9: =G8 -> NAKDEN | H9: 7. Taksit
B10: 8 | C10: 44252 | D10: 44499 | E10: 2000 | F10: =PROPER(IF(IF(LEN(SUBSTITUTE(ROUND(E10,2), ",", ""))=LEN(ROUND(E10,2)),ROUND(E10,2),TRIM(LEFT(ROUND(E10,2),FIND(",",ROUND(E10,2))-1)))*1>=10^6,CHOOSE(LEFT(RIGHT(IF(LEN(SUBSTITUTE(ROUND(E10,2), ",", ""))=LEN(ROUND(E10,2)),ROUND(E10,2),TRIM(LEFT(ROUND(E10,2),FIND(",",ROUND(E10,2))-1)))*1,7),1)+1,"","birmilyon","ikimilyon","üçmilyon","dörtmilyon","beşmilyon","altımilyon","yedimilyon","sekizmilyon","dokuzmilyon"),"")&IF(IF(LEN(SUBSTITUTE(ROUND(E10,2), ",", ""))=LEN(ROUND(E10,2)),ROUND(E10,2),TRIM(LEFT(ROUND(E10,2),FIND(",",ROUND(E10,2))-1)))*1>=10^5,CHOOSE(LEFT(RIGHT(IF(LEN(SUBSTITUTE(ROUND(E10,2), ",", ""))=LEN(ROUND(E10,2)),ROUND(E10,2),TRIM(LEFT(ROUND(E10,2),FIND(",",ROUND(E10,2))-1)))*1,6),1)+1,"","yüz","ikiyüz","üçyüz","dörtyüz","beşyüz","altıyüz","yediyüz","sekizyüz","dokuzyüz"),"")&IF(IF(LEN(SUBSTITUTE(ROUND(E10,2), ",", ""))=LEN(ROUND(E10,2)),ROUND(E10,2),TRIM(LEFT(ROUND(E10,2),FIND(",",ROUND(E10,2))-1)))*1>=10^4,CHOOSE(LEFT(RIGHT(IF(LEN(SUBSTITUTE(ROUND(E10,2), ",", ""))=LEN(ROUND(E10,2)),ROUND(E10,2),TRIM(LEFT(ROUND(E10,2),FIND(",",ROUND(E10,2))-1)))*1,5),1)+1,"","on","yirmi","otuz","kırk","elli","altmış","yetmiş","seksen","doksan"),"")&IF(IF(LEN(SUBSTITUTE(ROUND(E10,2), ",", ""))=LEN(ROUND(E10,2)),ROUND(E10,2),TRIM(LEFT(ROUND(E10,2),FIND(",",ROUND(E10,2))-1)))*1>=10^3,CHOOSE(LEFT(RIGHT(IF(LEN(SUBSTITUTE(ROUND(E10,2), ",", ""))=LEN(ROUND(E10,2)),ROUND(E10,2),TRIM(LEFT(ROUND(E10,2),FIND(",",ROUND(E10,2))-1)))*1,4),1)+1,"","","iki","üç","dört","beş","altı","yedi","sekiz","dokuz"),"")&IF(AND(IF(LEN(SUBSTITUTE(ROUND(E10,2), ",", ""))=LEN(ROUND(E10,2)),ROUND(E10,2),TRIM(LEFT(ROUND(E10,2),FIND(",",ROUND(E10,2))-1)))*1>=10^3,VALUE(LEFT(RIGHT(IF(LEN(SUBSTITUTE(ROUND(E10,2), ",", ""))=LEN(ROUND(E10,2)),ROUND(E10,2),TRIM(LEFT(ROUND(E10,2),FIND(",",ROUND(E10,2))-1)))*1,6),3))>0),IF(AND(IF(LEN(SUBSTITUTE(ROUND(E10,2), ",", ""))=LEN(ROUND(E10,2)),ROUND(E10,2),TRIM(LEFT(ROUND(E10,2),FIND(",",ROUND(E10,2))-1)))*1>1999,LEFT(RIGHT(IF(LEN(SUBSTITUTE(ROUND(E10,2), ",", ""))=LEN(ROUND(E10,2)),ROUND(E10,2),TRIM(LEFT(ROUND(E10,2),FIND(",",ROUND(E10,2))-1)))*1,4),1)="1",LEFT(RIGHT(IF(LEN(SUBSTITUTE(ROUND(E10,2), ",", ""))=LEN(ROUND(E10,2)),ROUND(E10,2),TRIM(LEFT(ROUND(E10,2),FIND(",",ROUND(E10,2))-1)))*1,6),2)<>"00"),"birbin","bin"),"")&IF(IF(LEN(SUBSTITUTE(ROUND(E10,2), ",", ""))=LEN(ROUND(E10,2)),ROUND(E10,2),TRIM(LEFT(ROUND(E10,2),FIND(",",ROUND(E10,2))-1)))*1>=100,CHOOSE(LEFT(RIGHT(IF(LEN(SUBSTITUTE(ROUND(E10,2), ",", ""))=LEN(ROUND(E10,2)),ROUND(E10,2),TRIM(LEFT(ROUND(E10,2),FIND(",",ROUND(E10,2))-1)))*1,3),1)+1,"","yüz","ikiyüz","üçyüz","dörtyüz","beşyüz","altıyüz","yediyüz","sekizyüz","dokuzyüz"),"")&IF(IF(LEN(SUBSTITUTE(ROUND(E10,2), ",", ""))=LEN(ROUND(E10,2)),ROUND(E10,2),TRIM(LEFT(ROUND(E10,2),FIND(",",ROUND(E10,2))-1)))*1>=10,CHOOSE(LEFT(RIGHT(IF(LEN(SUBSTITUTE(ROUND(E10,2), ",", ""))=LEN(ROUND(E10,2)),ROUND(E10,2),TRIM(LEFT(ROUND(E10,2),FIND(",",ROUND(E10,2))-1)))*1,2),1)+1,"","on","yirmi","otuz","kırk","elli","altmış","yetmiş","seksen","doksan"),"")&CHOOSE(MOD(IF(LEN(SUBSTITUTE(ROUND(E10,2), ",", ""))=LEN(ROUND(E10,2)),ROUND(E10,2),TRIM(LEFT(ROUND(E10,2),FIND(",",ROUND(E10,2))-1)))*1,10)+1,"","bir","iki","üç","dört","beş","altı","yedi","sekiz","dokuz")) & " TL " & IF(OR(LEN(SUBSTITUTE(E10, ",", ""))=LEN(E10),LEN(SUBSTITUTE(ROUND(E10,2), ",", ""))=LEN(ROUND(E10,2))),"", PROPER(IF(IF(LEN(TRIM(RIGHT(ROUND(E10,2),LEN(ROUND(E10,2))-FIND(",",ROUND(E10,2)))))<2,TRIM(RIGHT(ROUND(E10,2),LEN(ROUND(E10,2))-FIND(",",ROUND(E10,2))))*10,TRIM(RIGHT(ROUND(E10,2),LEN(ROUND(E10,2))-FIND(",",ROUND(E10,2))))*1)>=10^5,CHOOSE(LEFT(RIGHT(IF(LEN(TRIM(RIGHT(ROUND(E10,2),LEN(ROUND(E10,2))-FIND(",",ROUND(E10,2)))))<2,TRIM(RIGHT(ROUND(E10,2),LEN(ROUND(E10,2))-FIND(",",ROUND(E10,2))))*10,TRIM(RIGHT(ROUND(E10,2),LEN(ROUND(E10,2))-FIND(",",ROUND(E10,2))))*1),6),1)+1,"","yüz","ikiyüz","üçyüz","dörtyüz","beşyüz","altıyüz","yediyüz","sekizyüz","dokuzyüz"),"")&IF(IF(LEN(TRIM(RIGHT(ROUND(E10,2),LEN(ROUND(E10,2))-FIND(",",ROUND(E10,2)))))<2,TRIM(RIGHT(ROUND(E10,2),LEN(ROUND(E10,2))-FIND(",",ROUND(E10,2))))*10,TRIM(RIGHT(ROUND(E10,2),LEN(ROUND(E10,2))-FIND(",",ROUND(E10,2))))*1)>=10^4,CHOOSE(LEFT(RIGHT(IF(LEN(TRIM(RIGHT(ROUND(E10,2),LEN(ROUND(E10,2))-FIND(",",ROUND(E10,2)))))<2,TRIM(RIGHT(ROUND(E10,2),LEN(ROUND(E10,2))-FIND(",",ROUND(E10,2))))*10,TRIM(RIGHT(ROUND(E10,2),LEN(ROUND(E10,2))-FIND(",",ROUND(E10,2))))*1),5),1)+1,"","on","yirmi","otuz","kırk","elli","altmış","yetmiş","seksen","doksan"),"")&IF(IF(LEN(TRIM(RIGHT(ROUND(E10,2),LEN(ROUND(E10,2))-FIND(",",ROUND(E10,2)))))<2,TRIM(RIGHT(ROUND(E10,2),LEN(ROUND(E10,2))-FIND(",",ROUND(E10,2))))*10,TRIM(RIGHT(ROUND(E10,2),LEN(ROUND(E10,2))-FIND(",",ROUND(E10,2))))*1)>=10^3,CHOOSE(LEFT(RIGHT(IF(LEN(TRIM(RIGHT(ROUND(E10,2),LEN(ROUND(E10,2))-FIND(",",ROUND(E10,2)))))<2,TRIM(RIGHT(ROUND(E10,2),LEN(ROUND(E10,2))-FIND(",",ROUND(E10,2))))*10,TRIM(RIGHT(ROUND(E10,2),LEN(ROUND(E10,2))-FIND(",",ROUND(E10,2))))*1),4),1)+1,"","","iki","üç","dört","beş","altı","yedi","sekiz","dokuz"),"")&IF(IF(LEN(TRIM(RIGHT(ROUND(E10,2),LEN(ROUND(E10,2))-FIND(",",ROUND(E10,2)))))<2,TRIM(RIGHT(ROUND(E10,2),LEN(ROUND(E10,2))-FIND(",",ROUND(E10,2))))*10,TRIM(RIGHT(ROUND(E10,2),LEN(ROUND(E10,2))-FIND(",",ROUND(E10,2))))*1)>=10,CHOOSE(LEFT(RIGHT(IF(LEN(TRIM(RIGHT(ROUND(E10,2),LEN(ROUND(E10,2))-FIND(",",ROUND(E10,2)))))<2,TRIM(RIGHT(ROUND(E10,2),LEN(ROUND(E10,2))-FIND(",",ROUND(E10,2))))*10,TRIM(RIGHT(ROUND(E10,2),LEN(ROUND(E10,2))-FIND(",",ROUND(E10,2))))*1),2),1)+1,"","on","yirmi","otuz","kırk","elli","altmış","yetmiş","seksen","doksan"),"")&CHOOSE(MOD(IF(LEN(TRIM(RIGHT(ROUND(E10,2),LEN(ROUND(E10,2))-FIND(",",ROUND(E10,2)))))<2,TRIM(RIGHT(ROUND(E10,2),LEN(ROUND(E10,2))-FIND(",",ROUND(E10,2))))*10,TRIM(RIGHT(ROUND(E10,2),LEN(ROUND(E10,2))-FIND(",",ROUND(E10,2))))*1),10)+1,"","bir","iki","üç","dört","beş","altı","yedi","sekiz","dokuz")) & " Kr") -> İkibin TL | G10: =G9 -> NAKDEN | H10: 8. Taksit
B11: 9 | C11: 44252 | D11: 44530 | E11: 2000 | F11: =PROPER(IF(IF(LEN(SUBSTITUTE(ROUND(E11,2), ",", ""))=LEN(ROUND(E11,2)),ROUND(E11,2),TRIM(LEFT(ROUND(E11,2),FIND(",",ROUND(E11,2))-1)))*1>=10^6,CHOOSE(LEFT(RIGHT(IF(LEN(SUBSTITUTE(ROUND(E11,2), ",", ""))=LEN(ROUND(E11,2)),ROUND(E11,2),TRIM(LEFT(ROUND(E11,2),FIND(",",ROUND(E11,2))-1)))*1,7),1)+1,"","birmilyon","ikimilyon","üçmilyon","dörtmilyon","beşmilyon","altımilyon","yedimilyon","sekizmilyon","dokuzmilyon"),"")&IF(IF(LEN(SUBSTITUTE(ROUND(E11,2), ",", ""))=LEN(ROUND(E11,2)),ROUND(E11,2),TRIM(LEFT(ROUND(E11,2),FIND(",",ROUND(E11,2))-1)))*1>=10^5,CHOOSE(LEFT(RIGHT(IF(LEN(SUBSTITUTE(ROUND(E11,2), ",", ""))=LEN(ROUND(E11,2)),ROUND(E11,2),TRIM(LEFT(ROUND(E11,2),FIND(",",ROUND(E11,2))-1)))*1,6),1)+1,"","yüz","ikiyüz","üçyüz","dörtyüz","beşyüz","altıyüz","yediyüz","sekizyüz","dokuzyüz"),"")&IF(IF(LEN(SUBSTITUTE(ROUND(E11,2), ",", ""))=LEN(ROUND(E11,2)),ROUND(E11,2),TRIM(LEFT(ROUND(E11,2),FIND(",",ROUND(E11,2))-1)))*1>=10^4,CHOOSE(LEFT(RIGHT(IF(LEN(SUBSTITUTE(ROUND(E11,2), ",", ""))=LEN(ROUND(E11,2)),ROUND(E11,2),TRIM(LEFT(ROUND(E11,2),FIND(",",ROUND(E11,2))-1)))*1,5),1)+1,"","on","yirmi","otuz","kırk","elli","altmış","yetmiş","seksen","doksan"),"")&IF(IF(LEN(SUBSTITUTE(ROUND(E11,2), ",", ""))=LEN(ROUND(E11,2)),ROUND(E11,2),TRIM(LEFT(ROUND(E11,2),FIND(",",ROUND(E11,2))-1)))*1>=10^3,CHOOSE(LEFT(RIGHT(IF(LEN(SUBSTITUTE(ROUND(E11,2), ",", ""))=LEN(ROUND(E11,2)),ROUND(E11,2),TRIM(LEFT(ROUND(E11,2),FIND(",",ROUND(E11,2))-1)))*1,4),1)+1,"","","iki","üç","dört","beş","altı","yedi","sekiz","dokuz"),"")&IF(AND(IF(LEN(SUBSTITUTE(ROUND(E11,2), ",", ""))=LEN(ROUND(E11,2)),ROUND(E11,2),TRIM(LEFT(ROUND(E11,2),FIND(",",ROUND(E11,2))-1)))*1>=10^3,VALUE(LEFT(RIGHT(IF(LEN(SUBSTITUTE(ROUND(E11,2), ",", ""))=LEN(ROUND(E11,2)),ROUND(E11,2),TRIM(LEFT(ROUND(E11,2),FIND(",",ROUND(E11,2))-1)))*1,6),3))>0),IF(AND(IF(LEN(SUBSTITUTE(ROUND(E11,2), ",", ""))=LEN(ROUND(E11,2)),ROUND(E11,2),TRIM(LEFT(ROUND(E11,2),FIND(",",ROUND(E11,2))-1)))*1>1999,LEFT(RIGHT(IF(LEN(SUBSTITUTE(ROUND(E11,2), ",", ""))=LEN(ROUND(E11,2)),ROUND(E11,2),TRIM(LEFT(ROUND(E11,2),FIND(",",ROUND(E11,2))-1)))*1,4),1)="1",LEFT(RIGHT(IF(LEN(SUBSTITUTE(ROUND(E11,2), ",", ""))=LEN(ROUND(E11,2)),ROUND(E11,2),TRIM(LEFT(ROUND(E11,2),FIND(",",ROUND(E11,2))-1)))*1,6),2)<>"00"),"birbin","bin"),"")&IF(IF(LEN(SUBSTITUTE(ROUND(E11,2), ",", ""))=LEN(ROUND(E11,2)),ROUND(E11,2),TRIM(LEFT(ROUND(E11,2),FIND(",",ROUND(E11,2))-1)))*1>=100,CHOOSE(LEFT(RIGHT(IF(LEN(SUBSTITUTE(ROUND(E11,2), ",", ""))=LEN(ROUND(E11,2)),ROUND(E11,2),TRIM(LEFT(ROUND(E11,2),FIND(",",ROUND(E11,2))-1)))*1,3),1)+1,"","yüz","ikiyüz","üçyüz","dörtyüz","beşyüz","altıyüz","yediyüz","sekizyüz","dokuzyüz"),"")&IF(IF(LEN(SUBSTITUTE(ROUND(E11,2), ",", ""))=LEN(ROUND(E11,2)),ROUND(E11,2),TRIM(LEFT(ROUND(E11,2),FIND(",",ROUND(E11,2))-1)))*1>=10,CHOOSE(LEFT(RIGHT(IF(LEN(SUBSTITUTE(ROUND(E11,2), ",", ""))=LEN(ROUND(E11,2)),ROUND(E11,2),TRIM(LEFT(ROUND(E11,2),FIND(",",ROUND(E11,2))-1)))*1,2),1)+1,"","on","yirmi","otuz","kırk","elli","altmış","yetmiş","seksen","doksan"),"")&CHOOSE(MOD(IF(LEN(SUBSTITUTE(ROUND(E11,2), ",", ""))=LEN(ROUND(E11,2)),ROUND(E11,2),TRIM(LEFT(ROUND(E11,2),FIND(",",ROUND(E11,2))-1)))*1,10)+1,"","bir","iki","üç","dört","beş","altı","yedi","sekiz","dokuz")) & " TL " & IF(OR(LEN(SUBSTITUTE(E11, ",", ""))=LEN(E11),LEN(SUBSTITUTE(ROUND(E11,2), ",", ""))=LEN(ROUND(E11,2))),"", PROPER(IF(IF(LEN(TRIM(RIGHT(ROUND(E11,2),LEN(ROUND(E11,2))-FIND(",",ROUND(E11,2)))))<2,TRIM(RIGHT(ROUND(E11,2),LEN(ROUND(E11,2))-FIND(",",ROUND(E11,2))))*10,TRIM(RIGHT(ROUND(E11,2),LEN(ROUND(E11,2))-FIND(",",ROUND(E11,2))))*1)>=10^5,CHOOSE(LEFT(RIGHT(IF(LEN(TRIM(RIGHT(ROUND(E11,2),LEN(ROUND(E11,2))-FIND(",",ROUND(E11,2)))))<2,TRIM(RIGHT(ROUND(E11,2),LEN(ROUND(E11,2))-FIND(",",ROUND(E11,2))))*10,TRIM(RIGHT(ROUND(E11,2),LEN(ROUND(E11,2))-FIND(",",ROUND(E11,2))))*1),6),1)+1,"","yüz","ikiyüz","üçyüz","dörtyüz","beşyüz","altıyüz","yediyüz","sekizyüz","dokuzyüz"),"")&IF(IF(LEN(TRIM(RIGHT(ROUND(E11,2),LEN(ROUND(E11,2))-FIND(",",ROUND(E11,2)))))<2,TRIM(RIGHT(ROUND(E11,2),LEN(ROUND(E11,2))-FIND(",",ROUND(E11,2))))*10,TRIM(RIGHT(ROUND(E11,2),LEN(ROUND(E11,2))-FIND(",",ROUND(E11,2))))*1)>=10^4,CHOOSE(LEFT(RIGHT(IF(LEN(TRIM(RIGHT(ROUND(E11,2),LEN(ROUND(E11,2))-FIND(",",ROUND(E11,2)))))<2,TRIM(RIGHT(ROUND(E11,2),LEN(ROUND(E11,2))-FIND(",",ROUND(E11,2))))*10,TRIM(RIGHT(ROUND(E11,2),LEN(ROUND(E11,2))-FIND(",",ROUND(E11,2))))*1),5),1)+1,"","on","yirmi","otuz","kırk","elli","altmış","yetmiş","seksen","doksan"),"")&IF(IF(LEN(TRIM(RIGHT(ROUND(E11,2),LEN(ROUND(E11,2))-FIND(",",ROUND(E11,2)))))<2,TRIM(RIGHT(ROUND(E11,2),LEN(ROUND(E11,2))-FIND(",",ROUND(E11,2))))*10,TRIM(RIGHT(ROUND(E11,2),LEN(ROUND(E11,2))-FIND(",",ROUND(E11,2))))*1)>=10^3,CHOOSE(LEFT(RIGHT(IF(LEN(TRIM(RIGHT(ROUND(E11,2),LEN(ROUND(E11,2))-FIND(",",ROUND(E11,2)))))<2,TRIM(RIGHT(ROUND(E11,2),LEN(ROUND(E11,2))-FIND(",",ROUND(E11,2))))*10,TRIM(RIGHT(ROUND(E11,2),LEN(ROUND(E11,2))-FIND(",",ROUND(E11,2))))*1),4),1)+1,"","","iki","üç","dört","beş","altı","yedi","sekiz","dokuz"),"")&IF(IF(LEN(TRIM(RIGHT(ROUND(E11,2),LEN(ROUND(E11,2))-FIND(",",ROUND(E11,2)))))<2,TRIM(RIGHT(ROUND(E11,2),LEN(ROUND(E11,2))-FIND(",",ROUND(E11,2))))*10,TRIM(RIGHT(ROUND(E11,2),LEN(ROUND(E11,2))-FIND(",",ROUND(E11,2))))*1)>=10,CHOOSE(LEFT(RIGHT(IF(LEN(TRIM(RIGHT(ROUND(E11,2),LEN(ROUND(E11,2))-FIND(",",ROUND(E11,2)))))<2,TRIM(RIGHT(ROUND(E11,2),LEN(ROUND(E11,2))-FIND(",",ROUND(E11,2))))*10,TRIM(RIGHT(ROUND(E11,2),LEN(ROUND(E11,2))-FIND(",",ROUND(E11,2))))*1),2),1)+1,"","on","yirmi","otuz","kırk","elli","altmış","yetmiş","seksen","doksan"),"")&CHOOSE(MOD(IF(LEN(TRIM(RIGHT(ROUND(E11,2),LEN(ROUND(E11,2))-FIND(",",ROUND(E11,2)))))<2,TRIM(RIGHT(ROUND(E11,2),LEN(ROUND(E11,2))-FIND(",",ROUND(E11,2))))*10,TRIM(RIGHT(ROUND(E11,2),LEN(ROUND(E11,2))-FIND(",",ROUND(E11,2))))*1),10)+1,"","bir","iki","üç","dört","beş","altı","yedi","sekiz","dokuz")) & " Kr") -> İkibin TL | G11: =G10 -> NAKDEN | H11: 9. Taksit
B12: 10 | C12: 44252 | D12: 44560 | E12: 2000 | F12: =PROPER(IF(IF(LEN(SUBSTITUTE(ROUND(E12,2), ",", ""))=LEN(ROUND(E12,2)),ROUND(E12,2),TRIM(LEFT(ROUND(E12,2),FIND(",",ROUND(E12,2))-1)))*1>=10^6,CHOOSE(LEFT(RIGHT(IF(LEN(SUBSTITUTE(ROUND(E12,2), ",", ""))=LEN(ROUND(E12,2)),ROUND(E12,2),TRIM(LEFT(ROUND(E12,2),FIND(",",ROUND(E12,2))-1)))*1,7),1)+1,"","birmilyon","ikimilyon","üçmilyon","dörtmilyon","beşmilyon","altımilyon","yedimilyon","sekizmilyon","dokuzmilyon"),"")&IF(IF(LEN(SUBSTITUTE(ROUND(E12,2), ",", ""))=LEN(ROUND(E12,2)),ROUND(E12,2),TRIM(LEFT(ROUND(E12,2),FIND(",",ROUND(E12,2))-1)))*1>=10^5,CHOOSE(LEFT(RIGHT(IF(LEN(SUBSTITUTE(ROUND(E12,2), ",", ""))=LEN(ROUND(E12,2)),ROUND(E12,2),TRIM(LEFT(ROUND(E12,2),FIND(",",ROUND(E12,2))-1)))*1,6),1)+1,"","yüz","ikiyüz","üçyüz","dörtyüz","beşyüz","altıyüz","yediyüz","sekizyüz","dokuzyüz"),"")&IF(IF(LEN(SUBSTITUTE(ROUND(E12,2), ",", ""))=LEN(ROUND(E12,2)),ROUND(E12,2),TRIM(LEFT(ROUND(E12,2),FIND(",",ROUND(E12,2))-1)))*1>=10^4,CHOOSE(LEFT(RIGHT(IF(LEN(SUBSTITUTE(ROUND(E12,2), ",", ""))=LEN(ROUND(E12,2)),ROUND(E12,2),TRIM(LEFT(ROUND(E12,2),FIND(",",ROUND(E12,2))-1)))*1,5),1)+1,"","on","yirmi","otuz","kırk","elli","altmış","yetmiş","seksen","doksan"),"")&IF(IF(LEN(SUBSTITUTE(ROUND(E12,2), ",", ""))=LEN(ROUND(E12,2)),ROUND(E12,2),TRIM(LEFT(ROUND(E12,2),FIND(",",ROUND(E12,2))-1)))*1>=10^3,CHOOSE(LEFT(RIGHT(IF(LEN(SUBSTITUTE(ROUND(E12,2), ",", ""))=LEN(ROUND(E12,2)),ROUND(E12,2),TRIM(LEFT(ROUND(E12,2),FIND(",",ROUND(E12,2))-1)))*1,4),1)+1,"","","iki","üç","dört","beş","altı","yedi","sekiz","dokuz"),"")&IF(AND(IF(LEN(SUBSTITUTE(ROUND(E12,2), ",", ""))=LEN(ROUND(E12,2)),ROUND(E12,2),TRIM(LEFT(ROUND(E12,2),FIND(",",ROUND(E12,2))-1)))*1>=10^3,VALUE(LEFT(RIGHT(IF(LEN(SUBSTITUTE(ROUND(E12,2), ",", ""))=LEN(ROUND(E12,2)),ROUND(E12,2),TRIM(LEFT(ROUND(E12,2),FIND(",",ROUND(E12,2))-1)))*1,6),3))>0),IF(AND(IF(LEN(SUBSTITUTE(ROUND(E12,2), ",", ""))=LEN(ROUND(E12,2)),ROUND(E12,2),TRIM(LEFT(ROUND(E12,2),FIND(",",ROUND(E12,2))-1)))*1>1999,LEFT(RIGHT(IF(LEN(SUBSTITUTE(ROUND(E12,2), ",", ""))=LEN(ROUND(E12,2)),ROUND(E12,2),TRIM(LEFT(ROUND(E12,2),FIND(",",ROUND(E12,2))-1)))*1,4),1)="1",LEFT(RIGHT(IF(LEN(SUBSTITUTE(ROUND(E12,2), ",", ""))=LEN(ROUND(E12,2)),ROUND(E12,2),TRIM(LEFT(ROUND(E12,2),FIND(",",ROUND(E12,2))-1)))*1,6),2)<>"00"),"birbin","bin"),"")&IF(IF(LEN(SUBSTITUTE(ROUND(E12,2), ",", ""))=LEN(ROUND(E12,2)),ROUND(E12,2),TRIM(LEFT(ROUND(E12,2),FIND(",",ROUND(E12,2))-1)))*1>=100,CHOOSE(LEFT(RIGHT(IF(LEN(SUBSTITUTE(ROUND(E12,2), ",", ""))=LEN(ROUND(E12,2)),ROUND(E12,2),TRIM(LEFT(ROUND(E12,2),FIND(",",ROUND(E12,2))-1)))*1,3),1)+1,"","yüz","ikiyüz","üçyüz","dörtyüz","beşyüz","altıyüz","yediyüz","sekizyüz","dokuzyüz"),"")&IF(IF(LEN(SUBSTITUTE(ROUND(E12,2), ",", ""))=LEN(ROUND(E12,2)),ROUND(E12,2),TRIM(LEFT(ROUND(E12,2),FIND(",",ROUND(E12,2))-1)))*1>=10,CHOOSE(LEFT(RIGHT(IF(LEN(SUBSTITUTE(ROUND(E12,2), ",", ""))=LEN(ROUND(E12,2)),ROUND(E12,2),TRIM(LEFT(ROUND(E12,2),FIND(",",ROUND(E12,2))-1)))*1,2),1)+1,"","on","yirmi","otuz","kırk","elli","altmış","yetmiş","seksen","doksan"),"")&CHOOSE(MOD(IF(LEN(SUBSTITUTE(ROUND(E12,2), ",", ""))=LEN(ROUND(E12,2)),ROUND(E12,2),TRIM(LEFT(ROUND(E12,2),FIND(",",ROUND(E12,2))-1)))*1,10)+1,"","bir","iki","üç","dört","beş","altı","yedi","sekiz","dokuz")) & " TL " & IF(OR(LEN(SUBSTITUTE(E12, ",", ""))=LEN(E12),LEN(SUBSTITUTE(ROUND(E12,2), ",", ""))=LEN(ROUND(E12,2))),"", PROPER(IF(IF(LEN(TRIM(RIGHT(ROUND(E12,2),LEN(ROUND(E12,2))-FIND(",",ROUND(E12,2)))))<2,TRIM(RIGHT(ROUND(E12,2),LEN(ROUND(E12,2))-FIND(",",ROUND(E12,2))))*10,TRIM(RIGHT(ROUND(E12,2),LEN(ROUND(E12,2))-FIND(",",ROUND(E12,2))))*1)>=10^5,CHOOSE(LEFT(RIGHT(IF(LEN(TRIM(RIGHT(ROUND(E12,2),LEN(ROUND(E12,2))-FIND(",",ROUND(E12,2)))))<2,TRIM(RIGHT(ROUND(E12,2),LEN(ROUND(E12,2))-FIND(",",ROUND(E12,2))))*10,TRIM(RIGHT(ROUND(E12,2),LEN(ROUND(E12,2))-FIND(",",ROUND(E12,2))))*1),6),1)+1,"","yüz","ikiyüz","üçyüz","dörtyüz","beşyüz","altıyüz","yediyüz","sekizyüz","dokuzyüz"),"")&IF(IF(LEN(TRIM(RIGHT(ROUND(E12,2),LEN(ROUND(E12,2))-FIND(",",ROUND(E12,2)))))<2,TRIM(RIGHT(ROUND(E12,2),LEN(ROUND(E12,2))-FIND(",",ROUND(E12,2))))*10,TRIM(RIGHT(ROUND(E12,2),LEN(ROUND(E12,2))-FIND(",",ROUND(E12,2))))*1)>=10^4,CHOOSE(LEFT(RIGHT(IF(LEN(TRIM(RIGHT(ROUND(E12,2),LEN(ROUND(E12,2))-FIND(",",ROUND(E12,2)))))<2,TRIM(RIGHT(ROUND(E12,2),LEN(ROUND(E12,2))-FIND(",",ROUND(E12,2))))*10,TRIM(RIGHT(ROUND(E12,2),LEN(ROUND(E12,2))-FIND(",",ROUND(E12,2))))*1),5),1)+1,"","on","yirmi","otuz","kırk","elli","altmış","yetmiş","seksen","doksan"),"")&IF(IF(LEN(TRIM(RIGHT(ROUND(E12,2),LEN(ROUND(E12,2))-FIND(",",ROUND(E12,2)))))<2,TRIM(RIGHT(ROUND(E12,2),LEN(ROUND(E12,2))-FIND(",",ROUND(E12,2))))*10,TRIM(RIGHT(ROUND(E12,2),LEN(ROUND(E12,2))-FIND(",",ROUND(E12,2))))*1)>=10^3,CHOOSE(LEFT(RIGHT(IF(LEN(TRIM(RIGHT(ROUND(E12,2),LEN(ROUND(E12,2))-FIND(",",ROUND(E12,2)))))<2,TRIM(RIGHT(ROUND(E12,2),LEN(ROUND(E12,2))-FIND(",",ROUND(E12,2))))*10,TRIM(RIGHT(ROUND(E12,2),LEN(ROUND(E12,2))-FIND(",",ROUND(E12,2))))*1),4),1)+1,"","","iki","üç","dört","beş","altı","yedi","sekiz","dokuz"),"")&IF(IF(LEN(TRIM(RIGHT(ROUND(E12,2),LEN(ROUND(E12,2))-FIND(",",ROUND(E12,2)))))<2,TRIM(RIGHT(ROUND(E12,2),LEN(ROUND(E12,2))-FIND(",",ROUND(E12,2))))*10,TRIM(RIGHT(ROUND(E12,2),LEN(ROUND(E12,2))-FIND(",",ROUND(E12,2))))*1)>=10,CHOOSE(LEFT(RIGHT(IF(LEN(TRIM(RIGHT(ROUND(E12,2),LEN(ROUND(E12,2))-FIND(",",ROUND(E12,2)))))<2,TRIM(RIGHT(ROUND(E12,2),LEN(ROUND(E12,2))-FIND(",",ROUND(E12,2))))*10,TRIM(RIGHT(ROUND(E12,2),LEN(ROUND(E12,2))-FIND(",",ROUND(E12,2))))*1),2),1)+1,"","on","yirmi","otuz","kırk","elli","altmış","yetmiş","seksen","doksan"),"")&CHOOSE(MOD(IF(LEN(TRIM(RIGHT(ROUND(E12,2),LEN(ROUND(E12,2))-FIND(",",ROUND(E12,2)))))<2,TRIM(RIGHT(ROUND(E12,2),LEN(ROUND(E12,2))-FIND(",",ROUND(E12,2))))*10,TRIM(RIGHT(ROUND(E12,2),LEN(ROUND(E12,2))-FIND(",",ROUND(E12,2))))*1),10)+1,"","bir","iki","üç","dört","beş","altı","yedi","sekiz","dokuz")) & " Kr") -> İkibin TL | G12: =G11 -> NAKDEN | H12: 10. Taksit
B13: 11 | C13: 44252 | D13: 44591 | E13: 2000 | F13: =PROPER(IF(IF(LEN(SUBSTITUTE(ROUND(E13,2), ",", ""))=LEN(ROUND(E13,2)),ROUND(E13,2),TRIM(LEFT(ROUND(E13,2),FIND(",",ROUND(E13,2))-1)))*1>=10^6,CHOOSE(LEFT(RIGHT(IF(LEN(SUBSTITUTE(ROUND(E13,2), ",", ""))=LEN(ROUND(E13,2)),ROUND(E13,2),TRIM(LEFT(ROUND(E13,2),FIND(",",ROUND(E13,2))-1)))*1,7),1)+1,"","birmilyon","ikimilyon","üçmilyon","dörtmilyon","beşmilyon","altımilyon","yedimilyon","sekizmilyon","dokuzmilyon"),"")&IF(IF(LEN(SUBSTITUTE(ROUND(E13,2), ",", ""))=LEN(ROUND(E13,2)),ROUND(E13,2),TRIM(LEFT(ROUND(E13,2),FIND(",",ROUND(E13,2))-1)))*1>=10^5,CHOOSE(LEFT(RIGHT(IF(LEN(SUBSTITUTE(ROUND(E13,2), ",", ""))=LEN(ROUND(E13,2)),ROUND(E13,2),TRIM(LEFT(ROUND(E13,2),FIND(",",ROUND(E13,2))-1)))*1,6),1)+1,"","yüz","ikiyüz","üçyüz","dörtyüz","beşyüz","altıyüz","yediyüz","sekizyüz","dokuzyüz"),"")&IF(IF(LEN(SUBSTITUTE(ROUND(E13,2), ",", ""))=LEN(ROUND(E13,2)),ROUND(E13,2),TRIM(LEFT(ROUND(E13,2),FIND(",",ROUND(E13,2))-1)))*1>=10^4,CHOOSE(LEFT(RIGHT(IF(LEN(SUBSTITUTE(ROUND(E13,2), ",", ""))=LEN(ROUND(E13,2)),ROUND(E13,2),TRIM(LEFT(ROUND(E13,2),FIND(",",ROUND(E13,2))-1)))*1,5),1)+1,"","on","yirmi","otuz","kırk","elli","altmış","yetmiş","seksen","doksan"),"")&IF(IF(LEN(SUBSTITUTE(ROUND(E13,2), ",", ""))=LEN(ROUND(E13,2)),ROUND(E13,2),TRIM(LEFT(ROUND(E13,2),FIND(",",ROUND(E13,2))-1)))*1>=10^3,CHOOSE(LEFT(RIGHT(IF(LEN(SUBSTITUTE(ROUND(E13,2), ",", ""))=LEN(ROUND(E13,2)),ROUND(E13,2),TRIM(LEFT(ROUND(E13,2),FIND(",",ROUND(E13,2))-1)))*1,4),1)+1,"","","iki","üç","dört","beş","altı","yedi","sekiz","dokuz"),"")&IF(AND(IF(LEN(SUBSTITUTE(ROUND(E13,2), ",", ""))=LEN(ROUND(E13,2)),ROUND(E13,2),TRIM(LEFT(ROUND(E13,2),FIND(",",ROUND(E13,2))-1)))*1>=10^3,VALUE(LEFT(RIGHT(IF(LEN(SUBSTITUTE(ROUND(E13,2), ",", ""))=LEN(ROUND(E13,2)),ROUND(E13,2),TRIM(LEFT(ROUND(E13,2),FIND(",",ROUND(E13,2))-1)))*1,6),3))>0),IF(AND(IF(LEN(SUBSTITUTE(ROUND(E13,2), ",", ""))=LEN(ROUND(E13,2)),ROUND(E13,2),TRIM(LEFT(ROUND(E13,2),FIND(",",ROUND(E13,2))-1)))*1>1999,LEFT(RIGHT(IF(LEN(SUBSTITUTE(ROUND(E13,2), ",", ""))=LEN(ROUND(E13,2)),ROUND(E13,2),TRIM(LEFT(ROUND(E13,2),FIND(",",ROUND(E13,2))-1)))*1,4),1)="1",LEFT(RIGHT(IF(LEN(SUBSTITUTE(ROUND(E13,2), ",", ""))=LEN(ROUND(E13,2)),ROUND(E13,2),TRIM(LEFT(ROUND(E13,2),FIND(",",ROUND(E13,2))-1)))*1,6),2)<>"00"),"birbin","bin"),"")&IF(IF(LEN(SUBSTITUTE(ROUND(E13,2), ",", ""))=LEN(ROUND(E13,2)),ROUND(E13,2),TRIM(LEFT(ROUND(E13,2),FIND(",",ROUND(E13,2))-1)))*1>=100,CHOOSE(LEFT(RIGHT(IF(LEN(SUBSTITUTE(ROUND(E13,2), ",", ""))=LEN(ROUND(E13,2)),ROUND(E13,2),TRIM(LEFT(ROUND(E13,2),FIND(",",ROUND(E13,2))-1)))*1,3),1)+1,"","yüz","ikiyüz","üçyüz","dörtyüz","beşyüz","altıyüz","yediyüz","sekizyüz","dokuzyüz"),"")&IF(IF(LEN(SUBSTITUTE(ROUND(E13,2), ",", ""))=LEN(ROUND(E13,2)),ROUND(E13,2),TRIM(LEFT(ROUND(E13,2),FIND(",",ROUND(E13,2))-1)))*1>=10,CHOOSE(LEFT(RIGHT(IF(LEN(SUBSTITUTE(ROUND(E13,2), ",", ""))=LEN(ROUND(E13,2)),ROUND(E13,2),TRIM(LEFT(ROUND(E13,2),FIND(",",ROUND(E13,2))-1)))*1,2),1)+1,"","on","yirmi","otuz","kırk","elli","altmış","yetmiş","seksen","doksan"),"")&CHOOSE(MOD(IF(LEN(SUBSTITUTE(ROUND(E13,2), ",", ""))=LEN(ROUND(E13,2)),ROUND(E13,2),TRIM(LEFT(ROUND(E13,2),FIND(",",ROUND(E13,2))-1)))*1,10)+1,"","bir","iki","üç","dört","beş","altı","yedi","sekiz","dokuz")) & " TL " & IF(OR(LEN(SUBSTITUTE(E13, ",", ""))=LEN(E13),LEN(SUBSTITUTE(ROUND(E13,2), ",", ""))=LEN(ROUND(E13,2))),"", PROPER(IF(IF(LEN(TRIM(RIGHT(ROUND(E13,2),LEN(ROUND(E13,2))-FIND(",",ROUND(E13,2)))))<2,TRIM(RIGHT(ROUND(E13,2),LEN(ROUND(E13,2))-FIND(",",ROUND(E13,2))))*10,TRIM(RIGHT(ROUND(E13,2),LEN(ROUND(E13,2))-FIND(",",ROUND(E13,2))))*1)>=10^5,CHOOSE(LEFT(RIGHT(IF(LEN(TRIM(RIGHT(ROUND(E13,2),LEN(ROUND(E13,2))-FIND(",",ROUND(E13,2)))))<2,TRIM(RIGHT(ROUND(E13,2),LEN(ROUND(E13,2))-FIND(",",ROUND(E13,2))))*10,TRIM(RIGHT(ROUND(E13,2),LEN(ROUND(E13,2))-FIND(",",ROUND(E13,2))))*1),6),1)+1,"","yüz","ikiyüz","üçyüz","dörtyüz","beşyüz","altıyüz","yediyüz","sekizyüz","dokuzyüz"),"")&IF(IF(LEN(TRIM(RIGHT(ROUND(E13,2),LEN(ROUND(E13,2))-FIND(",",ROUND(E13,2)))))<2,TRIM(RIGHT(ROUND(E13,2),LEN(ROUND(E13,2))-FIND(",",ROUND(E13,2))))*10,TRIM(RIGHT(ROUND(E13,2),LEN(ROUND(E13,2))-FIND(",",ROUND(E13,2))))*1)>=10^4,CHOOSE(LEFT(RIGHT(IF(LEN(TRIM(RIGHT(ROUND(E13,2),LEN(ROUND(E13,2))-FIND(",",ROUND(E13,2)))))<2,TRIM(RIGHT(ROUND(E13,2),LEN(ROUND(E13,2))-FIND(",",ROUND(E13,2))))*10,TRIM(RIGHT(ROUND(E13,2),LEN(ROUND(E13,2))-FIND(",",ROUND(E13,2))))*1),5),1)+1,"","on","yirmi","otuz","kırk","elli","altmış","yetmiş","seksen","doksan"),"")&IF(IF(LEN(TRIM(RIGHT(ROUND(E13,2),LEN(ROUND(E13,2))-FIND(",",ROUND(E13,2)))))<2,TRIM(RIGHT(ROUND(E13,2),LEN(ROUND(E13,2))-FIND(",",ROUND(E13,2))))*10,TRIM(RIGHT(ROUND(E13,2),LEN(ROUND(E13,2))-FIND(",",ROUND(E13,2))))*1)>=10^3,CHOOSE(LEFT(RIGHT(IF(LEN(TRIM(RIGHT(ROUND(E13,2),LEN(ROUND(E13,2))-FIND(",",ROUND(E13,2)))))<2,TRIM(RIGHT(ROUND(E13,2),LEN(ROUND(E13,2))-FIND(",",ROUND(E13,2))))*10,TRIM(RIGHT(ROUND(E13,2),LEN(ROUND(E13,2))-FIND(",",ROUND(E13,2))))*1),4),1)+1,"","","iki","üç","dört","beş","altı","yedi","sekiz","dokuz"),"")&IF(IF(LEN(TRIM(RIGHT(ROUND(E13,2),LEN(ROUND(E13,2))-FIND(",",ROUND(E13,2)))))<2,TRIM(RIGHT(ROUND(E13,2),LEN(ROUND(E13,2))-FIND(",",ROUND(E13,2))))*10,TRIM(RIGHT(ROUND(E13,2),LEN(ROUND(E13,2))-FIND(",",ROUND(E13,2))))*1)>=10,CHOOSE(LEFT(RIGHT(IF(LEN(TRIM(RIGHT(ROUND(E13,2),LEN(ROUND(E13,2))-FIND(",",ROUND(E13,2)))))<2,TRIM(RIGHT(ROUND(E13,2),LEN(ROUND(E13,2))-FIND(",",ROUND(E13,2))))*10,TRIM(RIGHT(ROUND(E13,2),LEN(ROUND(E13,2))-FIND(",",ROUND(E13,2))))*1),2),1)+1,"","on","yirmi","otuz","kırk","elli","altmış","yetmiş","seksen","doksan"),"")&CHOOSE(MOD(IF(LEN(TRIM(RIGHT(ROUND(E13,2),LEN(ROUND(E13,2))-FIND(",",ROUND(E13,2)))))<2,TRIM(RIGHT(ROUND(E13,2),LEN(ROUND(E13,2))-FIND(",",ROUND(E13,2))))*10,TRIM(RIGHT(ROUND(E13,2),LEN(ROUND(E13,2))-FIND(",",ROUND(E13,2))))*1),10)+1,"","bir","iki","üç","dört","beş","altı","yedi","sekiz","dokuz")) & " Kr") -> İkibin TL | G13: =G12 -> NAKDEN | H13: 11. Taksit
B14: 12 | C14: 44252 | D14: 44620 | E14: 2000 | F14: =PROPER(IF(IF(LEN(SUBSTITUTE(ROUND(E14,2), ",", ""))=LEN(ROUND(E14,2)),ROUND(E14,2),TRIM(LEFT(ROUND(E14,2),FIND(",",ROUND(E14,2))-1)))*1>=10^6,CHOOSE(LEFT(RIGHT(IF(LEN(SUBSTITUTE(ROUND(E14,2), ",", ""))=LEN(ROUND(E14,2)),ROUND(E14,2),TRIM(LEFT(ROUND(E14,2),FIND(",",ROUND(E14,2))-1)))*1,7),1)+1,"","birmilyon","ikimilyon","üçmilyon","dörtmilyon","beşmilyon","altımilyon","yedimilyon","sekizmilyon","dokuzmilyon"),"")&IF(IF(LEN(SUBSTITUTE(ROUND(E14,2), ",", ""))=LEN(ROUND(E14,2)),ROUND(E14,2),TRIM(LEFT(ROUND(E14,2),FIND(",",ROUND(E14,2))-1)))*1>=10^5,CHOOSE(LEFT(RIGHT(IF(LEN(SUBSTITUTE(ROUND(E14,2), ",", ""))=LEN(ROUND(E14,2)),ROUND(E14,2),TRIM(LEFT(ROUND(E14,2),FIND(",",ROUND(E14,2))-1)))*1,6),1)+1,"","yüz","ikiyüz","üçyüz","dörtyüz","beşyüz","altıyüz","yediyüz","sekizyüz","dokuzyüz"),"")&IF(IF(LEN(SUBSTITUTE(ROUND(E14,2), ",", ""))=LEN(ROUND(E14,2)),ROUND(E14,2),TRIM(LEFT(ROUND(E14,2),FIND(",",ROUND(E14,2))-1)))*1>=10^4,CHOOSE(LEFT(RIGHT(IF(LEN(SUBSTITUTE(ROUND(E14,2), ",", ""))=LEN(ROUND(E14,2)),ROUND(E14,2),TRIM(LEFT(ROUND(E14,2),FIND(",",ROUND(E14,2))-1)))*1,5),1)+1,"","on","yirmi","otuz","kırk","elli","altmış","yetmiş","seksen","doksan"),"")&IF(IF(LEN(SUBSTITUTE(ROUND(E14,2), ",", ""))=LEN(ROUND(E14,2)),ROUND(E14,2),TRIM(LEFT(ROUND(E14,2),FIND(",",ROUND(E14,2))-1)))*1>=10^3,CHOOSE(LEFT(RIGHT(IF(LEN(SUBSTITUTE(ROUND(E14,2), ",", ""))=LEN(ROUND(E14,2)),ROUND(E14,2),TRIM(LEFT(ROUND(E14,2),FIND(",",ROUND(E14,2))-1)))*1,4),1)+1,"","","iki","üç","dört","beş","altı","yedi","sekiz","dokuz"),"")&IF(AND(IF(LEN(SUBSTITUTE(ROUND(E14,2), ",", ""))=LEN(ROUND(E14,2)),ROUND(E14,2),TRIM(LEFT(ROUND(E14,2),FIND(",",ROUND(E14,2))-1)))*1>=10^3,VALUE(LEFT(RIGHT(IF(LEN(SUBSTITUTE(ROUND(E14,2), ",", ""))=LEN(ROUND(E14,2)),ROUND(E14,2),TRIM(LEFT(ROUND(E14,2),FIND(",",ROUND(E14,2))-1)))*1,6),3))>0),IF(AND(IF(LEN(SUBSTITUTE(ROUND(E14,2), ",", ""))=LEN(ROUND(E14,2)),ROUND(E14,2),TRIM(LEFT(ROUND(E14,2),FIND(",",ROUND(E14,2))-1)))*1>1999,LEFT(RIGHT(IF(LEN(SUBSTITUTE(ROUND(E14,2), ",", ""))=LEN(ROUND(E14,2)),ROUND(E14,2),TRIM(LEFT(ROUND(E14,2),FIND(",",ROUND(E14,2))-1)))*1,4),1)="1",LEFT(RIGHT(IF(LEN(SUBSTITUTE(ROUND(E14,2), ",", ""))=LEN(ROUND(E14,2)),ROUND(E14,2),TRIM(LEFT(ROUND(E14,2),FIND(",",ROUND(E14,2))-1)))*1,6),2)<>"00"),"birbin","bin"),"")&IF(IF(LEN(SUBSTITUTE(ROUND(E14,2), ",", ""))=LEN(ROUND(E14,2)),ROUND(E14,2),TRIM(LEFT(ROUND(E14,2),FIND(",",ROUND(E14,2))-1)))*1>=100,CHOOSE(LEFT(RIGHT(IF(LEN(SUBSTITUTE(ROUND(E14,2), ",", ""))=LEN(ROUND(E14,2)),ROUND(E14,2),TRIM(LEFT(ROUND(E14,2),FIND(",",ROUND(E14,2))-1)))*1,3),1)+1,"","yüz","ikiyüz","üçyüz","dörtyüz","beşyüz","altıyüz","yediyüz","sekizyüz","dokuzyüz"),"")&IF(IF(LEN(SUBSTITUTE(ROUND(E14,2), ",", ""))=LEN(ROUND(E14,2)),ROUND(E14,2),TRIM(LEFT(ROUND(E14,2),FIND(",",ROUND(E14,2))-1)))*1>=10,CHOOSE(LEFT(RIGHT(IF(LEN(SUBSTITUTE(ROUND(E14,2), ",", ""))=LEN(ROUND(E14,2)),ROUND(E14,2),TRIM(LEFT(ROUND(E14,2),FIND(",",ROUND(E14,2))-1)))*1,2),1)+1,"","on","yirmi","otuz","kırk","elli","altmış","yetmiş","seksen","doksan"),"")&CHOOSE(MOD(IF(LEN(SUBSTITUTE(ROUND(E14,2), ",", ""))=LEN(ROUND(E14,2)),ROUND(E14,2),TRIM(LEFT(ROUND(E14,2),FIND(",",ROUND(E14,2))-1)))*1,10)+1,"","bir","iki","üç","dört","beş","altı","yedi","sekiz","dokuz")) & " TL " & IF(OR(LEN(SUBSTITUTE(E14, ",", ""))=LEN(E14),LEN(SUBSTITUTE(ROUND(E14,2), ",", ""))=LEN(ROUND(E14,2))),"", PROPER(IF(IF(LEN(TRIM(RIGHT(ROUND(E14,2),LEN(ROUND(E14,2))-FIND(",",ROUND(E14,2)))))<2,TRIM(RIGHT(ROUND(E14,2),LEN(ROUND(E14,2))-FIND(",",ROUND(E14,2))))*10,TRIM(RIGHT(ROUND(E14,2),LEN(ROUND(E14,2))-FIND(",",ROUND(E14,2))))*1)>=10^5,CHOOSE(LEFT(RIGHT(IF(LEN(TRIM(RIGHT(ROUND(E14,2),LEN(ROUND(E14,2))-FIND(",",ROUND(E14,2)))))<2,TRIM(RIGHT(ROUND(E14,2),LEN(ROUND(E14,2))-FIND(",",ROUND(E14,2))))*10,TRIM(RIGHT(ROUND(E14,2),LEN(ROUND(E14,2))-FIND(",",ROUND(E14,2))))*1),6),1)+1,"","yüz","ikiyüz","üçyüz","dörtyüz","beşyüz","altıyüz","yediyüz","sekizyüz","dokuzyüz"),"")&IF(IF(LEN(TRIM(RIGHT(ROUND(E14,2),LEN(ROUND(E14,2))-FIND(",",ROUND(E14,2)))))<2,TRIM(RIGHT(ROUND(E14,2),LEN(ROUND(E14,2))-FIND(",",ROUND(E14,2))))*10,TRIM(RIGHT(ROUND(E14,2),LEN(ROUND(E14,2))-FIND(",",ROUND(E14,2))))*1)>=10^4,CHOOSE(LEFT(RIGHT(IF(LEN(TRIM(RIGHT(ROUND(E14,2),LEN(ROUND(E14,2))-FIND(",",ROUND(E14,2)))))<2,TRIM(RIGHT(ROUND(E14,2),LEN(ROUND(E14,2))-FIND(",",ROUND(E14,2))))*10,TRIM(RIGHT(ROUND(E14,2),LEN(ROUND(E14,2))-FIND(",",ROUND(E14,2))))*1),5),1)+1,"","on","yirmi","otuz","kırk","elli","altmış","yetmiş","seksen","doksan"),"")&IF(IF(LEN(TRIM(RIGHT(ROUND(E14,2),LEN(ROUND(E14,2))-FIND(",",ROUND(E14,2)))))<2,TRIM(RIGHT(ROUND(E14,2),LEN(ROUND(E14,2))-FIND(",",ROUND(E14,2))))*10,TRIM(RIGHT(ROUND(E14,2),LEN(ROUND(E14,2))-FIND(",",ROUND(E14,2))))*1)>=10^3,CHOOSE(LEFT(RIGHT(IF(LEN(TRIM(RIGHT(ROUND(E14,2),LEN(ROUND(E14,2))-FIND(",",ROUND(E14,2)))))<2,TRIM(RIGHT(ROUND(E14,2),LEN(ROUND(E14,2))-FIND(",",ROUND(E14,2))))*10,TRIM(RIGHT(ROUND(E14,2),LEN(ROUND(E14,2))-FIND(",",ROUND(E14,2))))*1),4),1)+1,"","","iki","üç","dört","beş","altı","yedi","sekiz","dokuz"),"")&IF(IF(LEN(TRIM(RIGHT(ROUND(E14,2),LEN(ROUND(E14,2))-FIND(",",ROUND(E14,2)))))<2,TRIM(RIGHT(ROUND(E14,2),LEN(ROUND(E14,2))-FIND(",",ROUND(E14,2))))*10,TRIM(RIGHT(ROUND(E14,2),LEN(ROUND(E14,2))-FIND(",",ROUND(E14,2))))*1)>=10,CHOOSE(LEFT(RIGHT(IF(LEN(TRIM(RIGHT(ROUND(E14,2),LEN(ROUND(E14,2))-FIND(",",ROUND(E14,2)))))<2,TRIM(RIGHT(ROUND(E14,2),LEN(ROUND(E14,2))-FIND(",",ROUND(E14,2))))*10,TRIM(RIGHT(ROUND(E14,2),LEN(ROUND(E14,2))-FIND(",",ROUND(E14,2))))*1),2),1)+1,"","on","yirmi","otuz","kırk","elli","altmış","yetmiş","seksen","doksan"),"")&CHOOSE(MOD(IF(LEN(TRIM(RIGHT(ROUND(E14,2),LEN(ROUND(E14,2))-FIND(",",ROUND(E14,2)))))<2,TRIM(RIGHT(ROUND(E14,2),LEN(ROUND(E14,2))-FIND(",",ROUND(E14,2))))*10,TRIM(RIGHT(ROUND(E14,2),LEN(ROUND(E14,2))-FIND(",",ROUND(E14,2))))*1),10)+1,"","bir","iki","üç","dört","beş","altı","yedi","sekiz","dokuz")) & " Kr") -> İkibin TL | G14: =G13 -> NAKDEN | H14: 12. Taksit

Sheet Senet Önizleme
D2: Senedin | E2: =$D9 &" - Taksit No: " & $D4&" " -> Bursa Fabrika Satış Mağazası – Adem Duman - Taksit No: # 1 # | G2: Ödeme Günü | I2: Türk Lirası | J2: Kuruş | M2: No | O2: Düzenleme Tarihi
D3: No: | G3: =D17 -> 44285 | I3: =D6 -> # 2.000 TL # | J3: =D7 -> # Krş # | M3: =D4 -> # 1 # | O3: =D19 -> 44252
D4: ="# "&TEXT(INT('Senet Taksit Giriş'!B3),"##.##0")&" #" -> # 1 #
D5: Tutarı | F5: =" İş bu emre muharrer senedim"&IF('Senet Borçlu Alacaklı Giriş'!$C$4="Gerçek Kişi","in","izin")&" mükabilinde "&TEXT(G3,"dd mmmm yyyy")&" tarihinde Sayın : "&'Senet Borçlu Alacaklı Giriş'!$C$1&" 'ya veyahut emruhavalesine yukarıda yazılı Yalnız # "&'Senet Taksit Giriş'!F3&" # ödeyeceği"&IF('Senet Borçlu Alacaklı Giriş'!$C$4="Gerçek Kişi","m.","z.")&" Bedeli "&'Senet Taksit Giriş'!G3&" ahzolunmuştur. İş bu bono vadesinde ödenmediği taktirde; iş bu bononun düzenleme tarihinin temerrüt başlangıç tarihi olarak kabul edileceğini, müteakip bonolarında muacceliyet kesbedeceğini,"&" ihtilaf vukuunda "&'Senet Borçlu Alacaklı Giriş'!$C$2&" mahkemelerinin selahiyetini şimdiden kabul eyleri"&IF('Senet Borçlu Alacaklı Giriş'!$C$4="Gerçek Kişi","m.","z.") -> İş bu emre muharrer senedimizin mükabilinde 00 mmmm 2021 tarihinde Sayın : HACI MURAT BALCI 'ya veyahut emruhavalesine yukarıda yazılı Yalnız # İkibin TL # ödeyeceğiz. Bedeli NAKDEN ahzolunmuştur. İş bu bono vadesinde ödenmediği taktirde; iş bu bononun düzenleme tarihinin temerrüt başlangıç tarihi olarak kabul edileceğini, müteakip bonolarında muacceliyet kesbedeceğini, ihtilaf vukuunda TOKAT mahkemelerinin selahiyetini şimdiden kabul eyleriz.
D6: ="# "&TEXT(INT('Senet Taksit Giriş'!E3),"##.##0")&" TL #" -> # 2.000 TL #
D7: ="# "&TEXT(('Senet Taksit Giriş'!E3-INT('Senet Taksit Giriş'!E3))*100,"##.##")&" Krş #" -> # Krş #
D8: Borçlu:
D9: ='Senet Borçlu Alacaklı Giriş'!C5 -> Bursa Fabrika Satış Mağazası – Adem Duman
F10: ÖDEYECEK | G10: ="İsim : "&$D9 -> İsim : Bursa Fabrika Satış Mağazası – Adem Duman
G11: ="Adres : " &'Senet Borçlu Alacaklı Giriş'!$C$6 -> Adres : Hızarhane Cad. No:5 TOKAT
L12: İmza
G13: ="Vergi Dairesi : "&'Senet Borçlu Alacaklı Giriş'!$C$7 -> Vergi Dairesi : Tokat
G14: ="Vergi No / TC Kimlik No : "&'Senet Borçlu Alacaklı Giriş'!$C$8 -> Vergi No / TC Kimlik No : 341 3267 6260
F15: KEFİL | G15: ="İsim Unvan : "&'Senet Borçlu Alacaklı Giriş'!$C$9 -> İsim Unvan : Adem Duman
D16: Vade | G16: ="Adres : " &'Senet Borçlu Alacaklı Giriş'!$C$10 -> Adres : Esentepe Mah. Şehit Ulaşar Cad. Belde Sitesi B Blk. K1: D:3 TOKAT
D17: ='Senet Taksit Giriş'!D3 -> 44285 | L17: İmza
D18: Tarih | G18: ="Vergi Dairesi : "&'Senet Borçlu Alacaklı Giriş'!$C$11 -> Vergi Dairesi : Tokat
D19: ='Senet Taksit Giriş'!C3 -> 44252 | G19: ="Vergi No / TC Kimlik No : "&'Senet Borçlu Alacaklı Giriş'!$C$12 -> Vergi No / TC Kimlik No : 341 3267 6260
D23: Senedin | E23: =$D30 &" - Taksit No: " & $D25&" " -> Bursa Fabrika Satış Mağazası – Adem Duman - Taksit No: # 2 # | G23: Ödeme Günü | I23: Türk Lirası | J23: Kuruş | M23: No | O23: Düzenleme Tarihi
D24: No: | G24: =D38 -> 44316 | I24: =D27 -> # 2.000 TL # | J24: =D28 -> # Krş # | M24: =D25 -> # 2 # | O24: =D40 -> 44252
D25: ="# "&TEXT(INT('Senet Taksit Giriş'!B4),"##.##0")&" #" -> # 2 #
D26: Tutarı | F26: =" İş bu emre muharrer senedim"&IF('Senet Borçlu Alacaklı Giriş'!$C$4="Gerçek Kişi","in","izin")&" mükabilinde "&TEXT(G24,"dd mmmm yyyy")&" tarihinde Sayın : "&'Senet Borçlu Alacaklı Giriş'!$C$1&" 'ya veyahut emruhavalesine yukarıda yazılı Yalnız # "&'Senet Taksit Giriş'!F4&" # ödeyeceği"&IF('Senet Borçlu Alacaklı Giriş'!$C$4="Gerçek Kişi","m.","z.")&" Bedeli "&'Senet Taksit Giriş'!G4&" ahzolunmuştur. İş bu bono vadesinde ödenmediği taktirde; iş bu bononun düzenleme tarihinin temerrüt başlangıç tarihi olarak kabul edileceğini, müteakip bonolarında muacceliyet kesbedeceğini,"&" ihtilaf vukuunda "&'Senet Borçlu Alacaklı Giriş'!$C$2&" mahkemelerinin selahiyetini şimdiden kabul eyleri"&IF('Senet Borçlu Alacaklı Giriş'!$C$4="Gerçek Kişi","m.","z.") -> İş bu emre muharrer senedimizin mükabilinde 00 mmmm 2021 tarihinde Sayın : HACI MURAT BALCI 'ya veyahut emruhavalesine yukarıda yazılı Yalnız # İkibin TL # ödeyeceğiz. Bedeli NAKDEN ahzolunmuştur. İş bu bono vadesinde ödenmediği taktirde; iş bu bononun düzenleme tarihinin temerrüt başlangıç tarihi olarak kabul edileceğini, müteakip bonolarında muacceliyet kesbedeceğini, ihtilaf vukuunda TOKAT mahkemelerinin selahiyetini şimdiden kabul eyleriz.
D27: ="# "&TEXT(INT('Senet Taksit Giriş'!E4),"##.##0")&" TL #" -> # 2.000 TL #
D28: ="# "&TEXT(('Senet Taksit Giriş'!E24-INT('Senet Taksit Giriş'!E24))*100,"##.##")&" Krş #" -> # Krş #
D29: Borçlu:
D30: =$D$9 -> Bursa Fabrika Satış Mağazası – Adem Duman
F31: ÖDEYECEK | G31: ="İsim : "&$D30 -> İsim : Bursa Fabrika Satış Mağazası – Adem Duman
G32: ="Adres : " &'Senet Borçlu Alacaklı Giriş'!$C$6 -> Adres : Hızarhane Cad. No:5 TOKAT
L33: İmza
G34: ="Vergi Dairesi : "&'Senet Borçlu Alacaklı Giriş'!$C$7 -> Vergi Dairesi : Tokat
G35: ="Vergi No / TC Kimlik No : "&'Senet Borçlu Alacaklı Giriş'!$C$8 -> Vergi No / TC Kimlik No : 341 3267 6260
F36: KEFİL | G36: ="İsim Unvan : "&'Senet Borçlu Alacaklı Giriş'!$C$9 -> İsim Unvan : Adem Duman
D37: Vade | G37: ="Adres : " &'Senet Borçlu Alacaklı Giriş'!$C$10 -> Adres : Esentepe Mah. Şehit Ulaşar Cad. Belde Sitesi B Blk. K1: D:3 TOKAT
D38: ='Senet Taksit Giriş'!D4 -> 44316 | L38: İmza
D39: Tarih | G39: ="Vergi Dairesi : "&'Senet Borçlu Alacaklı Giriş'!$C$11 -> Vergi Dairesi : Tokat
D40: ='Senet Taksit Giriş'!C4 -> 44252 | G40: ="Vergi No / TC Kimlik No : "&'Senet Borçlu Alacaklı Giriş'!$C$12 -> Vergi No / TC Kimlik No : 341 3267 6260
D44: Senedin | E44: =$D51 &" - Taksit No: " & $D46&" " -> Bursa Fabrika Satış Mağazası – Adem Duman - Taksit No: # 3 # | G44: Ödeme Günü | I44: Türk Lirası | J44: Kuruş | M44: No | O44: Düzenleme Tarihi
D45: No: | G45: =D59 -> 44346 | I45: =D48 -> # 2.000 TL # | J45: =D49 -> # Krş # | M45: =D46 -> # 3 # | O45: =D61 -> 44252
D46: ="# "&TEXT(INT('Senet Taksit Giriş'!B5),"##.##0")&" #" -> # 3 #
D47: Tutarı | F47: =" İş bu emre muharrer senedim"&IF('Senet Borçlu Alacaklı Giriş'!$C$4="Gerçek Kişi","in","izin")&" mükabilinde "&TEXT(G45,"dd mmmm yyyy")&" tarihinde Sayın : "&'Senet Borçlu Alacaklı Giriş'!$C$1&" 'ya veyahut emruhavalesine yukarıda yazılı Yalnız # "&'Senet Taksit Giriş'!F5&" # ödeyeceği"&IF('Senet Borçlu Alacaklı Giriş'!$C$4="Gerçek Kişi","m.","z.")&" Bedeli "&'Senet Taksit Giriş'!G5&" ahzolunmuştur. İş bu bono vadesinde ödenmediği taktirde; iş bu bononun düzenleme tarihinin temerrüt başlangıç tarihi olarak kabul edileceğini, müteakip bonolarında muacceliyet kesbedeceğini,"&" ihtilaf vukuunda "&'Senet Borçlu Alacaklı Giriş'!$C$2&" mahkemelerinin selahiyetini şimdiden kabul eyleri"&IF('Senet Borçlu Alacaklı Giriş'!$C$4="Gerçek Kişi","m.","z.") -> İş bu emre muharrer senedimizin mükabilinde 00 mmmm 2021 tarihinde Sayın : HACI MURAT BALCI 'ya veyahut emruhavalesine yukarıda yazılı Yalnız # İkibin TL # ödeyeceğiz. Bedeli NAKDEN ahzolunmuştur. İş bu bono vadesinde ödenmediği taktirde; iş bu bononun düzenleme tarihinin temerrüt başlangıç tarihi olarak kabul edileceğini, müteakip bonolarında muacceliyet kesbedeceğini, ihtilaf vukuunda TOKAT mahkemelerinin selahiyetini şimdiden kabul eyleriz.
D48: ="# "&TEXT(INT('Senet Taksit Giriş'!E5),"##.##0")&" TL #" -> # 2.000 TL #
D49: ="# "&TEXT(('Senet Taksit Giriş'!E46-INT('Senet Taksit Giriş'!E46))*100,"##.##")&" Krş #" -> # Krş #
D50: Borçlu:
D51: =$D$9 -> Bursa Fabrika Satış Mağazası – Adem Duman
F52: ÖDEYECEK | G52: ="İsim : "&$D51 -> İsim : Bursa Fabrika Satış Mağazası – Adem Duman
G53: ="Adres : " &'Senet Borçlu Alacaklı Giriş'!$C$6 -> Adres : Hızarhane Cad. No:5 TOKAT
L54: İmza
G55: ="Vergi Dairesi : "&'Senet Borçlu Alacaklı Giriş'!$C$7 -> Vergi Dairesi : Tokat
G56: ="Vergi No / TC Kimlik No : "&'Senet Borçlu Alacaklı Giriş'!$C$8 -> Vergi No / TC Kimlik No : 341 3267 6260
F57: KEFİL | G57: ="İsim Unvan : "&'Senet Borçlu Alacaklı Giriş'!$C$9 -> İsim Unvan : Adem Duman
D58: Vade | G58: ="Adres : " &'Senet Borçlu Alacaklı Giriş'!$C$10 -> Adres : Esentepe Mah. Şehit Ulaşar Cad. Belde Sitesi B Blk. K1: D:3 TOKAT
D59: ='Senet Taksit Giriş'!D5 -> 44346 | L59: İmza
D60: Tarih | G60: ="Vergi Dairesi : "&'Senet Borçlu Alacaklı Giriş'!$C$11 -> Vergi Dairesi : Tokat
D61: ='Senet Taksit Giriş'!C5 -> 44252 | G61: ="Vergi No / TC Kimlik No : "&'Senet Borçlu Alacaklı Giriş'!$C$12 -> Vergi No / TC Kimlik No : 341 3267 6260
D64: Senedin | E64: =$D71 &" - Taksit No: " & $D66&" " -> Bursa Fabrika Satış Mağazası – Adem Duman - Taksit No: # 4 # | G64: Ödeme Günü | I64: Türk Lirası | J64: Kuruş | M64: No | O64: Düzenleme Tarihi
D65: No: | G65: =D79 -> 44377 | I65: =D68 -> # 2.000 TL # | J65: =D69 -> # Krş # | M65: =D66 -> # 4 # | O65: =D81 -> 44252
D66: ="# "&TEXT(INT('Senet Taksit Giriş'!B6),"##.##0")&" #" -> # 4 #
D67: Tutarı | F67: =" İş bu emre muharrer senedim"&IF('Senet Borçlu Alacaklı Giriş'!$C$4="Gerçek Kişi","in","izin")&" mükabilinde "&TEXT(G65,"dd mmmm yyyy")&" tarihinde Sayın : "&'Senet Borçlu Alacaklı Giriş'!$C$1&" 'ya veyahut emruhavalesine yukarıda yazılı Yalnız # "&'Senet Taksit Giriş'!F6&" # ödeyeceği"&IF('Senet Borçlu Alacaklı Giriş'!$C$4="Gerçek Kişi","m.","z.")&" Bedeli "&'Senet Taksit Giriş'!G6&" ahzolunmuştur. İş bu bono vadesinde ödenmediği taktirde; iş bu bononun düzenleme tarihinin temerrüt başlangıç tarihi olarak kabul edileceğini, müteakip bonolarında muacceliyet kesbedeceğini,"&" ihtilaf vukuunda "&'Senet Borçlu Alacaklı Giriş'!$C$2&" mahkemelerinin selahiyetini şimdiden kabul eyleri"&IF('Senet Borçlu Alacaklı Giriş'!$C$4="Gerçek Kişi","m.","z.") -> İş bu emre muharrer senedimizin mükabilinde 00 mmmm 2021 tarihinde Sayın : HACI MURAT BALCI 'ya veyahut emruhavalesine yukarıda yazılı Yalnız # İkibin TL # ödeyeceğiz. Bedeli NAKDEN ahzolunmuştur. İş bu bono vadesinde ödenmediği taktirde; iş bu bononun düzenleme tarihinin temerrüt başlangıç tarihi olarak kabul edileceğini, müteakip bonolarında muacceliyet kesbedeceğini, ihtilaf vukuunda TOKAT mahkemelerinin selahiyetini şimdiden kabul eyleriz.
D68: ="# "&TEXT(INT('Senet Taksit Giriş'!E6),"##.##0")&" TL #" -> # 2.000 TL #
D69: ="# "&TEXT(('Senet Taksit Giriş'!E68-INT('Senet Taksit Giriş'!E68))*100,"##.##")&" Krş #" -> # Krş #
D70: Borçlu:
D71: =$D$9 -> Bursa Fabrika Satış Mağazası – Adem Duman
F72: ÖDEYECEK | G72: ="İsim : "&$D71 -> İsim : Bursa Fabrika Satış Mağazası – Adem Duman
G73: ="Adres : " &'Senet Borçlu Alacaklı Giriş'!$C$6 -> Adres : Hızarhane Cad. No:5 TOKAT
L74: İmza
G75: ="Vergi Dairesi : "&'Senet Borçlu Alacaklı Giriş'!$C$7 -> Vergi Dairesi : Tokat
G76: ="Vergi No / TC Kimlik No : "&'Senet Borçlu Alacaklı Giriş'!$C$8 -> Vergi No / TC Kimlik No : 341 3267 6260
F77: KEFİL | G77: ="İsim Unvan : "&'Senet Borçlu Alacaklı Giriş'!$C$9 -> İsim Unvan : Adem Duman
D78: Vade | G78: ="Adres : " &'Senet Borçlu Alacaklı Giriş'!$C$10 -> Adres : Esentepe Mah. Şehit Ulaşar Cad. Belde Sitesi B Blk. K1: D:3 TOKAT
D79: ='Senet Taksit Giriş'!D6 -> 44377 | L79: İmza
D80: Tarih | G80: ="Vergi Dairesi : "&'Senet Borçlu Alacaklı Giriş'!$C$11 -> Vergi Dairesi : Tokat
D81: ='Senet Taksit Giriş'!C6 -> 44252 | G81: ="Vergi No / TC Kimlik No : "&'Senet Borçlu Alacaklı Giriş'!$C$12 -> Vergi No / TC Kimlik No : 341 3267 6260
D85: Senedin | E85: =$D92 &" - Taksit No: " & $D87&" " -> Bursa Fabrika Satış Mağazası – Adem Duman - Taksit No: # 5 # | G85: Ödeme Günü | I85: Türk Lirası | J85: Kuruş | M85: No | O85: Düzenleme Tarihi
D86: No: | G86: =D100 -> 44407 | I86: =D89 -> # 14.000 TL # | J86: =D90 -> # Krş # | M86: =D87 -> # 5 # | O86: =D102 -> 44252
D87: ="# "&TEXT(INT('Senet Taksit Giriş'!B7),"##.##0")&" #" -> # 5 #
D88: Tutarı | F88: =" İş bu emre muharrer senedim"&IF('Senet Borçlu Alacaklı Giriş'!$C$4="Gerçek Kişi","in","izin")&" mükabilinde "&TEXT(G86,"dd mmmm yyyy")&" tarihinde Sayın : "&'Senet Borçlu Alacaklı Giriş'!$C$1&" 'ya veyahut emruhavalesine yukarıda yazılı Yalnız # "&'Senet Taksit Giriş'!F7&" # ödeyeceği"&IF('Senet Borçlu Alacaklı Giriş'!$C$4="Gerçek Kişi","m.","z.")&" Bedeli "&'Senet Taksit Giriş'!G7&" ahzolunmuştur. İş bu bono vadesinde ödenmediği taktirde; iş bu bononun düzenleme tarihinin temerrüt başlangıç tarihi olarak kabul edileceğini, müteakip bonolarında muacceliyet kesbedeceğini,"&" ihtilaf vukuunda "&'Senet Borçlu Alacaklı Giriş'!$C$2&" mahkemelerinin selahiyetini şimdiden kabul eyleri"&IF('Senet Borçlu Alacaklı Giriş'!$C$4="Gerçek Kişi","m.","z.") -> İş bu emre muharrer senedimizin mükabilinde 00 mmmm 2021 tarihinde Sayın : HACI MURAT BALCI 'ya veyahut emruhavalesine yukarıda yazılı Yalnız # Ondörtbin TL # ödeyeceğiz. Bedeli NAKDEN ahzolunmuştur. İş bu bono vadesinde ödenmediği taktirde; iş bu bononun düzenleme tarihinin temerrüt başlangıç tarihi olarak kabul edileceğini, müteakip bonolarında muacceliyet kesbedeceğini, ihtilaf vukuunda TOKAT mahkemelerinin selahiyetini şimdiden kabul eyleriz.
D89: ="# "&TEXT(INT('Senet Taksit Giriş'!E7),"##.##0")&" TL #" -> # 14.000 TL #
D90: ="# "&TEXT(('Senet Taksit Giriş'!E90-INT('Senet Taksit Giriş'!E90))*100,"##.##")&" Krş #" -> # Krş #
D91: Borçlu:
D92: =$D$9 -> Bursa Fabrika Satış Mağazası – Adem Duman
F93: ÖDEYECEK | G93: ="İsim : "&$D92 -> İsim : Bursa Fabrika Satış Mağazası – Adem Duman
G94: ="Adres : " &'Senet Borçlu Alacaklı Giriş'!$C$6 -> Adres : Hızarhane Cad. No:5 TOKAT
L95: İmza
G96: ="Vergi Dairesi : "&'Senet Borçlu Alacaklı Giriş'!$C$7 -> Vergi Dairesi : Tokat
G97: ="Vergi No / TC Kimlik No : "&'Senet Borçlu Alacaklı Giriş'!$C$8 -> Vergi No / TC Kimlik No : 341 3267 6260
F98: KEFİL | G98: ="İsim Unvan : "&'Senet Borçlu Alacaklı Giriş'!$C$9 -> İsim Unvan : Adem Duman
D99: Vade | G99: ="Adres : " &'Senet Borçlu Alacaklı Giriş'!$C$10 -> Adres : Esentepe Mah. Şehit Ulaşar Cad. Belde Sitesi B Blk. K1: D:3 TOKAT
D100: ='Senet Taksit Giriş'!D7 -> 44407 | L100: İmza
D101: Tarih | G101: ="Vergi Dairesi : "&'Senet Borçlu Alacaklı Giriş'!$C$11 -> Vergi Dairesi : Tokat
D102: ='Senet Taksit Giriş'!C7 -> 44252 | G102: ="Vergi No / TC Kimlik No : "&'Senet Borçlu Alacaklı Giriş'!$C$12 -> Vergi No / TC Kimlik No : 341 3267 6260
D106: Senedin | E106: =$D113 &" - Taksit No: " & $D108&" " -> Bursa Fabrika Satış Mağazası – Adem Duman - Taksit No: # 6 # | G106: Ödeme Günü | I106: Türk Lirası | J106: Kuruş | M106: No | O106: Düzenleme Tarihi
D107: No: | G107: =D121 -> 44438 | I107: =D110 -> # 2.000 TL # | J107: =D111 -> # Krş # | M107: =D108 -> # 6 # | O107: =D123 -> 44252
D108: ="# "&TEXT(INT('Senet Taksit Giriş'!B8),"##.##0")&" #" -> # 6 #
D109: Tutarı | F109: =" İş bu emre muharrer senedim"&IF('Senet Borçlu Alacaklı Giriş'!$C$4="Gerçek Kişi","in","izin")&" mükabilinde "&TEXT(G107,"dd mmmm yyyy")&" tarihinde Sayın : "&'Senet Borçlu Alacaklı Giriş'!$C$1&" 'ya veyahut emruhavalesine yukarıda yazılı Yalnız # "&'Senet Taksit Giriş'!F8&" # ödeyeceği"&IF('Senet Borçlu Alacaklı Giriş'!$C$4="Gerçek Kişi","m.","z.")&" Bedeli "&'Senet Taksit Giriş'!G8&" ahzolunmuştur. İş bu bono vadesinde ödenmediği taktirde; iş bu bononun düzenleme tarihinin temerrüt başlangıç tarihi olarak kabul edileceğini, müteakip bonolarında muacceliyet kesbedeceğini,"&" ihtilaf vukuunda "&'Senet Borçlu Alacaklı Giriş'!$C$2&" mahkemelerinin selahiyetini şimdiden kabul eyleri"&IF('Senet Borçlu Alacaklı Giriş'!$C$4="Gerçek Kişi","m.","z.") -> İş bu emre muharrer senedimizin mükabilinde 00 mmmm 2021 tarihinde Sayın : HACI MURAT BALCI 'ya veyahut emruhavalesine yukarıda yazılı Yalnız # İkibin TL # ödeyeceğiz. Bedeli NAKDEN ahzolunmuştur. İş bu bono vadesinde ödenmediği taktirde; iş bu bononun düzenleme tarihinin temerrüt başlangıç tarihi olarak kabul edileceğini, müteakip bonolarında muacceliyet kesbedeceğini, ihtilaf vukuunda TOKAT mahkemelerinin selahiyetini şimdiden kabul eyleriz.
D110: ="# "&TEXT(INT('Senet Taksit Giriş'!E8),"##.##0")&" TL #" -> # 2.000 TL #
D111: ="# "&TEXT(('Senet Taksit Giriş'!E111-INT('Senet Taksit Giriş'!E111))*100,"##.##")&" Krş #" -> # Krş #
D112: Borçlu:
D113: =$D$9 -> Bursa Fabrika Satış Mağazası – Adem Duman
F114: ÖDEYECEK | G114: ="İsim : "&$D113 -> İsim : Bursa Fabrika Satış Mağazası – Adem Duman
G115: ="Adres : " &'Senet Borçlu Alacaklı Giriş'!$C$6 -> Adres : Hızarhane Cad. No:5 TOKAT
...
